confirmados_pdia;confirmados_pdia_14d;confirmados_pdia_7d;total_confirmados;fallecidos;curados;cod_cuando;cod_quien_profesionales
4;10;6;4;0;7;28;1
0;0;0;0;0;1;28;2
0;1;0;0;0;2;28;3
0;3;0;0;0;2;28;4
0;3;1;0;0;2;28;5
1;3;1;1;0;0;28;6
1;28;4;1;0;5;28;7
0;1;1;0;0;0;28;8
0;2;0;0;0;0;28;9
-1;36;1;-1;0;25;28;10
3;36;14;3;0;17;28;11
0;10;2;0;0;3;28;12
1;4;1;1;0;2;28;13
0;4;3;0;0;0;28;14
0;12;3;0;0;4;28;15
0;2;0;0;0;0;28;16
0;9;0;0;0;0;28;17
0;9;0;0;0;9;28;18
1;2;1;1;0;2;28;19
2;48;0;2;0;27;28;20
11;19;6;11;0;25;29;1
1;1;0;1;0;2;29;2
4;4;1;4;0;6;29;3
1;1;0;1;0;4;29;4
2;4;1;2;0;5;29;5
0;3;0;0;0;0;29;6
20;24;7;20;0;11;29;7
3;3;1;3;0;2;29;8
2;3;1;2;0;1;29;9
26;37;8;26;0;59;29;10
19;40;11;19;0;66;29;11
13;17;6;13;0;17;29;12
5;7;3;5;0;11;29;13
2;5;0;2;0;8;29;14
10;16;6;10;0;23;29;15
0;0;0;0;0;0;29;16
3;3;1;3;0;6;29;17
12;15;7;12;0;32;29;18
2;3;2;2;0;2;29;19
72;85;17;72;0;98;29;20
1;18;3;1;0;4;30;1
1;1;0;1;0;2;30;2
1;5;2;1;0;2;30;3
0;0;0;0;0;1;30;4
0;4;1;0;0;0;30;5
0;2;0;0;0;0;30;6
1;22;6;1;0;15;30;7
1;4;2;1;0;1;30;8
0;3;1;0;0;0;30;9
0;31;5;0;0;13;30;10
7;43;16;6;0;23;30;11
2;18;6;2;0;5;30;12
1;7;3;1;0;4;30;13
0;5;0;0;0;3;30;14
0;15;3;0;0;4;30;15
1;1;1;1;0;0;30;16
0;3;0;0;0;3;30;17
0;15;7;0;0;8;30;18
0;3;2;0;0;1;30;19
0;76;13;0;0;32;30;20
1;18;4;1;0;8;31;1
0;1;0;0;0;2;31;2
0;5;2;0;0;2;31;3
0;0;0;0;0;1;31;4
1;3;1;1;0;3;31;5
0;1;0;0;0;0;31;6
1;21;4;1;0;13;31;7
0;4;1;0;0;0;31;8
0;2;0;0;0;0;31;9
0;27;3;0;0;23;31;10
3;41;16;3;0;15;31;11
-1;16;4;-1;0;5;31;12
0;5;3;0;0;4;31;13
0;6;1;0;0;4;31;14
1;13;3;1;0;9;31;15
0;1;1;0;0;1;31;16
0;3;0;0;0;2;31;17
1;12;5;1;0;10;31;18
1;4;2;1;0;2;31;19
1;70;4;1;0;42;31;20
0;15;3;0;0;13;32;1
3;1;0;3;0;5;32;2
0;5;1;0;0;1;32;3
1;1;1;1;0;2;32;4
0;2;0;0;0;5;32;5
2;3;2;2;0;0;32;6
0;18;3;0;0;10;32;7
0;3;0;0;0;1;32;8
0;2;0;0;0;0;32;9
0;22;2;0;0;10;32;10
4;37;16;4;0;22;32;11
10;17;7;10;0;8;32;12
1;6;3;1;0;5;32;13
1;5;2;1;0;4;32;14
3;12;4;3;0;10;32;15
1;2;2;1;0;1;32;16
-1;2;0;-1;0;1;32;17
0;8;2;0;0;9;32;18
0;4;1;0;0;4;32;19
1;61;2;1;0;27;32;20
2;10;3;2;0;10;33;1
0;0;0;0;0;1;33;2
0;4;1;0;0;1;33;3
0;1;1;0;0;0;33;4
0;1;0;0;0;1;33;5
1;4;3;1;0;0;33;6
1;16;3;1;0;10;33;7
0;3;0;0;0;0;33;8
0;1;0;0;0;0;33;9
3;23;3;3;0;16;33;10
6;34;15;2;0;20;33;11
1;13;6;1;0;7;33;12
0;6;2;0;0;3;33;13
1;5;3;1;0;4;33;14
2;11;4;2;0;4;33;15
2;4;4;2;0;0;33;16
0;2;0;0;0;1;33;17
0;8;2;0;0;6;33;18
0;4;0;0;0;2;33;19
0;43;2;0;0;31;33;20
10;15;8;9;0;15;34;1
0;0;0;0;0;4;34;2
4;6;2;4;0;5;34;3
2;3;3;2;0;7;34;4
11;12;8;11;0;9;34;5
0;3;3;0;0;0;34;6
37;46;22;37;0;26;34;7
2;4;2;2;0;4;34;8
1;2;1;1;0;2;34;9
41;50;23;41;0;36;34;10
36;54;23;30;0;40;34;11
12;21;12;11;0;14;34;12
7;11;6;7;0;8;34;13
2;5;5;2;0;4;34;14
10;19;11;10;0;10;34;15
2;6;4;2;0;6;34;16
2;2;1;1;0;6;34;17
23;30;16;23;1;26;34;18
4;7;2;4;0;1;34;19
77;93;43;77;0;74;34;20
-1;11;3;-1;0;8;35;1
0;0;0;0;0;1;35;2
1;6;2;1;0;2;35;3
1;4;3;1;0;2;35;4
-1;11;4;-1;0;4;35;5
0;3;0;0;0;1;35;6
-1;40;4;-1;0;18;35;7
0;3;2;0;0;0;35;8
0;1;1;0;0;0;35;9
0;43;12;0;0;25;35;10
4;55;15;4;0;35;35;11
0;17;5;0;0;5;35;12
0;10;3;0;0;7;35;13
1;6;5;1;0;6;35;14
0;15;1;0;0;8;35;15
0;6;2;0;0;1;35;16
0;1;0;0;0;3;35;17
0;27;10;0;0;16;35;18
0;6;0;0;0;3;35;19
0;76;14;0;0;45;35;20
2;10;1;1;1;4;36;1
0;0;0;0;0;4;36;2
0;5;1;0;0;2;36;3
2;6;3;2;0;3;36;4
0;8;0;0;0;2;36;5
1;4;1;1;0;0;36;6
1;34;0;0;0;12;36;7
0;2;0;0;0;1;36;8
0;1;0;0;0;0;36;9
1;33;0;0;0;26;36;10
5;49;13;4;0;39;36;11
4;17;3;3;0;8;36;12
0;7;0;0;0;10;36;13
0;6;2;0;0;7;36;14
-1;12;0;-1;0;6;36;15
5;11;6;5;1;0;36;16
0;1;0;0;0;6;36;17
2;20;1;1;0;10;36;18
0;3;0;0;0;3;36;19
5;65;4;4;0;62;36;20
8;15;4;8;0;12;37;1
3;2;1;3;0;2;37;2
4;7;3;4;0;4;37;3
0;6;2;0;0;4;37;4
4;11;2;4;0;5;37;5
1;5;2;1;0;0;37;6
22;44;9;22;0;28;37;7
2;4;2;2;0;1;37;8
3;4;1;3;0;1;37;9
55;77;23;55;0;34;37;10
33;65;23;33;0;44;37;11
10;24;8;10;0;6;37;12
9;15;5;9;0;8;37;13
3;8;1;3;0;6;37;14
12;22;4;12;0;20;37;15
3;12;7;3;0;0;37;16
3;4;1;3;0;5;37;17
17;33;11;17;0;23;37;18
5;7;1;5;0;4;37;19
105;149;45;105;0;82;37;20
10;15;5;10;0;12;38;1
0;2;1;0;0;2;38;2
1;7;0;1;0;1;38;3
0;5;1;0;0;0;38;4
0;10;1;0;0;0;38;5
0;4;1;0;0;0;38;6
1;32;7;1;0;2;38;7
0;4;2;0;0;0;38;8
0;4;0;0;0;0;38;9
0;75;17;0;0;3;38;10
20;62;25;21;0;29;38;11
2;22;8;2;0;6;38;12
0;13;3;0;0;0;38;13
0;8;1;0;0;2;38;14
1;17;2;1;0;1;38;15
0;12;5;0;0;0;38;16
0;3;1;0;0;0;38;17
3;31;10;3;0;1;38;18
0;6;1;0;0;0;38;19
1;138;32;1;0;9;38;20
1;14;6;1;0;0;39;1
0;2;1;0;0;1;39;2
0;6;0;0;0;2;39;3
1;5;1;1;0;1;39;4
0;8;0;0;0;2;39;5
1;3;2;1;0;1;39;6
1;26;5;1;0;17;39;7
0;4;1;0;0;0;39;8
0;4;0;0;0;1;39;9
1;66;12;1;0;19;39;10
4;58;22;3;0;18;39;11
3;22;11;3;0;2;39;12
1;13;2;1;0;7;39;13
0;7;0;0;0;3;39;14
2;12;1;2;0;5;39;15
0;10;2;0;0;0;39;16
0;3;1;0;0;1;39;17
0;30;6;0;0;12;39;18
0;5;0;0;0;3;39;19
0;118;15;0;0;24;39;20
1;13;5;1;0;7;40;1
1;3;1;1;0;0;40;2
1;5;0;1;0;2;40;3
1;5;1;1;0;1;40;4
0;6;0;0;0;2;40;5
0;3;2;0;0;1;40;6
1;21;4;1;0;16;40;7
0;2;0;0;0;1;40;8
0;3;0;0;0;0;40;9
1;53;4;1;0;18;40;10
1;54;16;1;0;10;40;11
4;21;11;4;0;8;40;12
0;10;1;0;0;3;40;13
0;5;0;0;0;2;40;14
-1;9;2;-1;0;4;40;15
0;10;2;0;0;1;40;16
0;1;0;0;0;0;40;17
0;20;3;0;0;10;40;18
0;5;0;0;0;1;40;19
0;106;4;0;0;32;40;20
0;10;3;0;0;8;41;1
0;3;1;0;0;1;41;2
0;3;0;0;0;1;41;3
0;4;1;0;0;0;41;4
1;4;0;1;0;2;41;5
0;3;2;0;0;0;41;6
1;18;4;1;0;10;41;7
0;2;0;0;0;0;41;8
0;3;0;0;0;0;41;9
3;42;5;3;0;12;41;10
1;51;15;1;0;13;41;11
3;19;9;3;0;8;41;12
0;9;1;0;0;2;41;13
0;3;0;0;0;7;41;14
4;8;1;4;0;14;41;15
1;10;2;1;0;0;41;16
0;1;0;0;0;1;41;17
1;20;3;1;0;13;41;18
0;2;0;0;0;0;41;19
1;83;1;1;0;28;41;20
6;14;4;6;0;13;42;1
0;2;1;0;0;1;42;2
2;5;0;2;0;9;42;3
0;3;1;0;0;5;42;4
4;6;2;4;0;6;42;5
1;4;1;1;0;3;42;6
31;43;14;31;0;39;42;7
1;3;0;1;0;1;42;8
1;2;0;1;0;1;42;9
50;76;16;50;0;47;42;10
21;52;17;21;0;52;42;11
7;23;8;7;0;10;42;12
7;11;1;7;0;10;42;13
8;8;4;8;0;5;42;14
8;14;7;8;0;14;42;15
1;9;2;1;0;1;42;16
6;7;1;6;0;4;42;17
17;32;9;17;0;32;42;18
1;2;0;1;0;4;42;19
114;154;46;114;0;97;42;20
3;11;1;3;0;8;43;1
0;2;1;0;0;0;43;2
0;1;0;0;0;0;43;3
0;2;1;0;0;0;43;4
0;5;2;0;0;1;43;5
0;3;1;0;0;0;43;6
0;40;9;0;0;15;43;7
0;3;0;0;0;0;43;8
0;1;0;0;0;0;43;9
1;70;13;1;0;19;43;10
4;52;16;4;0;19;43;11
1;22;7;1;0;6;43;12
0;9;1;0;0;6;43;13
2;9;5;2;0;4;43;14
2;13;6;2;0;9;43;15
1;8;3;1;0;2;43;16
0;6;0;0;0;2;43;17
1;29;8;1;0;9;43;18
0;2;0;0;0;0;43;19
0;139;29;0;0;39;43;20
0;11;1;0;0;4;44;1
0;2;0;0;0;0;44;2
0;1;0;0;0;0;44;3
0;2;0;0;0;1;44;4
0;4;1;0;0;0;44;5
2;5;3;2;0;1;44;6
0;37;4;0;0;6;44;7
0;2;0;0;0;0;44;8
0;1;0;0;0;0;44;9
2;65;8;2;0;14;44;10
1;42;11;1;0;7;44;11
0;20;3;0;0;3;44;12
0;8;1;0;0;2;44;13
0;7;3;0;0;0;44;14
1;12;3;1;0;4;44;15
0;5;3;0;0;0;44;16
0;6;0;0;0;2;44;17
0;25;6;0;0;8;44;18
0;1;0;0;0;1;44;19
2;121;15;2;0;30;44;20
0;8;0;0;0;3;45;1
0;1;0;0;0;2;45;2
0;1;0;0;0;1;45;3
0;1;0;0;0;1;45;4
0;4;0;0;0;2;45;5
4;8;6;4;0;1;45;6
0;34;3;0;0;19;45;7
0;1;0;0;0;0;45;8
0;1;0;0;0;1;45;9
0;52;2;0;0;11;45;10
4;38;14;4;0;7;45;11
2;19;2;2;0;4;45;12
0;7;0;0;0;3;45;13
0;5;3;0;0;1;45;14
0;12;2;0;0;2;45;15
0;5;2;0;0;2;45;16
0;4;0;0;0;1;45;17
0;22;3;0;0;16;45;18
0;1;0;0;0;0;45;19
0;107;3;0;0;33;45;20
0;5;0;0;0;0;46;1
0;1;0;0;0;1;46;2
0;1;0;0;0;1;46;3
0;1;0;0;0;0;46;4
1;4;1;1;0;1;46;5
1;9;6;1;0;0;46;6
2;32;3;2;0;9;46;7
0;1;0;0;0;0;46;8
0;1;0;0;0;0;46;9
3;37;2;3;0;18;46;10
5;40;17;5;0;4;46;11
0;14;2;0;0;2;46;12
1;5;1;1;0;3;46;13
0;5;1;0;0;1;46;14
2;12;4;2;0;6;46;15
1;5;2;1;0;0;46;16
0;2;0;0;0;4;46;17
0;17;1;0;0;11;46;18
0;0;0;0;0;2;46;19
5;80;1;5;1;43;46;20
1;5;1;1;0;7;47;1
1;1;0;1;0;1;47;2
0;0;0;0;0;3;47;3
0;1;0;0;0;2;47;4
0;3;1;0;0;5;47;5
1;8;6;1;0;3;47;6
0;15;1;0;0;38;47;7
0;0;0;0;0;1;47;8
0;0;0;0;0;2;47;9
0;17;1;0;0;43;47;10
6;35;15;6;0;29;47;11
1;11;2;1;0;14;47;12
1;3;2;1;0;3;47;13
0;5;0;0;0;3;47;14
0;10;2;0;0;12;47;15
0;4;1;0;0;2;47;16
0;1;0;0;0;10;47;17
1;11;1;1;0;19;47;18
0;0;0;0;0;3;47;19
0;47;1;0;0;67;47;20
2;3;2;2;0;11;48;1
0;1;0;0;0;1;48;2
0;0;0;0;0;1;48;3
0;1;0;0;0;0;48;4
0;3;1;0;0;1;48;5
1;9;7;1;0;0;48;6
0;10;1;0;0;7;48;7
0;0;0;0;0;1;48;8
0;0;0;0;0;1;48;9
0;15;0;0;0;15;48;10
2;32;15;2;0;11;48;11
1;10;3;1;0;5;48;12
0;3;2;0;0;3;48;13
1;6;1;1;0;2;48;14
0;8;2;0;0;4;48;15
0;4;1;0;0;0;48;16
0;0;0;0;0;1;48;17
0;9;1;0;0;1;48;18
0;0;0;0;0;1;48;19
0;30;0;0;0;31;48;20
1;4;3;1;0;4;49;1
1;1;1;1;0;0;49;2
0;0;0;0;0;2;49;3
0;0;0;0;0;0;49;4
0;2;1;0;0;1;49;5
1;9;5;1;0;0;49;6
0;5;1;0;0;9;49;7
0;0;0;0;0;2;49;8
0;0;0;0;0;1;49;9
1;9;1;1;0;7;49;10
4;30;16;4;0;7;49;11
1;7;3;1;0;5;49;12
1;4;3;1;0;1;49;13
2;6;3;2;0;0;49;14
1;5;2;1;0;6;49;15
0;4;0;0;0;0;49;16
0;0;0;0;0;0;49;17
3;10;2;3;0;7;49;18
0;0;0;0;0;1;49;19
2;17;2;2;0;31;49;20
1;4;3;1;0;3;50;1
0;1;1;0;0;0;50;2
0;0;0;0;0;0;50;3
0;0;0;0;0;0;50;4
0;1;1;0;0;3;50;5
0;9;3;0;0;0;50;6
0;4;1;0;0;8;50;7
0;0;0;0;0;0;50;8
0;0;0;0;0;0;50;9
0;3;1;0;0;12;50;10
5;34;16;5;0;21;50;11
0;5;3;0;0;5;50;12
0;3;2;0;0;3;50;13
0;6;3;0;0;0;50;14
1;5;2;1;0;4;50;15
2;5;2;2;0;2;50;16
0;0;0;0;0;0;50;17
1;8;3;1;0;5;50;18
0;0;0;0;0;2;50;19
1;6;3;1;0;22;50;20
0;4;2;0;0;3;51;1
0;1;1;0;0;0;51;2
0;0;0;0;0;1;51;3
0;0;0;0;0;1;51;4
0;1;0;0;0;2;51;5
1;9;2;1;0;3;51;6
0;3;0;0;0;25;51;7
0;0;0;0;0;0;51;8
0;0;0;0;0;0;51;9
3;3;1;3;0;14;51;10
3;34;14;3;0;11;51;11
0;5;1;0;0;5;51;12
0;3;1;0;0;3;51;13
0;4;2;0;0;0;51;14
1;5;1;1;0;11;51;15
1;5;3;1;0;1;51;16
0;0;0;0;0;1;51;17
0;5;2;0;0;5;51;18
0;0;0;0;0;2;51;19
6;4;2;6;0;27;51;20
2;6;4;2;0;6;52;1
0;1;1;0;0;0;52;2
1;1;0;1;0;7;52;3
0;0;0;0;0;4;52;4
0;1;0;0;0;7;52;5
1;9;2;1;0;1;52;6
26;14;5;26;0;17;52;7
5;4;1;5;0;2;52;8
0;0;0;0;0;2;52;9
66;47;19;66;0;45;52;10
1;27;11;1;0;38;52;11
1;4;1;1;0;12;52;12
0;3;0;0;0;5;52;13
0;3;2;0;0;5;52;14
1;4;2;1;0;9;52;15
0;4;3;0;0;4;52;16
7;5;2;7;0;3;52;17
39;27;12;39;0;16;52;18
0;0;0;0;0;4;52;19
141;104;30;141;0;91;52;20
0;6;4;0;0;5;53;1
1;2;1;1;0;0;53;2
1;2;1;1;0;0;53;3
0;0;0;0;0;0;53;4
0;1;0;0;0;1;53;5
0;9;1;0;0;0;53;6
1;13;4;1;0;6;53;7
0;3;0;0;0;1;53;8
0;0;0;0;0;1;53;9
1;42;15;1;0;18;53;10
2;28;11;2;0;10;53;11
3;7;4;3;0;2;53;12
0;3;0;0;0;2;53;13
0;3;0;0;0;1;53;14
0;4;2;0;0;2;53;15
0;4;2;0;0;4;53;16
0;4;2;0;0;0;53;17
0;25;8;0;0;9;53;18
0;0;0;0;0;1;53;19
1;93;20;1;0;32;53;20
0;6;3;0;0;3;54;1
0;2;1;0;0;1;54;2
0;2;1;0;0;1;54;3
0;0;0;0;0;1;54;4
0;1;0;0;0;0;54;5
1;7;2;1;0;0;54;6
1;13;3;1;0;6;54;7
0;2;0;0;0;1;54;8
0;0;0;0;0;0;54;9
1;42;7;1;0;15;54;10
1;27;7;1;0;6;54;11
1;6;3;1;0;6;54;12
0;3;0;0;0;5;54;13
0;3;0;0;1;2;54;14
1;5;2;1;0;1;54;15
0;3;1;0;0;2;54;16
0;3;2;0;0;4;54;17
2;21;2;2;0;6;54;18
0;0;0;0;0;0;54;19
1;87;5;1;0;25;54;20
0;5;2;0;0;0;55;1
0;2;1;0;0;0;55;2
1;2;0;1;0;2;55;3
0;0;0;0;0;0;55;4
0;1;0;0;0;1;55;5
0;5;2;0;0;0;55;6
0;11;2;0;0;11;55;7
0;1;0;0;0;0;55;8
0;0;0;0;0;0;55;9
2;39;5;2;0;14;55;10
5;26;10;5;0;7;55;11
3;8;5;3;0;4;55;12
0;2;0;0;0;3;55;13
0;3;0;0;0;2;55;14
1;5;3;1;0;2;55;15
0;3;0;0;0;1;55;16
0;3;0;0;0;2;55;17
0;19;1;0;0;7;55;18
0;0;0;0;0;1;55;19
0;78;3;0;0;25;55;20
1;5;3;1;0;3;56;1
0;2;1;0;0;0;56;2
1;3;1;1;0;-1;56;3
0;0;0;0;0;0;56;4
1;1;1;1;0;1;56;5
0;4;2;0;0;2;56;6
0;10;0;0;0;8;56;7
0;1;0;0;0;1;56;8
0;0;0;0;0;1;56;9
1;33;6;1;0;12;56;10
4;26;13;4;0;7;56;11
2;6;5;2;0;6;56;12
0;1;0;0;0;1;56;13
0;2;0;0;0;0;56;14
1;5;4;1;0;2;56;15
2;5;2;2;0;0;56;16
0;3;0;0;0;1;56;17
1;16;1;1;0;3;56;18
0;0;0;0;0;0;56;19
0;62;1;0;0;28;56;20
0;5;1;0;0;2;57;1
0;2;1;0;0;1;57;2
0;2;1;0;0;0;57;3
0;0;0;0;0;1;57;4
0;1;1;0;0;2;57;5
0;3;1;0;0;0;57;6
16;23;6;16;0;11;57;7
4;5;4;4;0;1;57;8
0;0;0;0;0;0;57;9
36;59;22;36;0;24;57;10
6;28;12;6;0;15;57;11
2;8;6;2;0;6;57;12
0;0;0;0;0;1;57;13
1;3;0;1;0;4;57;14
1;6;3;1;0;5;57;15
1;6;3;1;0;3;57;16
2;4;0;2;0;0;57;17
22;35;15;22;0;21;57;18
0;0;0;0;0;0;57;19
71;103;30;71;0;51;57;20
1;6;2;1;0;25;58;1
0;1;0;0;0;2;58;2
0;2;1;0;0;4;58;3
0;0;0;0;0;3;58;4
0;1;1;0;0;0;58;5
0;2;0;0;0;3;58;6
2;22;6;2;0;5;58;7
0;4;2;0;0;0;58;8
0;0;0;0;0;1;58;9
0;54;17;0;0;6;58;10
2;28;13;2;0;17;58;11
3;9;4;3;0;4;58;12
0;0;0;0;0;1;58;13
0;1;0;0;0;2;58;14
3;7;4;3;0;5;58;15
1;6;4;1;0;3;58;16
0;4;0;0;0;0;58;17
1;32;15;1;0;4;58;18
0;0;0;0;0;1;58;19
3;93;21;3;0;10;58;20
2;7;4;2;0;22;59;1
0;1;0;0;0;1;59;2
0;2;1;0;0;2;59;3
0;0;0;0;0;1;59;4
0;1;1;0;0;3;59;5
0;2;0;0;0;1;59;6
0;20;6;0;0;3;59;7
0;4;2;0;0;2;59;8
0;0;0;0;0;0;59;9
0;43;8;0;0;6;59;10
2;25;12;2;0;21;59;11
0;8;4;0;0;4;59;12
0;0;0;0;0;1;59;13
0;0;0;0;0;2;59;14
1;7;4;1;0;3;59;15
0;5;3;0;0;0;59;16
0;4;0;0;0;0;59;17
0;25;11;0;0;6;59;18
0;0;0;0;0;0;59;19
1;77;12;1;0;6;59;20
1;7;5;1;0;0;60;1
0;1;0;0;0;0;60;2
0;1;0;0;0;0;60;3
0;0;0;0;0;0;60;4
0;1;0;0;0;0;60;5
0;2;0;0;0;1;60;6
0;18;3;0;0;8;60;7
0;4;0;0;0;0;60;8
0;0;0;0;0;0;60;9
0;35;1;0;0;12;60;10
0;24;10;0;0;5;60;11
3;11;5;3;0;0;60;12
0;0;0;0;0;0;60;13
2;2;1;2;0;0;60;14
0;7;3;0;0;1;60;15
0;4;2;0;0;0;60;16
1;3;1;1;0;2;60;17
2;24;7;2;0;5;60;18
0;0;0;0;0;0;60;19
1;68;5;1;0;19;60;20
0;7;4;1;0;1;61;1
1;2;1;1;0;0;61;2
0;1;0;0;0;0;61;3
0;0;0;0;0;0;61;4
0;1;0;0;0;0;61;5
0;2;0;0;0;5;61;6
0;13;2;0;0;2;61;7
0;4;0;0;0;2;61;8
0;0;0;0;0;0;61;9
0;31;1;0;0;4;61;10
2;23;7;2;0;4;61;11
0;11;5;0;0;1;61;12
0;0;0;0;0;1;61;13
2;4;3;2;0;0;61;14
0;7;1;0;0;1;61;15
0;4;0;0;0;1;61;16
0;2;1;0;0;1;61;17
0;20;4;0;0;5;61;18
0;0;0;0;0;0;61;19
0;57;2;0;0;17;61;20
0;5;4;0;0;4;62;1
0;2;1;0;0;1;62;2
0;1;0;0;0;5;62;3
0;1;1;0;0;3;62;4
1;1;0;1;0;3;62;5
0;1;0;0;0;4;62;6
16;22;1;16;0;10;62;7
4;8;1;4;0;0;62;8
0;0;0;0;0;0;62;9
34;56;6;34;0;31;62;10
2;20;7;2;0;21;62;11
3;13;6;3;0;4;62;12
0;0;0;0;0;3;62;13
0;4;3;0;0;2;62;14
1;6;1;1;0;2;62;15
1;5;1;1;0;2;62;16
2;3;1;2;0;1;62;17
12;29;8;12;0;14;62;18
0;0;0;0;0;1;62;19
45;77;20;45;0;63;62;20
1;6;3;1;0;11;63;1
0;1;1;0;0;1;63;2
0;1;0;0;0;4;63;3
0;1;1;0;0;2;63;4
0;1;0;0;0;1;63;5
0;0;0;0;0;0;63;6
2;21;2;2;0;4;63;7
0;6;0;0;0;1;63;8
0;0;0;0;0;1;63;9
0;51;4;0;0;4;63;10
3;22;9;3;0;14;63;11
6;11;7;6;0;9;63;12
0;0;0;0;0;0;63;13
2;5;5;2;0;0;63;14
0;6;1;0;0;0;63;15
1;6;2;1;0;0;63;16
0;3;0;0;0;0;63;17
0;28;6;0;0;6;63;18
0;0;0;0;0;0;63;19
0;65;14;0;0;5;63;20
1;7;2;1;0;1;64;1
0;1;1;0;0;0;64;2
0;1;0;0;0;0;64;3
0;1;1;0;0;0;64;4
0;1;0;0;0;0;64;5
1;1;1;1;0;0;64;6
0;20;2;0;0;2;64;7
0;6;0;0;0;1;64;8
0;0;0;0;0;0;64;9
1;41;0;1;0;16;64;10
2;21;10;2;0;1;64;11
1;12;8;1;0;0;64;12
0;0;0;0;0;0;64;13
1;6;5;1;0;0;64;14
1;6;2;1;0;1;64;15
0;5;2;0;0;1;64;16
0;3;0;0;0;2;64;17
0;24;3;0;0;7;64;18
0;0;0;0;0;0;64;19
0;55;3;0;0;22;64;20
2;8;2;2;0;7;65;1
0;1;0;0;0;0;65;2
1;1;1;1;0;2;65;3
2;1;1;2;0;2;65;4
1;1;1;1;0;1;65;5
2;3;3;2;0;2;65;6
1;16;3;1;0;5;65;7
0;4;0;0;0;2;65;8
0;0;0;0;0;0;65;9
-1;34;0;-1;0;6;65;10
0;19;8;0;0;6;65;11
1;11;6;1;0;0;65;12
-1;0;0;-1;0;-1;65;13
2;8;6;2;0;1;65;14
1;6;2;1;0;1;65;15
2;6;3;2;0;0;65;16
0;3;0;0;0;1;65;17
2;18;1;2;0;8;65;18
0;0;0;0;0;0;65;19
3;49;3;3;0;8;65;20
0;8;2;0;0;0;66;1
0;1;0;0;0;0;66;2
0;1;1;0;0;0;66;3
0;1;1;0;0;0;66;4
0;1;1;0;0;0;66;5
0;3;3;0;0;0;66;6
0;16;3;0;0;0;66;7
0;4;0;0;0;0;66;8
0;0;0;0;0;0;66;9
0;34;0;0;0;0;66;10
0;19;8;0;0;0;66;11
0;11;6;0;0;0;66;12
0;0;0;0;0;0;66;13
0;8;6;0;0;0;66;14
0;6;2;0;0;0;66;15
0;6;3;0;0;0;66;16
0;3;0;0;0;0;66;17
0;18;1;0;0;0;66;18
0;0;0;0;0;0;66;19
0;49;3;0;0;0;66;20
1;7;2;1;0;4;67;1
0;1;0;0;0;1;67;2
0;1;1;0;0;1;67;3
3;4;2;3;0;0;67;4
0;1;1;0;0;0;67;5
0;3;3;0;0;3;67;6
20;23;5;20;1;13;67;7
8;9;1;8;0;1;67;8
0;0;0;0;0;0;67;9
18;23;8;18;0;20;67;10
8;19;9;8;0;13;67;11
1;10;3;1;0;5;67;12
1;1;1;1;0;0;67;13
2;10;5;2;0;1;67;14
1;4;2;1;0;1;67;15
2;6;4;2;0;0;67;16
5;6;3;5;0;2;67;17
29;37;13;29;0;7;67;18
0;0;0;0;0;0;67;19
69;92;31;69;0;46;67;20
0;5;2;0;0;0;68;1
0;1;0;0;0;0;68;2
0;1;1;0;0;0;68;3
0;4;2;0;0;0;68;4
0;1;1;0;0;0;68;5
1;4;3;1;0;0;68;6
0;22;3;0;0;1;68;7
0;8;1;0;0;1;68;8
0;0;0;0;0;0;68;9
0;21;6;0;0;9;68;10
4;22;12;4;0;4;68;11
0;10;2;0;0;0;68;12
0;1;1;0;0;0;68;13
0;10;4;0;0;1;68;14
0;4;2;0;0;0;68;15
1;7;4;1;0;1;68;16
0;5;2;0;0;0;68;17
0;35;9;0;0;4;68;18
0;0;0;0;0;0;68;19
0;86;24;0;0;14;68;20
3;6;4;3;0;1;69;1
0;1;0;0;0;0;69;2
0;1;0;0;0;1;69;3
1;5;3;1;0;0;69;4
0;1;0;0;0;1;69;5
0;4;2;0;0;0;69;6
0;22;1;0;0;7;69;7
0;7;1;0;0;1;69;8
1;1;1;1;0;0;69;9
0;16;3;0;0;7;69;10
2;23;12;2;0;5;69;11
1;10;2;1;0;3;69;12
0;1;1;0;0;0;69;13
0;9;2;0;0;0;69;14
0;3;1;0;0;2;69;15
1;8;4;1;0;2;69;16
0;5;1;0;0;0;69;17
1;33;3;1;0;3;69;18
0;0;0;0;0;0;69;19
0;74;13;0;0;12;69;20
2;7;5;2;0;0;70;1
1;1;0;1;0;1;70;2
0;1;0;0;0;0;70;3
0;5;3;0;0;0;70;4
0;1;0;0;0;-1;70;5
1;5;2;1;0;0;70;6
1;21;1;1;0;2;70;7
0;6;0;0;0;1;70;8
0;1;1;0;0;0;70;9
0;15;0;0;0;1;70;10
5;26;17;5;0;2;70;11
0;7;1;0;0;0;70;12
0;1;1;0;0;0;70;13
1;9;3;1;0;1;70;14
0;2;1;0;0;3;70;15
1;8;1;1;0;0;70;16
0;5;0;0;0;0;70;17
1;27;2;1;0;5;70;18
0;0;0;0;0;0;70;19
0;63;2;0;0;5;70;20
0;7;5;0;0;0;71;1
0;1;0;0;0;0;71;2
0;1;0;0;0;0;71;3
0;5;3;0;0;0;71;4
0;1;0;0;0;0;71;5
0;5;2;0;0;0;71;6
2;18;1;2;0;4;71;7
0;5;0;0;0;1;71;8
0;1;1;0;0;0;71;9
0;15;0;0;0;10;71;10
1;26;14;1;0;2;71;11
0;6;0;0;0;3;71;12
0;1;0;0;0;0;71;13
0;8;2;0;0;0;71;14
0;2;1;0;0;0;71;15
0;8;1;0;0;1;71;16
0;4;0;0;0;0;71;17
0;24;2;0;0;3;71;18
0;0;0;0;0;0;71;19
1;54;2;1;0;6;71;20
2;9;5;2;0;3;72;1
0;0;0;0;0;0;72;2
0;1;0;0;0;0;72;3
1;4;1;1;0;0;72;4
1;2;1;1;0;0;72;5
0;5;1;0;0;0;72;6
23;26;9;23;0;8;72;7
2;3;0;2;0;2;72;8
0;1;1;0;0;0;72;9
29;34;18;29;0;20;72;10
6;26;13;6;0;2;72;11
2;5;2;2;0;0;72;12
0;1;0;0;0;0;72;13
1;7;2;1;0;0;72;14
0;2;0;0;0;1;72;15
2;7;1;2;0;2;72;16
1;3;0;1;0;4;72;17
19;33;10;19;0;7;72;18
0;0;0;0;0;0;72;19
58;90;26;58;0;22;72;20
0;9;4;0;0;2;73;1
0;0;0;0;0;0;73;2
0;1;0;0;0;0;73;3
1;5;0;1;0;0;73;4
0;2;1;0;0;0;73;5
1;5;2;1;0;0;73;6
1;25;3;1;0;3;73;7
0;3;0;0;0;2;73;8
0;1;0;0;0;0;73;9
0;32;12;0;0;4;73;10
10;33;20;10;0;4;73;11
0;5;2;0;0;1;73;12
0;1;0;0;0;0;73;13
3;9;4;3;0;1;73;14
0;2;0;0;0;0;73;15
0;6;1;0;0;0;73;16
0;2;0;0;0;0;73;17
1;29;11;1;0;3;73;18
1;1;1;1;0;0;73;19
0;83;19;0;0;9;73;20
0;9;3;0;0;0;74;1
0;0;0;0;0;1;74;2
0;0;0;0;0;0;74;3
0;5;0;0;0;2;74;4
0;1;1;0;0;1;74;5
0;4;1;0;0;0;74;6
6;29;6;6;0;6;74;7
4;8;5;4;0;1;74;8
0;1;0;0;0;0;74;9
33;58;26;33;0;2;74;10
2;34;18;2;0;4;74;11
0;5;2;0;0;2;74;12
0;1;0;0;0;0;74;13
1;8;5;1;0;1;74;14
0;2;1;0;0;-1;74;15
0;4;0;0;0;2;74;16
1;2;1;1;0;1;74;17
12;34;14;12;0;5;74;18
0;1;1;0;0;0;74;19
52;117;39;52;0;15;74;20
2;8;2;2;0;3;75;1
0;0;0;0;0;0;75;2
0;0;0;0;0;1;75;3
0;5;0;0;0;0;75;4
-1;1;1;-1;0;-1;75;5
0;3;1;0;0;2;75;6
2;28;7;2;0;9;75;7
1;8;5;1;0;0;75;8
0;1;0;0;0;0;75;9
1;51;21;1;0;4;75;10
3;36;18;3;0;4;75;11
1;4;2;1;0;2;75;12
0;1;0;0;0;0;75;13
1;9;5;1;0;2;75;14
0;2;1;0;0;1;75;15
0;1;0;0;0;2;75;16
1;1;0;1;0;4;75;17
0;31;8;0;0;7;75;18
0;1;1;0;0;0;75;19
0;99;33;0;0;13;75;20
0;7;2;0;0;1;76;1
0;0;0;0;0;0;76;2
0;0;0;0;0;0;76;3
1;6;1;1;0;0;76;4
1;2;2;1;0;0;76;5
2;5;3;2;0;1;76;6
0;25;5;0;0;2;76;7
0;7;4;0;0;0;76;8
0;1;0;0;0;0;76;9
2;51;15;2;0;8;76;10
2;33;14;2;0;2;76;11
0;3;2;0;0;1;76;12
0;0;0;0;0;0;76;13
0;8;5;0;0;0;76;14
0;2;1;0;0;1;76;15
1;2;1;1;0;3;76;16
0;1;0;0;0;0;76;17
1;29;8;1;0;5;76;18
0;1;1;0;0;0;76;19
1;83;17;1;0;20;76;20
1;7;2;1;0;3;77;1
0;0;0;0;0;0;77;2
1;1;1;1;0;0;77;3
0;3;1;0;0;0;77;4
0;2;1;0;0;1;77;5
0;4;2;0;0;0;77;6
2;20;4;2;0;7;77;7
0;6;0;0;0;3;77;8
0;1;0;0;0;0;77;9
-1;42;2;-1;0;12;77;10
8;35;16;8;0;6;77;11
3;5;3;3;0;3;77;12
1;1;1;1;0;1;77;13
2;9;4;2;0;4;77;14
0;1;1;0;0;0;77;15
0;2;1;0;0;0;77;16
0;1;0;0;0;1;77;17
-1;21;2;-1;0;16;77;18
1;2;2;1;0;0;77;19
0;61;0;0;0;44;77;20
1;7;2;1;0;1;78;1
0;0;0;0;0;0;78;2
0;1;1;0;0;0;78;3
0;1;1;0;0;3;78;4
0;2;1;0;0;0;78;5
0;4;1;0;0;1;78;6
0;12;4;0;0;1;78;7
0;6;0;0;0;1;78;8
0;0;0;0;0;0;78;9
0;34;2;0;0;5;78;10
3;36;12;3;0;3;78;11
2;7;5;2;0;1;78;12
0;1;1;0;0;0;78;13
0;8;3;0;0;1;78;14
0;1;0;0;0;1;78;15
0;2;1;0;0;0;78;16
0;1;0;0;0;0;78;17
2;23;1;2;0;2;78;18
0;2;1;0;0;0;78;19
2;55;2;2;0;14;78;20
0;5;2;0;0;0;79;1
0;0;0;0;0;0;79;2
0;1;1;0;0;0;79;3
-1;0;0;-1;0;0;79;4
0;2;1;0;0;0;79;5
0;3;1;0;0;0;79;6
18;28;10;18;0;3;79;7
2;8;2;3;0;0;79;8
0;0;0;0;0;0;79;9
26;54;19;26;0;2;79;10
2;33;11;2;0;1;79;11
-1;6;4;-1;0;0;79;12
0;1;1;0;0;0;79;13
0;8;1;0;0;0;79;14
0;1;0;0;0;0;79;15
1;1;0;1;0;1;79;16
2;2;1;2;0;0;79;17
15;31;10;15;0;3;79;18
0;2;1;0;0;0;79;19
51;92;42;51;0;10;79;20
0;4;2;0;0;0;80;1
0;0;0;0;0;0;80;2
0;1;1;0;0;0;80;3
0;0;0;0;0;1;80;4
2;3;1;2;0;1;80;5
0;3;0;0;0;1;80;6
1;27;7;1;0;8;80;7
0;7;1;0;0;0;80;8
0;0;0;0;0;1;80;9
0;46;16;0;0;5;80;10
7;37;16;7;0;7;80;11
3;6;4;3;0;3;80;12
0;1;1;0;0;0;80;13
1;7;2;1;0;1;80;14
2;1;0;2;0;2;80;15
0;1;0;0;0;1;80;16
0;1;1;0;0;1;80;17
0;26;6;0;0;3;80;18
0;2;1;0;0;0;80;19
0;86;33;0;0;12;80;20
1;5;1;1;0;1;81;1
0;0;0;0;0;0;81;2
0;1;1;0;0;0;81;3
0;0;0;0;0;0;81;4
0;3;1;0;0;0;81;5
0;3;0;0;0;0;81;6
2;27;7;2;0;4;81;7
0;6;0;0;0;0;81;8
0;0;0;0;0;0;81;9
0;40;7;0;0;7;81;10
4;36;18;4;0;3;81;11
1;7;4;1;0;0;81;12
0;1;1;0;0;0;81;13
0;7;2;0;0;0;81;14
1;2;1;1;0;0;81;15
0;1;0;0;0;0;81;16
0;1;1;0;0;0;81;17
0;25;5;0;0;3;81;18
0;2;1;0;0;0;81;19
0;68;18;0;0;4;81;20
1;5;1;1;0;1;82;1
0;0;0;0;0;0;82;2
0;1;0;0;0;0;82;3
0;0;0;0;0;0;82;4
0;2;1;0;0;0;82;5
0;2;0;0;0;0;82;6
0;21;2;0;0;6;82;7
0;2;0;0;0;3;82;8
0;0;0;0;0;0;82;9
0;26;0;0;0;18;82;10
6;35;16;6;0;4;82;11
1;5;1;1;0;1;82;12
0;1;0;0;0;0;82;13
2;7;3;2;0;1;82;14
0;2;1;0;0;0;82;15
0;1;0;0;0;0;82;16
0;1;0;0;0;1;82;17
1;20;2;1;0;9;82;18
0;2;0;0;0;0;82;19
0;49;2;0;0;30;82;20
0;4;1;0;0;1;83;1
0;0;0;0;0;0;83;2
0;1;0;0;0;0;83;3
1;1;1;1;0;0;83;4
0;2;0;0;0;1;83;5
1;2;1;1;0;0;83;6
0;17;2;0;0;1;83;7
0;2;0;0;0;4;83;8
0;0;0;0;0;0;83;9
0;25;0;0;0;8;83;10
3;32;17;3;0;4;83;11
1;6;2;1;0;2;83;12
0;1;0;0;0;0;83;13
0;6;3;0;0;2;83;14
0;1;1;0;0;0;83;15
0;1;0;0;0;0;83;16
0;1;0;0;0;0;83;17
0;13;1;0;0;3;83;18
0;1;0;0;0;0;83;19
-1;47;1;-1;0;3;83;20
0;4;1;0;0;0;84;1
0;0;0;0;0;0;84;2
0;1;0;0;0;0;84;3
0;1;1;0;0;0;84;4
0;2;0;0;0;0;84;5
2;4;3;2;0;2;84;6
14;25;9;14;0;6;84;7
4;6;1;4;0;0;84;8
0;0;0;0;0;0;84;9
17;36;12;17;0;2;84;10
4;33;15;4;0;11;84;11
1;7;3;1;0;-1;84;12
0;1;0;0;0;0;84;13
3;6;4;3;0;2;84;14
3;4;3;3;0;1;84;15
3;3;3;3;0;0;84;16
1;2;1;1;0;0;84;17
11;22;9;11;0;6;84;18
0;1;0;0;0;1;84;19
29;71;17;29;0;6;84;20
2;6;2;2;0;1;85;1
0;0;0;0;0;0;85;2
0;1;0;0;0;0;85;3
0;1;1;0;0;1;85;4
0;1;0;0;0;0;85;5
0;3;2;0;0;0;85;6
1;22;6;1;0;1;85;7
0;5;1;0;0;1;85;8
0;0;0;0;0;0;85;9
0;33;5;0;0;4;85;10
7;38;16;7;0;4;85;11
1;8;3;1;0;0;85;12
0;1;0;0;0;0;85;13
0;6;3;0;0;2;85;14
0;4;3;0;0;0;85;15
1;4;4;1;0;1;85;16
0;2;0;0;0;0;85;17
0;18;6;0;0;2;85;18
0;1;0;0;0;0;85;19
0;62;9;0;0;4;85;20
1;5;3;1;0;0;86;1
0;0;0;0;0;0;86;2
0;1;0;0;0;0;86;3
0;1;1;0;0;0;86;4
0;1;0;0;0;0;86;5
0;3;2;0;0;0;86;6
0;20;3;0;0;6;86;7
0;4;0;0;0;0;86;8
0;0;0;0;0;0;86;9
0;24;3;0;0;1;86;10
6;42;19;6;0;0;86;11
0;7;3;0;0;0;86;12
0;1;0;0;0;0;86;13
0;6;1;0;0;0;86;14
1;5;4;1;0;0;86;15
0;4;4;0;0;0;86;16
0;2;0;0;0;0;86;17
0;17;3;0;0;1;86;18
0;1;0;0;0;0;86;19
1;47;4;1;0;8;86;20
6;10;9;6;0;2;87;1
0;0;0;0;0;0;87;2
0;0;0;0;0;0;87;3
0;1;0;0;0;0;87;4
1;2;1;1;0;0;87;5
0;3;1;0;0;0;87;6
1;14;3;1;0;6;87;7
0;4;0;0;0;2;87;8
0;0;0;0;0;0;87;9
1;18;1;1;0;7;87;10
4;39;18;4;0;1;87;11
2;6;4;2;0;1;87;12
0;0;0;0;0;0;87;13
2;7;2;2;0;0;87;14
0;5;5;0;0;0;87;15
0;4;2;0;0;0;87;16
0;1;0;0;0;0;87;17
0;13;0;0;0;4;87;18
0;0;0;0;0;0;87;19
1;31;1;1;0;20;87;20
0;10;9;0;0;2;88;1
1;1;1;1;0;0;88;2
0;0;0;0;0;1;88;3
0;1;0;0;0;0;88;4
0;1;1;0;0;1;88;5
0;12;2;0;0;3;88;7
0;3;0;0;0;0;88;8
0;0;0;0;0;0;88;9
0;15;1;0;0;4;88;10
3;38;18;3;0;8;88;11
0;6;2;0;0;4;88;12
0;0;0;0;0;1;88;13
0;7;2;0;0;1;88;14
0;5;4;0;0;0;88;15
1;2;1;1;0;1;88;17
0;11;0;0;0;2;88;18
0;0;0;0;0;1;88;19
0;26;1;0;0;11;88;20
0;10;8;0;0;0;89;1
0;1;1;0;0;0;89;2
0;0;0;0;0;0;89;3
0;1;0;0;0;0;89;4
1;2;2;1;0;0;89;5
12;23;4;12;0;1;89;7
5;6;4;5;0;0;89;8
0;0;0;0;0;0;89;9
21;34;18;21;0;7;89;10
5;38;18;5;0;0;89;11
0;6;2;0;0;0;89;12
0;0;0;0;0;0;89;13
0;6;2;0;0;0;89;14
2;7;4;2;0;0;89;15
1;3;1;1;0;0;89;17
14;22;4;14;0;5;89;18
0;0;0;0;0;0;89;19
37;55;23;37;0;7;89;20
3;12;10;3;0;0;90;1
1;2;2;1;0;0;90;2
0;0;0;0;0;0;90;3
1;2;1;1;0;0;90;4
0;2;2;0;0;0;90;5
0;19;4;0;0;3;90;7
0;6;3;0;0;1;90;8
0;0;0;0;0;0;90;9
1;28;11;1;0;3;90;10
4;37;16;4;0;5;90;11
1;5;2;1;0;1;90;12
1;1;1;1;0;0;90;13
0;5;2;0;0;1;90;14
0;7;4;0;0;0;90;15
0;2;1;0;0;0;90;17
0;19;3;0;0;0;90;18
0;0;0;0;0;0;90;19
0;47;16;0;0;6;90;20
1;13;9;1;0;0;91;1
0;2;2;0;0;0;91;2
0;0;0;0;0;0;91;3
1;3;2;1;0;0;91;4
0;2;2;0;0;0;91;5
0;16;2;0;0;3;91;7
0;5;3;0;0;2;91;8
0;0;0;0;0;0;91;9
0;27;7;0;0;4;91;10
2;36;16;2;0;0;91;11
0;5;2;0;0;0;91;12
0;1;1;0;0;0;91;13
0;3;2;0;0;1;91;14
0;7;3;0;0;1;91;15
0;2;0;0;0;1;91;17
0;15;2;0;0;3;91;18
0;0;0;0;0;0;91;19
0;42;10;0;0;2;91;20
9;22;13;9;0;1;92;1
0;2;1;0;0;0;92;2
0;0;0;0;0;0;92;3
0;2;2;0;0;0;92;4
0;2;0;0;0;1;92;5
1;13;1;1;0;9;92;7
0;5;0;0;0;2;92;8
0;0;0;0;0;0;92;9
0;24;1;0;0;11;92;10
9;40;22;9;0;9;92;11
3;7;3;3;0;0;92;12
0;1;1;0;0;0;92;13
2;4;1;2;0;1;92;14
2;9;3;2;0;0;92;15
1;3;1;1;0;1;92;17
0;11;0;0;0;10;92;18
0;0;0;0;0;0;92;19
2;38;0;2;0;19;92;20
2;24;14;2;0;0;93;1
1;3;2;1;0;0;93;2
0;0;0;0;0;0;93;3
0;2;2;0;0;0;93;4
0;2;0;0;0;0;93;5
1;11;1;1;0;0;93;7
0;4;0;0;0;0;93;8
0;0;0;0;0;0;93;9
0;22;0;0;0;0;93;10
4;41;21;4;0;1;93;11
2;7;5;2;0;0;93;12
1;2;2;1;0;0;93;13
3;7;4;3;0;0;93;14
2;10;4;2;0;0;93;15
0;3;1;0;0;0;93;17
1;9;1;1;0;0;93;18
0;0;0;0;0;0;93;19
0;31;0;0;0;0;93;20
3;26;15;3;0;0;94;1
1;4;3;1;0;0;94;2
0;0;0;0;0;0;94;3
1;3;2;1;0;0;94;4
0;2;0;0;0;0;94;5
2;7;3;2;0;0;94;7
0;4;0;0;0;0;94;8
0;0;0;0;0;0;94;9
0;19;0;0;0;0;94;10
7;44;25;7;0;1;94;11
2;9;7;2;0;0;94;12
0;2;1;0;0;0;94;13
1;8;5;1;0;0;94;14
1;9;5;1;0;0;94;15
0;2;1;0;0;0;94;17
0;5;1;0;0;0;94;18
1;1;1;1;0;0;94;19
0;24;0;0;0;0;94;20
1;26;14;1;0;0;95;1
0;4;2;0;0;0;95;2
0;0;0;0;0;0;95;3
1;4;2;1;0;0;95;4
0;2;0;0;0;0;95;5
0;7;3;0;0;3;95;7
0;3;0;0;0;1;95;8
0;0;0;0;0;0;95;9
0;11;0;0;0;0;95;10
7;47;29;7;0;4;95;11
3;12;9;3;0;1;95;12
0;2;1;0;0;0;95;13
1;8;6;1;0;1;95;14
1;10;6;1;0;0;95;15
0;2;1;0;0;0;95;17
0;4;1;0;0;3;95;18
0;1;1;0;0;0;95;19
0;17;0;0;0;5;95;20
