"confirmados_pdia";"total_confirmados";"curados";"fallecidos";"cod_quien";"cod_cuando"
0;0;1;0;1;493
0;0;0;0;2;493
0;0;0;0;3;493
0;0;0;0;4;493
0;0;0;0;5;493
0;0;-1;1;6;493
0;0;0;0;7;493
0;0;0;0;8;493
0;0;0;0;9;493
0;0;0;0;10;493
0;0;0;0;11;493
0;0;0;0;12;493
0;0;0;0;13;493
0;0;0;0;14;493
0;0;0;0;15;493
0;0;0;0;16;493
0;0;0;0;17;493
0;0;0;0;18;493
0;0;0;0;19;493
0;0;0;0;20;493
0;0;0;0;21;493
0;0;0;0;22;493
0;0;0;0;23;493
0;0;0;0;24;493
0;0;0;0;25;493
0;0;0;0;26;493
0;0;0;0;27;493
0;0;0;0;28;493
0;0;0;0;29;493
0;0;0;0;30;493
0;0;0;0;31;493
0;0;0;0;32;493
0;0;0;0;33;493
0;0;0;0;34;493
0;0;0;0;35;493
0;0;0;0;36;493
0;0;0;0;1;494
0;0;2;0;2;494
0;0;0;0;3;494
0;0;1;0;4;494
0;0;0;0;5;494
0;0;0;0;6;494
0;0;0;0;7;494
0;0;0;0;8;494
0;0;0;0;9;494
0;0;0;0;10;494
0;0;0;0;11;494
0;0;0;0;12;494
0;0;0;0;13;494
0;0;0;0;14;494
0;0;0;0;15;494
0;0;1;0;16;494
0;0;0;0;17;494
0;0;0;0;18;494
0;0;1;0;19;494
0;0;4;0;20;494
0;0;1;0;21;494
0;0;2;0;22;494
0;0;5;0;23;494
0;0;8;0;24;494
0;0;2;0;25;494
0;0;3;0;26;494
0;0;0;0;27;494
0;0;0;0;28;494
0;0;0;0;29;494
0;0;0;0;30;494
0;0;0;0;31;494
0;0;0;0;32;494
0;0;0;0;33;494
0;0;1;0;34;494
0;0;0;0;35;494
0;0;0;0;36;494
0;0;0;0;1;495
0;0;0;0;2;495
0;0;1;0;3;495
-1;-1;-1;0;4;495
0;0;0;0;5;495
0;0;0;2;6;495
0;0;2;0;7;495
0;0;-1;1;8;495
0;0;0;0;9;495
1;1;3;0;10;495
0;0;0;0;11;495
0;0;0;0;12;495
0;0;0;0;13;495
0;0;0;0;14;495
0;0;0;0;15;495
0;0;0;0;16;495
0;0;0;0;17;495
0;0;0;0;18;495
0;0;1;0;19;495
0;0;0;0;20;495
0;0;1;0;21;495
0;0;1;1;22;495
0;0;10;0;23;495
0;0;5;0;24;495
0;0;1;0;25;495
0;0;0;0;26;495
0;0;0;0;27;495
0;0;0;0;28;495
0;0;0;0;29;495
0;0;0;0;30;495
0;0;0;0;31;495
0;0;4;0;32;495
0;0;1;0;33;495
0;0;2;0;34;495
0;0;1;0;35;495
0;0;1;0;36;495
0;0;0;0;1;496
0;0;0;0;2;496
0;0;-1;2;3;496
0;0;1;0;4;496
0;0;0;1;5;496
0;0;-1;2;6;496
0;0;1;0;7;496
0;0;0;1;8;496
0;0;-1;1;9;496
0;0;1;0;10;496
0;0;0;0;11;496
0;0;0;0;12;496
0;0;0;0;13;496
0;0;0;0;14;496
0;0;0;0;15;496
0;0;0;0;16;496
0;0;0;0;17;496
0;0;0;0;18;496
1;1;1;0;19;496
0;0;0;0;20;496
0;0;0;0;21;496
0;0;0;2;22;496
0;0;-4;3;23;496
0;0;-1;3;24;496
0;0;1;0;25;496
0;0;0;1;26;496
0;0;0;0;27;496
0;0;0;0;28;496
0;0;1;0;29;496
0;0;0;0;30;496
0;0;0;0;31;496
0;0;2;0;32;496
0;0;3;0;33;496
0;0;0;0;34;496
0;0;0;0;35;496
0;0;0;0;36;496
0;0;0;0;1;497
0;0;1;0;2;497
0;0;1;0;3;497
0;0;0;0;4;497
0;0;0;0;5;497
0;0;1;0;6;497
0;0;0;0;7;497
0;0;0;0;8;497
0;0;0;0;9;497
-1;-1;-1;0;10;497
0;0;0;0;11;497
0;0;0;0;12;497
0;0;0;0;13;497
0;0;0;0;14;497
0;0;0;0;15;497
0;0;0;0;16;497
0;0;0;0;17;497
0;0;0;0;18;497
0;0;0;0;19;497
0;0;0;0;20;497
0;0;0;0;21;497
0;0;0;0;22;497
0;0;0;0;23;497
0;0;2;0;24;497
0;0;0;0;25;497
0;0;1;0;26;497
0;0;0;0;27;497
0;0;0;0;28;497
0;0;0;0;29;497
0;0;0;0;30;497
0;0;0;0;31;497
0;0;0;0;32;497
0;0;0;0;33;497
0;0;0;0;34;497
0;0;0;0;35;497
0;0;0;0;36;497
1;1;1;0;1;498
0;0;0;0;2;498
0;0;0;0;3;498
0;0;0;0;4;498
0;0;0;0;5;498
0;0;0;0;6;498
1;0;0;0;7;498
0;0;0;0;8;498
0;0;0;0;9;498
2;2;1;0;10;498
0;0;0;0;11;498
0;0;0;0;12;498
0;0;0;0;13;498
0;0;0;0;14;498
0;0;0;0;15;498
0;0;0;0;16;498
0;0;0;0;17;498
0;0;0;0;18;498
0;0;0;0;19;498
0;0;0;0;20;498
1;0;0;0;21;498
0;0;0;0;22;498
0;0;0;0;23;498
1;0;1;-1;24;498
0;0;0;0;25;498
1;0;0;0;26;498
0;0;0;0;27;498
0;0;0;0;28;498
0;0;0;0;29;498
0;0;0;0;30;498
0;0;0;0;31;498
0;0;0;0;32;498
0;0;0;0;33;498
0;0;0;0;34;498
0;0;0;0;35;498
0;0;0;0;36;498
0;0;0;0;1;499
0;0;0;0;2;499
0;0;0;0;3;499
1;1;1;1;4;499
0;0;0;0;5;499
0;0;0;0;6;499
0;0;0;0;7;499
0;0;0;0;8;499
0;0;0;0;9;499
3;3;6;0;10;499
0;0;1;0;11;499
0;0;0;0;12;499
0;0;1;0;13;499
0;0;0;0;14;499
0;0;0;0;15;499
0;0;0;0;16;499
0;0;0;0;17;499
0;0;0;0;18;499
0;0;0;0;19;499
0;0;0;0;20;499
0;0;0;0;21;499
0;0;0;0;22;499
0;0;1;0;23;499
0;0;2;0;24;499
1;0;1;0;25;499
0;0;1;0;26;499
0;0;0;0;27;499
5;5;4;0;28;499
0;0;0;0;29;499
0;0;0;0;30;499
0;0;0;0;31;499
1;1;1;0;32;499
0;0;1;0;33;499
0;0;0;0;34;499
0;0;0;0;35;499
0;0;0;0;36;499
0;0;0;0;1;500
0;0;1;0;2;500
0;0;0;0;3;500
0;0;1;0;4;500
0;0;0;0;5;500
0;0;0;0;6;500
0;0;3;0;7;500
0;0;0;0;8;500
0;0;0;0;9;500
0;0;0;0;10;500
0;0;0;0;11;500
0;0;0;0;12;500
0;0;0;0;13;500
0;0;0;0;14;500
0;0;0;0;15;500
0;0;0;0;16;500
0;0;0;0;17;500
0;0;0;0;18;500
1;1;1;0;19;500
0;0;1;0;20;500
0;0;1;0;21;500
0;0;-1;1;22;500
0;0;3;0;23;500
0;0;2;0;24;500
0;0;6;0;25;500
0;0;1;0;26;500
0;0;0;0;27;500
0;0;0;0;28;500
0;0;0;0;29;500
0;0;0;0;30;500
0;0;1;0;31;500
0;0;0;0;32;500
0;0;0;0;33;500
0;0;0;0;34;500
0;0;1;0;35;500
0;0;0;0;36;500
0;0;0;0;1;501
0;0;0;0;2;501
0;0;0;0;3;501
0;0;0;0;4;501
0;0;0;0;5;501
0;0;0;0;6;501
0;0;0;0;7;501
0;0;0;0;8;501
0;0;0;0;9;501
0;0;1;0;10;501
0;0;0;0;11;501
0;0;0;0;12;501
0;0;0;0;13;501
0;0;0;0;14;501
0;0;0;0;15;501
0;0;0;0;16;501
0;0;0;0;17;501
0;0;0;0;18;501
0;0;0;0;19;501
0;0;0;0;20;501
0;0;0;0;21;501
0;0;0;0;22;501
0;0;0;0;23;501
0;0;1;0;24;501
1;0;0;0;25;501
0;0;0;0;26;501
0;0;0;0;27;501
1;1;0;0;28;501
0;0;0;0;29;501
0;0;0;0;30;501
0;0;0;0;31;501
1;1;0;0;32;501
0;0;0;0;33;501
0;0;0;0;34;501
0;0;0;0;35;501
0;0;0;0;36;501
-1;-1;-1;0;1;502
0;0;0;0;2;502
1;1;0;1;3;502
1;1;0;1;4;502
1;1;0;1;5;502
1;1;1;1;6;502
1;1;0;0;7;502
0;0;0;0;8;502
0;0;0;0;9;502
1;1;2;0;10;502
0;0;0;0;11;502
0;0;0;0;12;502
0;0;0;0;13;502
0;0;0;0;14;502
0;0;0;0;15;502
0;0;0;0;16;502
0;0;0;0;17;502
0;0;0;0;18;502
0;0;0;0;19;502
0;0;0;0;20;502
0;0;4;0;21;502
2;2;4;2;22;502
1;1;3;0;23;502
0;0;13;0;24;502
1;1;6;1;25;502
0;0;0;0;26;502
0;0;1;0;27;502
0;0;0;0;28;502
0;0;0;0;29;502
0;0;0;0;30;502
0;0;0;0;31;502
-1;-1;0;0;32;502
0;0;0;0;33;502
0;0;0;0;34;502
0;0;0;0;35;502
0;0;0;0;36;502
0;0;0;0;1;503
0;0;0;0;2;503
0;0;0;0;3;503
0;0;1;0;4;503
0;0;0;0;5;503
0;0;1;0;6;503
0;0;0;0;7;503
0;0;0;0;8;503
0;0;0;0;9;503
27;27;28;0;10;503
2;2;3;0;11;503
1;1;1;0;12;503
0;0;0;0;13;503
1;1;1;0;14;503
0;0;0;0;15;503
0;0;0;0;16;503
0;0;0;0;17;503
0;0;0;0;18;503
-1;-1;0;0;19;503
0;0;0;0;20;503
0;0;0;0;21;503
0;0;0;0;22;503
0;0;1;1;23;503
1;1;1;1;24;503
0;0;3;0;25;503
1;1;1;1;26;503
0;0;0;0;27;503
15;15;15;0;28;503
0;0;0;0;29;503
1;1;1;0;30;503
0;0;0;0;31;503
2;2;2;0;32;503
0;0;0;0;33;503
0;0;0;0;34;503
0;0;0;0;35;503
0;0;0;0;36;503
0;0;0;0;1;504
0;0;0;0;2;504
0;0;0;0;3;504
0;0;0;0;4;504
1;1;0;0;5;504
0;0;0;0;6;504
0;0;0;0;7;504
0;0;0;0;8;504
0;0;0;0;9;504
0;0;0;0;10;504
0;0;0;0;11;504
0;0;0;0;12;504
0;0;0;0;13;504
0;0;0;0;14;504
0;0;0;0;15;504
0;0;0;0;16;504
0;0;0;0;17;504
0;0;0;0;18;504
0;0;0;0;19;504
0;0;0;0;20;504
0;0;0;0;21;504
0;0;0;0;22;504
0;0;0;0;23;504
1;1;0;0;24;504
0;0;0;0;25;504
0;0;-1;0;26;504
0;0;0;0;27;504
0;0;1;0;28;504
0;0;0;0;29;504
0;0;0;0;30;504
0;0;0;0;31;504
0;0;0;0;32;504
0;0;0;0;33;504
0;0;0;0;34;504
0;0;0;0;35;504
0;0;0;0;36;504
0;0;0;0;1;505
0;0;0;0;2;505
0;0;0;0;3;505
0;0;0;0;4;505
0;0;0;0;5;505
0;0;0;0;6;505
0;0;0;0;7;505
0;0;0;0;8;505
0;0;0;0;9;505
0;0;1;0;10;505
0;0;0;0;11;505
0;0;0;0;12;505
0;0;0;0;13;505
0;0;0;0;14;505
0;0;0;0;15;505
0;0;0;0;16;505
0;0;0;0;17;505
0;0;0;0;18;505
0;0;0;0;19;505
0;0;0;0;20;505
0;0;0;0;21;505
0;0;1;0;22;505
0;0;0;0;23;505
0;0;1;0;24;505
0;0;0;0;25;505
0;0;0;0;26;505
0;0;0;0;27;505
1;1;1;0;28;505
0;0;0;0;29;505
0;0;0;0;30;505
0;0;0;0;31;505
0;0;0;0;32;505
0;0;0;0;33;505
0;0;0;0;34;505
0;0;0;0;35;505
0;0;0;0;36;505
0;0;0;0;1;506
0;0;0;0;2;506
0;0;0;0;3;506
0;0;0;0;4;506
0;0;0;0;5;506
0;0;0;0;6;506
0;0;0;0;7;506
0;0;0;0;8;506
0;0;0;0;9;506
4;4;4;0;10;506
0;0;0;0;11;506
1;1;1;0;12;506
0;0;0;0;13;506
0;0;0;0;14;506
0;0;1;0;15;506
0;0;0;0;16;506
0;0;0;0;17;506
0;0;0;0;18;506
0;0;0;0;19;506
0;0;0;0;20;506
0;0;0;0;21;506
0;0;0;0;22;506
0;0;0;0;23;506
0;0;0;0;24;506
0;0;0;0;25;506
0;0;0;0;26;506
0;0;0;0;27;506
2;2;1;0;28;506
0;0;0;0;29;506
0;0;0;0;30;506
0;0;1;0;31;506
0;0;0;0;32;506
0;0;0;0;33;506
0;0;0;0;34;506
0;0;0;0;35;506
0;0;0;0;36;506
0;0;0;0;1;507
0;0;0;0;2;507
0;0;0;0;3;507
0;0;0;0;4;507
0;0;0;0;5;507
0;0;0;0;6;507
0;0;0;0;7;507
0;0;0;0;8;507
0;0;0;0;9;507
-1;-1;4;0;10;507
0;0;0;0;11;507
0;0;0;0;12;507
0;0;0;0;13;507
0;0;0;0;14;507
0;0;0;0;15;507
0;0;0;0;16;507
0;0;0;0;17;507
0;0;0;0;18;507
0;0;0;0;19;507
0;0;0;0;20;507
0;0;0;0;21;507
0;0;0;0;22;507
1;1;0;0;23;507
0;0;1;0;24;507
0;0;0;0;25;507
0;0;0;0;26;507
0;0;0;0;27;507
-1;-1;1;0;28;507
0;0;0;0;29;507
0;0;0;0;30;507
1;1;1;0;31;507
0;0;0;0;32;507
0;0;0;0;33;507
0;0;0;0;34;507
0;0;0;0;35;507
0;0;0;0;36;507
0;0;0;0;1;508
0;0;0;0;2;508
0;0;0;0;3;508
0;0;0;0;4;508
0;0;0;0;5;508
0;0;0;0;6;508
0;0;0;0;7;508
0;0;0;0;8;508
0;0;0;0;9;508
1;1;0;0;10;508
0;0;0;0;11;508
0;0;0;0;12;508
0;0;0;0;13;508
0;0;0;0;14;508
0;0;0;0;15;508
0;0;0;0;16;508
0;0;0;0;17;508
0;0;0;0;18;508
0;0;0;0;19;508
1;1;0;0;20;508
0;0;0;0;21;508
0;0;0;0;22;508
0;0;0;0;23;508
0;0;0;0;24;508
1;1;1;0;25;508
0;0;0;0;26;508
0;0;0;0;27;508
0;0;2;0;28;508
0;0;0;0;29;508
0;0;0;0;30;508
-1;-1;-1;0;31;508
0;0;0;0;32;508
0;0;0;0;33;508
0;0;0;0;34;508
0;0;0;0;35;508
0;0;0;0;36;508
0;0;0;0;1;509
0;0;0;0;2;509
0;0;0;0;3;509
0;0;0;0;4;509
0;0;0;0;5;509
0;0;0;0;6;509
0;0;0;0;7;509
0;0;0;0;8;509
0;0;0;0;9;509
3;3;0;0;10;509
0;0;0;0;11;509
0;0;0;0;12;509
0;0;0;0;13;509
0;0;0;0;14;509
0;0;0;0;15;509
0;0;0;0;16;509
0;0;0;0;17;509
0;0;0;0;18;509
0;0;0;0;19;509
0;0;0;1;20;509
0;0;0;0;21;509
0;0;0;0;22;509
0;0;0;0;23;509
0;0;0;0;24;509
0;0;0;0;25;509
0;0;0;0;26;509
0;0;0;0;27;509
0;0;1;0;28;509
0;0;0;0;29;509
0;0;0;0;30;509
0;0;1;0;31;509
0;0;0;0;32;509
0;0;0;0;33;509
0;0;0;0;34;509
0;0;0;0;35;509
0;0;0;0;36;509
0;0;0;0;1;510
0;0;0;0;2;510
0;0;0;0;3;510
0;0;0;0;4;510
0;0;0;0;5;510
0;0;0;0;6;510
0;0;0;0;7;510
0;0;0;0;8;510
0;0;0;0;9;510
-1;-1;0;0;10;510
0;0;0;0;11;510
0;0;0;0;12;510
0;0;0;0;13;510
0;0;0;0;14;510
0;0;0;0;15;510
0;0;0;0;16;510
0;0;0;0;17;510
0;0;0;0;18;510
0;0;0;0;19;510
0;0;0;0;20;510
0;0;0;0;21;510
0;0;0;0;22;510
0;0;0;0;23;510
0;0;0;0;24;510
0;0;0;0;25;510
0;0;0;0;26;510
0;0;0;0;27;510
0;0;0;0;28;510
0;0;0;0;29;510
0;0;0;0;30;510
0;0;0;0;31;510
0;0;0;0;32;510
0;0;0;0;33;510
0;0;0;0;34;510
0;0;0;0;35;510
0;0;0;0;36;510
0;0;0;0;1;511
0;0;0;0;2;511
0;0;0;0;3;511
0;0;0;0;4;511
0;0;0;0;5;511
0;0;0;0;6;511
0;0;0;0;7;511
0;0;0;0;8;511
0;0;0;0;9;511
0;0;0;0;10;511
0;0;0;0;11;511
0;0;0;0;12;511
0;0;0;0;13;511
0;0;0;0;14;511
0;0;0;0;15;511
0;0;0;0;16;511
0;0;0;0;17;511
0;0;0;0;18;511
0;0;0;0;19;511
0;0;0;0;20;511
0;0;0;0;21;511
0;0;0;0;22;511
0;0;0;0;23;511
0;0;0;0;24;511
0;0;0;0;25;511
0;0;0;0;26;511
0;0;0;0;27;511
1;1;5;0;28;511
0;0;0;0;29;511
0;0;1;0;30;511
0;0;0;0;31;511
0;0;0;0;32;511
0;0;0;0;33;511
0;0;0;0;34;511
0;0;0;0;35;511
0;0;0;0;36;511
0;0;0;0;1;512
0;0;0;0;2;512
0;0;0;0;3;512
0;0;1;0;4;512
0;0;1;0;5;512
0;0;0;0;6;512
0;0;1;0;7;512
0;0;0;0;8;512
0;0;0;0;9;512
0;0;1;0;10;512
0;0;0;0;11;512
0;0;0;0;12;512
0;0;0;0;13;512
0;0;0;0;14;512
0;0;0;0;15;512
0;0;0;0;16;512
0;0;0;0;17;512
0;0;0;0;18;512
0;0;0;0;19;512
0;0;0;0;20;512
0;0;0;0;21;512
0;0;0;0;22;512
0;0;1;0;23;512
0;0;1;0;24;512
0;0;0;0;25;512
0;0;-1;1;26;512
0;0;0;0;27;512
0;0;0;0;28;512
0;0;0;0;29;512
0;0;0;0;30;512
0;0;0;0;31;512
0;0;0;0;32;512
0;0;0;0;33;512
0;0;0;0;34;512
0;0;0;0;35;512
0;0;0;0;36;512
0;0;0;0;1;513
0;0;0;0;2;513
1;1;0;0;3;513
1;1;0;0;4;513
0;0;0;0;5;513
0;0;0;0;6;513
0;0;0;0;7;513
0;0;0;0;8;513
0;0;0;0;9;513
1;1;5;0;10;513
0;0;0;0;11;513
0;0;1;0;12;513
1;1;0;0;13;513
0;0;0;0;14;513
0;0;0;0;15;513
0;0;0;0;16;513
0;0;0;0;17;513
0;0;0;0;18;513
0;0;0;0;19;513
0;0;0;0;20;513
1;1;0;0;21;513
0;0;0;0;22;513
1;1;0;0;23;513
1;1;0;0;24;513
0;0;0;0;25;513
0;0;0;0;26;513
0;0;0;0;27;513
0;0;0;0;28;513
0;0;0;0;29;513
0;0;0;0;30;513
0;0;0;0;31;513
0;0;0;0;32;513
0;0;0;0;33;513
0;0;0;0;34;513
0;0;0;0;35;513
0;0;0;0;36;513
0;0;0;0;1;514
0;0;0;0;2;514
0;0;0;0;3;514
0;0;0;0;4;514
0;0;0;0;5;514
0;0;0;0;6;514
0;0;0;0;7;514
0;0;0;0;8;514
0;0;0;0;9;514
0;0;0;0;10;514
0;0;0;0;11;514
0;0;0;0;12;514
-1;-1;0;0;13;514
0;0;0;0;14;514
0;0;0;0;15;514
0;0;0;0;16;514
0;0;0;0;17;514
0;0;0;0;18;514
0;0;0;0;19;514
0;0;0;0;20;514
0;0;0;0;21;514
1;1;0;0;22;514
0;0;0;0;23;514
0;0;0;0;24;514
0;0;0;0;25;514
0;0;0;0;26;514
0;0;0;0;27;514
0;0;1;0;28;514
0;0;0;0;29;514
0;0;0;0;30;514
0;0;0;0;31;514
0;0;0;0;32;514
0;0;0;0;33;514
0;0;0;0;34;514
0;0;0;0;35;514
0;0;0;0;36;514
0;0;0;0;1;515
0;0;0;0;2;515
0;0;0;0;3;515
1;1;0;1;4;515
0;0;0;1;5;515
0;0;0;0;6;515
0;0;0;0;7;515
0;0;0;0;8;515
0;0;0;0;9;515
0;0;0;0;10;515
0;0;0;0;11;515
0;0;0;0;12;515
0;0;0;0;13;515
0;0;0;0;14;515
0;0;0;0;15;515
0;0;0;0;16;515
0;0;0;0;17;515
0;0;0;0;18;515
0;0;0;0;19;515
0;0;0;0;20;515
0;0;0;0;21;515
-1;-1;0;-1;22;515
0;0;0;0;23;515
0;0;0;0;24;515
0;0;0;0;25;515
0;0;0;0;26;515
0;0;0;0;27;515
0;0;0;0;28;515
0;0;0;0;29;515
0;0;0;0;30;515
0;0;0;0;31;515
0;0;0;0;32;515
0;0;0;0;33;515
0;0;0;0;34;515
0;0;0;0;35;515
0;0;0;0;36;515
0;0;0;0;1;516
0;0;0;0;2;516
0;0;0;0;3;516
0;0;0;0;4;516
0;0;0;0;5;516
0;0;0;0;6;516
0;0;0;0;7;516
0;0;0;0;8;516
0;0;0;0;9;516
-1;-1;0;0;10;516
0;0;0;0;11;516
0;0;0;0;12;516
0;0;0;0;13;516
0;0;0;0;14;516
0;0;0;0;15;516
0;0;0;0;16;516
0;0;0;0;17;516
0;0;0;0;18;516
0;0;0;0;19;516
0;0;0;0;20;516
0;0;0;0;21;516
0;0;0;0;22;516
0;0;0;0;23;516
0;0;0;0;24;516
0;0;0;0;25;516
0;0;0;0;26;516
0;0;0;0;27;516
0;0;0;0;28;516
0;0;0;0;29;516
0;0;0;0;30;516
0;0;0;0;31;516
0;0;0;0;32;516
0;0;0;0;33;516
0;0;0;0;34;516
0;0;0;0;35;516
0;0;0;0;36;516
0;0;0;0;1;517
0;0;0;0;2;517
0;0;0;0;3;517
3;3;1;0;4;517
0;0;0;0;5;517
1;1;0;0;6;517
1;1;0;0;7;517
0;0;0;0;8;517
0;0;0;0;9;517
0;0;0;0;10;517
0;0;0;0;11;517
0;0;0;0;12;517
0;0;0;0;13;517
0;0;0;0;14;517
0;0;0;0;15;517
0;0;0;0;16;517
0;0;0;0;17;517
0;0;0;0;18;517
0;0;0;0;19;517
1;1;1;0;20;517
1;1;0;0;21;517
1;1;1;0;22;517
2;2;1;0;23;517
1;1;-1;2;24;517
5;5;2;3;25;517
1;1;1;0;26;517
0;0;0;0;27;517
1;1;1;0;28;517
0;0;0;0;29;517
0;0;0;0;30;517
0;0;0;0;31;517
0;0;0;0;32;517
2;2;0;0;33;517
0;0;0;0;34;517
0;0;0;0;35;517
0;0;0;0;36;517
2;2;2;0;1;518
0;0;0;0;2;518
0;0;0;0;3;518
0;0;0;0;4;518
0;0;0;0;5;518
0;0;0;0;6;518
0;0;0;0;7;518
0;0;0;0;8;518
0;0;0;0;9;518
1;1;1;0;10;518
0;0;0;0;11;518
0;0;0;0;12;518
0;0;0;0;13;518
0;0;0;0;14;518
0;0;0;0;15;518
0;0;0;0;16;518
0;0;0;0;17;518
0;0;0;0;18;518
0;0;0;0;19;518
0;0;0;0;20;518
0;0;1;0;21;518
0;0;0;0;22;518
0;0;0;0;23;518
0;0;0;0;24;518
1;1;0;0;25;518
0;0;-1;1;26;518
0;0;0;0;27;518
0;0;0;0;28;518
0;0;0;0;29;518
0;0;0;0;30;518
0;0;0;0;31;518
0;0;0;0;32;518
0;0;0;0;33;518
0;0;0;0;34;518
0;0;0;0;35;518
0;0;0;0;36;518
0;0;0;0;1;519
0;0;0;0;2;519
0;0;0;0;3;519
0;0;0;0;4;519
0;0;0;0;5;519
0;0;0;0;6;519
0;0;0;0;7;519
0;0;0;0;8;519
0;0;0;0;9;519
1;1;0;0;10;519
0;0;0;0;11;519
0;0;0;0;12;519
0;0;0;0;13;519
0;0;0;0;14;519
0;0;0;0;15;519
0;0;0;0;16;519
0;0;0;0;17;519
0;0;0;0;18;519
0;0;0;0;19;519
0;0;0;0;20;519
0;0;0;0;21;519
0;0;0;0;22;519
0;0;0;0;23;519
0;0;0;0;24;519
0;0;0;0;25;519
0;0;0;0;26;519
0;0;0;0;27;519
2;2;1;0;28;519
0;0;0;0;29;519
0;0;0;0;30;519
0;0;0;0;31;519
0;0;0;0;32;519
0;0;0;0;33;519
0;0;0;0;34;519
0;0;0;0;35;519
0;0;0;0;36;519
0;0;0;0;1;520
0;0;0;0;2;520
0;0;0;0;3;520
0;0;0;0;4;520
0;0;0;0;5;520
0;0;0;0;6;520
0;0;0;0;7;520
0;0;0;0;8;520
0;0;0;0;9;520
-1;-1;1;0;10;520
0;0;0;0;11;520
0;0;0;0;12;520
0;0;0;0;13;520
0;0;0;0;14;520
0;0;0;0;15;520
0;0;0;0;16;520
0;0;0;0;17;520
0;0;0;0;18;520
0;0;0;0;19;520
0;0;0;0;20;520
0;0;0;0;21;520
0;0;0;0;22;520
0;0;0;0;23;520
1;1;0;0;24;520
-1;-1;0;0;25;520
0;0;0;0;26;520
0;0;0;0;27;520
0;0;0;0;28;520
0;0;0;0;29;520
0;0;0;0;30;520
0;0;0;0;31;520
0;0;0;0;32;520
-2;-2;0;0;33;520
0;0;0;0;34;520
0;0;0;0;35;520
0;0;0;0;36;520
0;0;0;0;1;521
0;0;0;0;2;521
0;0;0;0;3;521
0;0;0;0;4;521
0;0;0;0;5;521
0;0;0;0;6;521
0;0;0;0;7;521
0;0;0;0;8;521
0;0;0;0;9;521
0;0;0;0;10;521
0;0;0;0;11;521
0;0;0;0;12;521
0;0;0;0;13;521
0;0;0;0;14;521
0;0;0;0;15;521
0;0;0;0;16;521
0;0;0;0;17;521
0;0;0;0;18;521
0;0;0;0;19;521
0;0;0;0;20;521
0;0;0;0;21;521
0;0;0;0;22;521
0;0;0;0;23;521
0;0;0;0;24;521
0;0;0;0;25;521
0;0;0;0;26;521
0;0;0;0;27;521
0;0;0;0;28;521
0;0;0;0;29;521
0;0;0;0;30;521
0;0;0;0;31;521
0;0;0;0;32;521
0;0;0;0;33;521
0;0;0;0;34;521
0;0;0;0;35;521
0;0;0;0;36;521
0;0;0;0;1;522
0;0;0;0;2;522
0;0;0;0;3;522
0;0;0;0;4;522
0;0;0;0;5;522
0;0;0;0;6;522
0;0;0;0;7;522
0;0;0;0;8;522
0;0;0;0;9;522
0;0;0;0;10;522
0;0;0;0;11;522
0;0;0;0;12;522
0;0;0;0;13;522
0;0;0;0;14;522
0;0;0;0;15;522
0;0;0;0;16;522
0;0;0;0;17;522
0;0;0;0;18;522
0;0;0;0;19;522
0;0;0;0;20;522
0;0;1;0;21;522
0;0;0;0;22;522
0;0;0;0;23;522
0;0;0;0;24;522
0;0;0;0;25;522
0;0;0;0;26;522
0;0;0;0;27;522
1;1;1;0;28;522
0;0;0;0;29;522
0;0;0;0;30;522
0;0;0;0;31;522
0;0;0;0;32;522
0;0;0;0;33;522
0;0;0;0;34;522
0;0;0;0;35;522
0;0;0;0;36;522
0;0;5;0;1;523
0;0;4;0;2;523
0;0;5;0;3;523
0;0;1;0;4;523
0;0;4;0;5;523
0;0;3;0;6;523
0;0;1;0;7;523
0;0;0;0;8;523
0;0;0;0;9;523
0;0;7;0;10;523
0;0;0;0;11;523
0;0;1;0;12;523
0;0;0;0;13;523
0;0;0;0;14;523
0;0;0;0;15;523
0;0;0;0;16;523
0;0;0;0;17;523
0;0;0;0;18;523
1;1;1;0;19;523
0;0;6;0;20;523
0;0;0;0;21;523
0;0;15;0;22;523
-1;-1;11;0;23;523
2;2;16;0;24;523
1;1;12;0;25;523
0;0;3;0;26;523
0;0;0;0;27;523
1;1;3;0;28;523
0;0;0;0;29;523
0;0;0;0;30;523
0;0;0;0;31;523
2;2;2;0;32;523
0;0;0;0;33;523
0;0;1;0;34;523
1;1;0;1;35;523
1;1;1;0;36;523
0;0;0;0;1;524
0;0;1;0;2;524
0;0;2;0;3;524
0;0;1;0;4;524
0;0;5;0;5;524
0;0;1;0;6;524
0;0;1;0;7;524
0;0;1;0;8;524
0;0;0;0;9;524
0;0;1;0;10;524
0;0;0;0;11;524
0;0;0;0;12;524
0;0;0;0;13;524
0;0;0;0;14;524
0;0;1;0;15;524
0;0;0;0;16;524
0;0;0;0;17;524
0;0;0;0;18;524
0;0;0;0;19;524
0;0;0;0;20;524
0;0;2;0;21;524
0;0;5;0;22;524
0;0;6;0;23;524
0;0;2;0;24;524
0;0;5;0;25;524
0;0;1;0;26;524
0;0;0;0;27;524
0;0;2;0;28;524
0;0;0;0;29;524
0;0;0;0;30;524
0;0;0;0;31;524
0;0;0;0;32;524
0;0;0;0;33;524
0;0;0;0;34;524
0;0;0;0;35;524
0;0;0;0;36;524
0;0;0;0;1;525
0;0;0;0;2;525
0;0;0;0;3;525
0;0;1;0;4;525
0;0;0;0;5;525
0;0;0;0;6;525
0;0;0;0;7;525
0;0;0;0;8;525
0;0;0;0;9;525
1;1;1;0;10;525
0;0;0;0;11;525
0;0;0;0;12;525
0;0;0;0;13;525
0;0;0;0;14;525
0;0;0;0;15;525
0;0;0;0;16;525
0;0;0;0;17;525
0;0;0;0;18;525
0;0;0;0;19;525
0;0;0;0;20;525
0;0;0;0;21;525
0;0;0;0;22;525
0;0;0;0;23;525
0;0;1;0;24;525
0;0;0;0;25;525
0;0;0;0;26;525
0;0;0;0;27;525
2;2;0;0;28;525
0;0;0;0;29;525
0;0;0;0;30;525
0;0;0;0;31;525
0;0;0;0;32;525
1;1;0;0;33;525
0;0;0;0;34;525
0;0;0;0;35;525
0;0;0;0;36;525
0;0;0;0;1;526
0;0;0;0;2;526
0;0;0;0;3;526
0;0;1;0;4;526
0;0;0;0;5;526
1;1;0;0;6;526
0;0;0;0;7;526
0;0;0;0;8;526
0;0;0;0;9;526
0;0;1;0;10;526
0;0;0;0;11;526
0;0;0;0;12;526
0;0;0;0;13;526
0;0;0;0;14;526
0;0;0;0;15;526
0;0;0;0;16;526
0;0;0;0;17;526
0;0;0;0;18;526
1;1;0;0;19;526
0;0;0;0;20;526
1;1;0;0;21;526
0;0;0;0;22;526
1;1;0;0;23;526
1;1;0;0;24;526
0;0;0;0;25;526
0;0;0;0;26;526
0;0;0;0;27;526
0;0;1;0;28;526
0;0;0;0;29;526
0;0;0;0;30;526
0;0;0;0;31;526
0;0;0;0;32;526
-1;-1;0;0;33;526
0;0;0;0;34;526
0;0;0;0;35;526
0;0;0;0;36;526
0;0;0;0;1;527
1;1;1;0;2;527
0;0;0;0;3;527
0;0;2;0;4;527
1;1;0;0;5;527
0;0;1;0;6;527
0;0;1;0;7;527
0;0;0;0;8;527
0;0;0;0;9;527
0;0;3;0;10;527
0;0;0;0;11;527
0;0;0;0;12;527
0;0;0;0;13;527
0;0;0;0;14;527
0;0;0;0;15;527
0;0;0;0;16;527
0;0;0;0;17;527
0;0;0;0;18;527
0;0;0;0;19;527
0;0;0;0;20;527
0;0;0;0;21;527
1;1;2;0;22;527
1;1;7;0;23;527
0;0;6;2;24;527
1;2;1;0;25;527
0;0;0;0;26;527
0;0;0;0;27;527
1;1;1;0;28;527
0;0;0;0;29;527
0;0;1;0;30;527
0;0;0;0;31;527
0;0;0;0;32;527
0;0;0;0;33;527
0;0;0;0;34;527
0;0;0;0;35;527
0;0;0;0;36;527
1;1;2;0;1;528
0;0;2;0;2;528
0;0;0;0;3;528
1;1;4;0;4;528
0;0;2;0;5;528
1;1;4;0;6;528
0;0;3;0;7;528
0;0;0;0;8;528
0;0;0;0;9;528
0;0;0;0;10;528
0;0;1;0;11;528
0;0;0;0;12;528
0;0;0;0;13;528
0;0;0;0;14;528
0;0;0;0;15;528
0;0;0;0;16;528
0;0;0;0;17;528
0;0;0;0;18;528
1;1;0;1;19;528
0;0;0;0;20;528
1;1;1;0;21;528
1;1;0;0;22;528
0;0;6;0;23;528
4;4;8;0;24;528
1;0;6;0;25;528
0;0;1;0;26;528
0;0;0;0;27;528
1;1;1;0;28;528
0;0;0;0;29;528
0;0;0;0;30;528
0;0;0;0;31;528
0;0;1;0;32;528
1;1;2;0;33;528
0;0;0;0;34;528
0;0;0;0;35;528
0;0;0;0;36;528
0;0;0;0;1;529
0;0;0;0;2;529
0;0;0;0;3;529
0;0;0;0;4;529
0;0;0;0;5;529
0;0;0;0;6;529
0;0;0;0;7;529
0;0;0;0;8;529
0;0;0;0;9;529
0;0;0;0;10;529
0;0;0;0;11;529
0;0;0;0;12;529
0;0;0;0;13;529
0;0;0;0;14;529
0;0;0;0;15;529
0;0;0;0;16;529
0;0;0;0;17;529
0;0;0;0;18;529
0;0;0;0;19;529
0;0;0;0;20;529
0;0;0;0;21;529
0;0;0;0;22;529
0;0;0;0;23;529
0;0;0;0;24;529
0;0;0;0;25;529
0;0;0;0;26;529
0;0;0;0;27;529
-1;-1;0;0;28;529
0;0;0;0;29;529
0;0;0;0;30;529
0;0;0;0;31;529
0;0;0;0;32;529
0;0;0;0;33;529
0;0;0;0;34;529
0;0;0;0;35;529
0;0;0;0;36;529
0;0;0;0;1;530
0;0;0;0;2;530
0;0;0;0;3;530
0;0;0;0;4;530
0;0;0;0;5;530
0;0;0;0;6;530
0;0;0;0;7;530
0;0;0;0;8;530
0;0;0;0;9;530
0;0;0;0;10;530
0;0;0;0;11;530
0;0;0;0;12;530
0;0;0;0;13;530
0;0;0;0;14;530
0;0;0;0;15;530
0;0;0;0;16;530
0;0;0;0;17;530
0;0;0;0;18;530
0;0;0;0;19;530
0;0;0;0;20;530
0;0;0;0;21;530
0;0;0;0;22;530
0;0;0;0;23;530
0;0;0;0;24;530
0;0;0;0;25;530
0;0;0;0;26;530
0;0;0;0;27;530
0;0;0;0;28;530
0;0;0;0;29;530
0;0;0;0;30;530
0;0;0;0;31;530
0;0;0;0;32;530
0;0;0;0;33;530
0;0;0;0;34;530
0;0;0;0;35;530
0;0;0;0;36;530
0;0;0;0;1;531
0;0;4;0;2;531
0;0;1;0;3;531
0;0;1;0;4;531
0;0;2;0;5;531
0;0;5;0;6;531
0;0;1;0;7;531
0;0;0;0;8;531
0;0;0;0;9;531
0;0;0;0;10;531
0;0;0;0;11;531
0;0;0;0;12;531
0;0;1;0;13;531
0;0;0;0;14;531
0;0;0;0;15;531
0;0;0;0;16;531
0;0;0;0;17;531
0;0;0;0;18;531
0;0;0;0;19;531
0;0;0;0;20;531
0;0;0;0;21;531
0;0;0;0;22;531
0;0;2;0;23;531
1;1;4;0;24;531
0;0;2;0;25;531
0;0;1;0;26;531
0;0;0;0;27;531
0;0;1;0;28;531
0;0;0;0;29;531
0;0;0;0;30;531
0;0;0;0;31;531
0;0;1;0;32;531
-1;-1;0;0;33;531
0;0;0;0;34;531
0;0;0;0;35;531
0;0;0;0;36;531
0;0;0;0;1;532
0;0;0;0;2;532
0;0;0;0;3;532
0;0;0;0;4;532
0;0;0;0;5;532
0;0;0;0;6;532
0;0;0;0;7;532
0;0;0;0;8;532
0;0;0;0;9;532
0;0;2;0;10;532
0;0;0;0;11;532
0;0;0;0;12;532
0;0;0;0;13;532
0;0;0;0;14;532
0;0;0;0;15;532
0;0;0;0;16;532
0;0;0;0;17;532
0;0;0;0;18;532
1;1;0;0;19;532
0;0;0;0;20;532
0;0;0;0;21;532
0;0;0;0;22;532
0;0;0;0;23;532
1;1;0;0;24;532
0;0;0;0;25;532
1;1;0;0;26;532
0;0;0;0;27;532
1;1;0;0;28;532
0;0;0;0;29;532
0;0;0;0;30;532
0;0;0;0;31;532
0;0;0;0;32;532
0;0;0;0;33;532
0;0;0;0;34;532
0;0;0;0;35;532
0;0;0;0;36;532
0;0;0;0;1;533
0;0;0;0;2;533
0;0;0;0;3;533
0;0;0;0;4;533
1;1;0;0;5;533
1;1;0;0;6;533
0;0;0;0;7;533
0;0;0;0;8;533
0;0;0;0;9;533
1;1;0;0;10;533
0;0;0;0;11;533
0;0;0;0;12;533
0;0;0;0;13;533
0;0;0;0;14;533
0;0;0;0;15;533
0;0;0;0;16;533
0;0;0;0;17;533
0;0;0;0;18;533
-1;-1;0;0;19;533
0;0;0;0;20;533
0;0;0;0;21;533
0;0;0;0;22;533
0;0;0;0;23;533
1;1;0;0;24;533
0;0;0;0;25;533
0;0;0;0;26;533
0;0;0;0;27;533
2;2;1;0;28;533
0;0;0;0;29;533
0;0;0;0;30;533
0;0;0;0;31;533
0;0;0;0;32;533
0;0;0;0;33;533
0;0;0;0;34;533
0;0;0;0;35;533
0;0;0;0;36;533
0;0;0;0;1;534
0;0;0;0;2;534
0;0;0;0;3;534
0;0;0;0;4;534
0;0;0;0;5;534
0;0;0;0;6;534
0;0;0;0;7;534
0;0;0;0;8;534
0;0;0;0;9;534
1;1;0;0;10;534
0;0;0;0;11;534
0;0;0;0;12;534
0;0;0;0;13;534
0;0;0;0;14;534
0;0;0;0;15;534
1;1;0;0;16;534
0;0;0;0;17;534
0;0;0;0;18;534
0;0;0;0;19;534
0;0;0;0;20;534
0;0;0;0;21;534
0;0;0;0;22;534
0;0;0;0;23;534
1;1;0;0;24;534
0;0;0;0;25;534
0;0;0;0;26;534
0;0;0;0;27;534
1;1;2;0;28;534
0;0;0;0;29;534
0;0;0;0;30;534
0;0;0;0;31;534
0;0;0;0;32;534
0;0;0;0;33;534
0;0;0;0;34;534
0;0;0;0;35;534
0;0;0;0;36;534
0;0;0;0;1;535
0;0;0;0;2;535
0;0;0;0;3;535
0;0;0;0;4;535
0;0;0;0;5;535
0;0;0;0;6;535
0;0;0;0;7;535
0;0;0;0;8;535
0;0;0;0;9;535
3;3;0;0;10;535
0;0;0;0;11;535
0;0;0;0;12;535
0;0;0;0;13;535
0;0;0;0;14;535
0;0;0;0;15;535
0;0;0;0;16;535
0;0;0;0;17;535
0;0;0;0;18;535
0;0;0;0;19;535
0;0;0;0;20;535
0;0;0;0;21;535
0;0;0;0;22;535
-1;-1;-1;0;23;535
0;0;0;1;24;535
0;0;0;0;25;535
0;0;0;0;26;535
0;0;0;0;27;535
0;0;0;0;28;535
0;0;0;0;29;535
0;0;0;0;30;535
0;0;0;0;31;535
1;1;1;0;32;535
0;0;0;0;33;535
0;0;0;0;34;535
0;0;0;0;35;535
0;0;0;0;36;535
0;0;0;0;1;536
0;0;0;0;2;536
0;0;0;0;3;536
1;1;0;0;4;536
0;0;0;0;5;536
0;0;0;0;6;536
0;0;0;0;7;536
0;0;0;0;8;536
0;0;0;0;9;536
2;2;1;0;10;536
0;0;0;0;11;536
0;0;0;0;12;536
0;0;0;0;13;536
0;0;0;0;14;536
0;0;0;0;15;536
0;0;0;0;16;536
0;0;0;0;17;536
0;0;0;0;18;536
0;0;0;0;19;536
0;0;0;0;20;536
0;0;0;0;21;536
0;0;0;0;22;536
1;1;0;0;23;536
0;0;1;0;24;536
2;2;-1;1;25;536
1;1;0;0;26;536
0;0;0;0;27;536
0;0;0;0;28;536
0;0;0;0;29;536
1;1;0;0;30;536
0;0;0;0;31;536
0;0;0;0;32;536
0;0;0;0;33;536
0;0;0;0;34;536
0;0;0;0;35;536
0;0;0;0;36;536
0;0;0;0;1;537
1;1;0;0;2;537
0;0;0;0;3;537
0;0;0;0;4;537
2;2;0;0;5;537
0;0;0;0;6;537
0;0;0;0;7;537
0;0;0;0;8;537
0;0;0;0;9;537
0;0;0;0;10;537
0;0;0;0;11;537
0;0;0;0;12;537
0;0;0;0;13;537
0;0;0;0;14;537
0;0;0;0;15;537
0;0;0;0;16;537
0;0;0;0;17;537
0;0;0;0;18;537
0;0;1;0;19;537
1;1;0;0;20;537
1;1;0;0;21;537
1;1;0;0;22;537
8;8;0;0;23;537
5;5;1;0;24;537
2;2;0;0;25;537
3;3;1;0;26;537
0;0;0;0;27;537
0;0;0;0;28;537
0;0;0;0;29;537
0;0;0;0;30;537
0;0;0;0;31;537
0;0;0;0;32;537
0;0;0;0;33;537
0;0;0;0;34;537
0;0;0;0;35;537
0;0;0;0;36;537
