"confirmados_pdia";"confirmados_pdia_14d";"confirmados_pdia_7d";"total_confirmados";"curados";"fallecidos";"cod_donde_ds";"cod_cuando";"cod_residencia"
0;0;0;0;0;0;1;479;1
0;0;0;0;0;0;2;479;1
0;0;0;0;0;0;3;479;1
0;0;0;0;1;0;4;479;1
0;0;0;0;0;0;5;479;1
0;0;0;0;0;0;6;479;1
0;0;0;0;0;0;7;479;1
0;0;0;0;0;0;8;479;1
0;0;0;0;0;0;9;479;1
0;0;0;0;2;0;10;479;1
0;0;0;0;0;0;11;479;1
0;0;0;0;0;0;12;479;1
0;0;0;0;0;0;13;479;1
0;0;0;0;0;0;14;479;1
0;0;0;0;0;0;15;479;1
0;1;0;0;0;0;16;479;1
0;0;0;0;0;0;17;479;1
0;0;0;0;0;0;18;479;1
0;0;0;0;0;0;19;479;1
0;0;0;0;0;0;20;479;1
0;0;0;0;0;0;21;479;1
0;0;0;0;0;0;22;479;1
4;0;0;3;3;0;23;479;1
0;0;0;0;0;0;24;479;1
-1;0;0;-1;-1;0;25;479;1
0;0;0;0;0;0;26;479;1
0;0;0;0;1;0;27;479;1
1;0;0;1;2;0;28;479;1
0;0;0;0;0;0;29;479;1
0;0;0;0;0;0;30;479;1
0;0;0;0;0;0;31;479;1
0;1;0;0;0;0;32;479;1
0;0;0;0;0;0;33;479;1
0;0;0;0;0;0;34;479;1
0;0;0;0;0;0;1;479;2
0;0;0;0;0;0;2;479;2
0;0;0;0;0;0;3;479;2
0;0;0;0;0;0;4;479;2
0;0;0;0;0;0;5;479;2
0;0;0;0;0;0;6;479;2
0;0;0;0;0;0;7;479;2
0;0;0;0;0;0;8;479;2
0;0;0;0;0;0;9;479;2
0;0;0;0;0;0;10;479;2
0;0;0;0;0;0;11;479;2
0;0;0;0;0;0;12;479;2
0;0;0;0;0;0;13;479;2
0;0;0;0;0;0;14;479;2
0;0;0;0;0;0;15;479;2
-1;0;0;-1;0;0;16;479;2
0;0;0;0;0;0;17;479;2
0;0;0;0;0;0;18;479;2
0;0;0;0;0;0;19;479;2
0;0;0;0;0;0;20;479;2
0;0;0;0;0;0;21;479;2
0;0;0;0;0;0;22;479;2
0;0;0;0;0;0;23;479;2
0;0;0;0;0;0;24;479;2
0;0;0;0;0;0;25;479;2
0;0;0;0;0;0;26;479;2
0;4;1;0;1;0;27;479;2
0;0;0;0;0;0;28;479;2
0;0;0;0;0;0;29;479;2
0;0;0;0;0;0;30;479;2
0;0;0;0;0;0;31;479;2
0;0;0;0;0;0;32;479;2
0;0;0;0;0;0;33;479;2
0;0;0;0;0;0;34;479;2
0;0;0;0;0;0;1;480;1
1;1;1;1;0;0;2;480;1
0;0;0;0;0;0;3;480;1
0;0;0;0;0;0;4;480;1
0;0;0;0;1;0;5;480;1
0;0;0;0;2;0;6;480;1
0;0;0;0;0;0;7;480;1
0;0;0;0;0;0;8;480;1
0;0;0;0;0;0;9;480;1
0;0;0;0;0;0;10;480;1
0;0;0;0;0;0;11;480;1
0;0;0;0;25;0;12;480;1
0;0;0;0;0;0;13;480;1
0;0;0;0;0;0;14;480;1
0;0;0;0;0;0;15;480;1
0;1;0;0;5;0;16;480;1
0;0;0;0;0;0;17;480;1
1;0;0;1;1;0;18;480;1
0;0;0;0;0;0;19;480;1
0;0;0;0;0;0;20;480;1
0;0;0;0;10;0;21;480;1
0;0;0;0;0;0;22;480;1
2;1;1;2;5;0;23;480;1
0;0;0;0;0;0;24;480;1
0;0;0;0;0;0;25;480;1
0;0;0;0;0;0;26;480;1
0;0;0;0;0;0;27;480;1
0;0;0;0;0;0;28;480;1
0;0;0;0;0;0;29;480;1
0;0;0;0;0;0;30;480;1
0;0;0;0;2;0;31;480;1
0;1;0;0;0;0;32;480;1
0;0;0;0;6;0;33;480;1
1;0;0;1;0;0;34;480;1
0;0;0;0;0;0;1;480;2
0;0;0;0;0;0;2;480;2
0;0;0;0;0;0;3;480;2
0;0;0;0;0;0;4;480;2
0;0;0;0;0;0;5;480;2
0;0;0;0;0;0;6;480;2
0;0;0;0;0;0;7;480;2
0;0;0;0;0;0;8;480;2
0;0;0;0;0;0;9;480;2
7;7;6;7;0;0;10;480;2
0;0;0;0;0;0;11;480;2
0;0;0;0;3;0;12;480;2
0;0;0;0;0;0;13;480;2
0;0;0;0;0;0;14;480;2
0;0;0;0;0;0;15;480;2
0;0;0;0;0;0;16;480;2
0;0;0;0;0;0;17;480;2
1;0;0;1;1;0;18;480;2
2;0;0;2;2;0;19;480;2
0;0;0;0;0;0;20;480;2
0;0;0;0;0;0;21;480;2
0;0;0;0;0;0;22;480;2
0;0;0;0;0;0;23;480;2
0;0;0;0;0;0;24;480;2
0;0;0;0;0;0;25;480;2
0;0;0;0;0;0;26;480;2
0;3;0;0;0;0;27;480;2
0;0;0;0;-1;1;28;480;2
0;0;0;0;0;0;29;480;2
0;0;0;0;0;0;30;480;2
0;0;0;0;0;0;31;480;2
0;0;0;0;0;0;32;480;2
0;0;0;0;0;0;33;480;2
0;0;0;0;3;-1;34;480;2
0;0;0;0;0;0;1;481;1
0;1;1;0;0;1;2;481;1
0;0;0;0;0;0;3;481;1
0;0;0;0;0;0;4;481;1
0;0;0;0;0;0;5;481;1
0;0;0;0;0;0;6;481;1
0;0;0;0;0;0;7;481;1
0;0;0;0;0;0;8;481;1
0;0;0;0;0;0;9;481;1
0;0;0;0;3;0;10;481;1
0;0;0;0;0;0;11;481;1
0;0;0;0;4;0;12;481;1
0;0;0;0;0;0;13;481;1
0;0;0;0;0;0;14;481;1
0;0;0;0;0;0;15;481;1
0;1;0;0;3;0;16;481;1
0;0;0;0;0;0;17;481;1
0;0;0;0;0;0;18;481;1
0;0;0;0;0;0;19;481;1
0;0;0;0;0;0;20;481;1
0;0;0;0;1;0;21;481;1
0;0;0;0;0;0;22;481;1
0;1;1;0;0;0;23;481;1
0;0;0;0;0;0;24;481;1
0;0;0;0;0;0;25;481;1
0;0;0;0;0;0;26;481;1
0;0;0;0;1;0;27;481;1
0;0;0;0;0;0;28;481;1
0;0;0;0;0;0;29;481;1
0;0;0;0;1;0;30;481;1
0;0;0;0;1;0;31;481;1
0;1;0;0;0;0;32;481;1
0;0;0;0;2;0;33;481;1
0;0;0;0;3;0;34;481;1
0;0;0;0;0;0;1;481;2
0;0;0;0;0;0;2;481;2
0;0;0;0;0;0;3;481;2
0;0;0;0;0;0;4;481;2
0;0;0;0;0;0;5;481;2
0;0;0;0;0;0;6;481;2
0;0;0;0;0;0;7;481;2
0;0;0;0;0;0;8;481;2
0;0;0;0;0;0;9;481;2
0;7;6;0;0;0;10;481;2
0;0;0;0;0;0;11;481;2
0;0;0;0;0;0;12;481;2
0;0;0;0;0;0;13;481;2
0;0;0;0;0;0;14;481;2
0;0;0;0;0;0;15;481;2
0;0;0;0;0;0;16;481;2
0;0;0;0;0;0;17;481;2
0;0;0;0;0;0;18;481;2
0;0;0;0;0;0;19;481;2
0;0;0;0;0;0;20;481;2
0;0;0;0;0;0;21;481;2
0;0;0;0;0;0;22;481;2
0;0;0;0;0;0;23;481;2
0;0;0;0;0;0;24;481;2
0;0;0;0;0;0;25;481;2
0;0;0;0;0;0;26;481;2
0;1;0;0;0;0;27;481;2
1;0;0;1;2;0;28;481;2
0;0;0;0;0;0;29;481;2
0;0;0;0;0;0;30;481;2
0;0;0;0;0;0;31;481;2
0;0;0;0;0;0;32;481;2
0;0;0;0;0;0;33;481;2
1;1;1;1;0;0;34;481;2
0;0;0;0;-1;1;1;482;1
0;1;1;0;0;0;2;482;1
0;0;0;0;0;0;3;482;1
0;0;0;0;0;0;4;482;1
0;0;0;0;11;0;5;482;1
0;0;0;0;0;0;6;482;1
1;0;0;0;-2;5;7;482;1
0;0;0;0;0;0;8;482;1
0;0;0;0;0;0;9;482;1
0;0;0;0;0;0;10;482;1
0;0;0;0;0;0;11;482;1
0;0;0;0;20;0;12;482;1
0;0;0;0;0;0;13;482;1
1;0;0;0;0;0;14;482;1
0;0;0;0;0;0;15;482;1
0;1;0;0;-1;1;16;482;1
0;0;0;0;0;0;17;482;1
0;0;0;0;0;0;18;482;1
0;0;0;0;0;0;19;482;1
0;0;0;0;0;0;20;482;1
1;1;1;1;0;0;21;482;1
1;0;0;0;0;0;22;482;1
-1;1;1;-1;0;0;23;482;1
0;0;0;0;0;0;24;482;1
0;0;0;0;0;0;25;482;1
0;0;0;0;0;0;26;482;1
0;0;0;0;1;0;27;482;1
0;0;0;0;-1;1;28;482;1
0;0;0;0;0;0;29;482;1
0;0;0;0;0;0;30;482;1
-1;0;0;-1;-1;0;31;482;1
0;1;0;0;0;0;32;482;1
0;0;0;0;0;0;33;482;1
0;0;0;0;1;0;34;482;1
0;0;0;0;0;0;1;482;2
0;0;0;0;0;0;2;482;2
0;0;0;0;0;0;3;482;2
0;0;0;0;0;0;4;482;2
0;0;0;0;0;0;5;482;2
0;0;0;0;0;0;6;482;2
0;0;0;0;0;0;7;482;2
0;0;0;0;0;0;8;482;2
0;0;0;0;0;0;9;482;2
0;7;6;0;0;0;10;482;2
0;0;0;0;0;0;11;482;2
0;0;0;0;11;0;12;482;2
0;0;0;0;0;0;13;482;2
0;0;0;0;0;0;14;482;2
0;0;0;0;0;0;15;482;2
0;0;0;0;0;0;16;482;2
0;0;0;0;0;0;17;482;2
0;0;0;0;0;0;18;482;2
2;0;0;2;1;1;19;482;2
0;0;0;0;0;0;20;482;2
0;0;0;0;0;0;21;482;2
0;0;0;0;0;0;22;482;2
0;0;0;0;0;0;23;482;2
0;0;0;0;0;0;24;482;2
0;0;0;0;0;0;25;482;2
0;0;0;0;0;0;26;482;2
0;1;0;0;0;0;27;482;2
1;0;0;1;1;0;28;482;2
0;0;0;0;0;0;29;482;2
1;0;0;0;0;0;30;482;2
0;0;0;0;0;0;31;482;2
0;0;0;0;0;0;32;482;2
0;0;0;0;0;0;33;482;2
22;0;0;22;18;2;34;482;2
0;0;0;0;1;0;1;483;1
0;1;1;0;0;0;2;483;1
0;0;0;0;0;0;3;483;1
0;0;0;0;0;0;4;483;1
0;0;0;0;0;0;5;483;1
0;0;0;0;0;0;6;483;1
0;0;0;0;0;0;7;483;1
0;0;0;0;0;0;8;483;1
0;0;0;0;0;0;9;483;1
0;0;0;0;0;0;10;483;1
0;0;0;0;0;0;11;483;1
0;0;0;0;0;0;12;483;1
0;0;0;0;0;0;13;483;1
0;0;0;0;0;0;14;483;1
0;0;0;0;0;0;15;483;1
0;0;0;0;0;0;16;483;1
0;0;0;0;0;0;17;483;1
1;0;0;1;1;0;18;483;1
3;0;0;3;3;0;19;483;1
0;0;0;0;0;0;20;483;1
0;1;1;0;0;0;21;483;1
0;0;0;0;0;0;22;483;1
0;1;0;0;0;0;23;483;1
0;0;0;0;0;0;24;483;1
0;0;0;0;0;0;25;483;1
0;0;0;0;0;0;26;483;1
0;0;0;0;0;0;27;483;1
0;0;0;0;0;0;28;483;1
1;1;1;1;0;1;29;483;1
0;0;0;0;7;0;30;483;1
0;0;0;0;0;0;31;483;1
0;0;0;0;0;0;32;483;1
0;0;0;0;3;0;33;483;1
0;0;0;0;1;0;34;483;1
0;0;0;0;0;0;1;483;2
0;0;0;0;0;0;2;483;2
0;0;0;0;0;0;3;483;2
0;0;0;0;0;0;4;483;2
0;0;0;0;0;0;5;483;2
0;0;0;0;0;0;6;483;2
0;0;0;0;0;0;7;483;2
0;0;0;0;0;0;8;483;2
0;0;0;0;0;0;9;483;2
0;7;6;0;0;0;10;483;2
0;0;0;0;0;0;11;483;2
0;0;0;0;0;0;12;483;2
0;0;0;0;0;0;13;483;2
0;0;0;0;0;0;14;483;2
0;0;0;0;0;0;15;483;2
0;0;0;0;0;0;16;483;2
0;0;0;0;0;0;17;483;2
0;0;0;0;0;0;18;483;2
0;0;0;0;0;0;19;483;2
0;0;0;0;0;0;20;483;2
0;0;0;0;0;0;21;483;2
0;0;0;0;0;0;22;483;2
0;0;0;0;0;0;23;483;2
0;0;0;0;0;0;24;483;2
0;0;0;0;0;0;25;483;2
0;0;0;0;0;0;26;483;2
1;1;0;1;0;0;27;483;2
0;0;0;0;0;0;28;483;2
0;0;0;0;0;0;29;483;2
0;0;0;0;1;0;30;483;2
0;0;0;0;0;0;31;483;2
0;0;0;0;0;0;32;483;2
0;0;0;0;0;0;33;483;2
0;0;0;0;0;0;34;483;2
0;0;0;0;0;0;1;484;1
0;1;0;0;0;0;2;484;1
0;0;0;0;0;0;3;484;1
0;0;0;0;0;0;4;484;1
0;0;0;0;0;0;5;484;1
0;0;0;0;0;0;6;484;1
0;0;0;0;0;0;7;484;1
0;0;0;0;0;0;8;484;1
0;0;0;0;0;0;9;484;1
0;0;0;0;0;0;10;484;1
0;0;0;0;0;0;11;484;1
0;0;0;0;0;0;12;484;1
0;0;0;0;0;0;13;484;1
0;0;0;0;1;0;14;484;1
0;0;0;0;0;0;15;484;1
0;0;0;0;0;0;16;484;1
0;0;0;0;0;0;17;484;1
0;0;0;0;0;0;18;484;1
2;0;0;2;1;1;19;484;1
0;0;0;0;0;0;20;484;1
0;1;1;0;0;0;21;484;1
0;0;0;0;0;0;22;484;1
0;1;0;0;0;0;23;484;1
0;0;0;0;0;0;24;484;1
0;0;0;0;0;0;25;484;1
0;0;0;0;0;0;26;484;1
0;0;0;0;1;0;27;484;1
0;0;0;0;0;0;28;484;1
0;1;1;0;0;0;29;484;1
0;0;0;0;1;0;30;484;1
0;0;0;0;0;0;31;484;1
0;0;0;0;0;0;32;484;1
1;0;0;0;0;0;33;484;1
0;0;0;0;0;0;34;484;1
0;0;0;0;0;0;1;484;2
0;0;0;0;0;0;2;484;2
0;0;0;0;0;0;3;484;2
0;0;0;0;0;0;4;484;2
0;0;0;0;0;0;5;484;2
0;0;0;0;0;0;6;484;2
0;0;0;0;0;0;7;484;2
0;0;0;0;0;0;8;484;2
0;0;0;0;0;0;9;484;2
0;7;0;0;0;0;10;484;2
0;0;0;0;0;0;11;484;2
0;0;0;0;0;0;12;484;2
0;0;0;0;0;0;13;484;2
0;0;0;0;0;0;14;484;2
0;0;0;0;0;0;15;484;2
0;0;0;0;0;0;16;484;2
0;0;0;0;0;0;17;484;2
0;0;0;0;0;0;18;484;2
-2;0;0;-2;-1;-1;19;484;2
0;0;0;0;0;0;20;484;2
0;0;0;0;0;0;21;484;2
0;0;0;0;0;0;22;484;2
0;0;0;0;0;0;23;484;2
0;0;0;0;0;0;24;484;2
0;0;0;0;0;0;25;484;2
0;0;0;0;0;0;26;484;2
-1;0;0;-1;2;0;27;484;2
-1;0;0;-1;-1;0;28;484;2
0;0;0;0;0;0;29;484;2
0;0;0;0;1;0;30;484;2
0;0;0;0;0;0;31;484;2
0;0;0;0;0;0;32;484;2
0;0;0;0;0;0;33;484;2
0;0;0;0;0;0;34;484;2
0;0;0;0;0;0;1;485;1
0;1;0;0;0;0;2;485;1
0;0;0;0;0;0;3;485;1
0;0;0;0;0;0;4;485;1
0;0;0;0;1;0;5;485;1
0;0;0;0;0;0;6;485;1
0;0;0;0;0;0;7;485;1
0;0;0;0;0;0;8;485;1
0;0;0;0;0;0;9;485;1
0;0;0;0;0;0;10;485;1
0;0;0;0;0;0;11;485;1
0;0;0;0;0;0;12;485;1
0;0;0;0;0;0;13;485;1
0;0;0;0;1;0;14;485;1
0;0;0;0;0;0;15;485;1
0;0;0;0;0;0;16;485;1
0;0;0;0;0;0;17;485;1
7;0;0;7;3;4;18;485;1
0;0;0;0;0;0;19;485;1
0;0;0;0;0;0;20;485;1
0;1;1;0;0;0;21;485;1
0;0;0;0;0;0;22;485;1
0;1;0;0;-1;1;23;485;1
0;0;0;0;0;0;24;485;1
0;0;0;0;0;0;25;485;1
0;0;0;0;0;0;26;485;1
0;0;0;0;2;0;27;485;1
0;0;0;0;0;0;28;485;1
0;1;1;0;0;0;29;485;1
0;0;0;0;0;0;30;485;1
0;0;0;0;1;0;31;485;1
0;0;0;0;0;0;32;485;1
0;0;0;0;1;0;33;485;1
8;0;0;8;6;1;34;485;1
0;0;0;0;0;0;1;485;2
0;0;0;0;0;0;2;485;2
0;0;0;0;0;0;3;485;2
0;0;0;0;0;0;4;485;2
0;0;0;0;0;0;5;485;2
0;0;0;0;0;0;6;485;2
0;0;0;0;0;0;7;485;2
0;0;0;0;0;0;8;485;2
0;0;0;0;0;0;9;485;2
0;6;0;0;0;0;10;485;2
0;0;0;0;0;0;11;485;2
0;0;0;0;0;0;12;485;2
0;0;0;0;0;0;13;485;2
0;0;0;0;0;0;14;485;2
0;0;0;0;0;0;15;485;2
0;0;0;0;0;0;16;485;2
0;0;0;0;0;0;17;485;2
1;0;0;1;1;0;18;485;2
0;0;0;0;0;0;19;485;2
0;0;0;0;0;0;20;485;2
0;0;0;0;0;0;21;485;2
0;0;0;0;0;0;22;485;2
0;0;0;0;0;0;23;485;2
0;0;0;0;0;0;24;485;2
0;0;0;0;0;0;25;485;2
0;0;0;0;0;0;26;485;2
0;0;0;0;0;0;27;485;2
0;0;0;0;0;0;28;485;2
0;0;0;0;0;0;29;485;2
0;0;0;0;0;0;30;485;2
0;0;0;0;0;0;31;485;2
0;0;0;0;0;0;32;485;2
0;0;0;0;0;0;33;485;2
-8;0;0;-8;-6;-1;34;485;2
0;0;0;0;0;0;1;486;1
0;1;0;0;0;0;2;486;1
0;0;0;0;0;0;3;486;1
0;0;0;0;0;0;4;486;1
0;0;0;0;1;0;5;486;1
0;0;0;0;0;0;6;486;1
0;0;0;0;0;0;7;486;1
0;0;0;0;0;0;8;486;1
0;0;0;0;0;0;9;486;1
0;0;0;0;0;0;10;486;1
0;0;0;0;0;0;11;486;1
0;0;0;0;0;0;12;486;1
0;0;0;0;0;0;13;486;1
0;0;0;0;14;0;14;486;1
0;0;0;0;0;0;15;486;1
0;0;0;0;0;0;16;486;1
0;0;0;0;0;0;17;486;1
0;0;0;0;0;0;18;486;1
0;0;0;0;0;0;19;486;1
0;0;0;0;0;0;20;486;1
0;1;0;0;0;0;21;486;1
0;0;0;0;0;0;22;486;1
0;1;0;0;2;0;23;486;1
0;0;0;0;0;0;24;486;1
0;0;0;0;0;0;25;486;1
0;0;0;0;0;0;26;486;1
0;0;0;0;10;0;27;486;1
0;0;0;0;0;0;28;486;1
0;1;1;0;0;0;29;486;1
0;0;0;0;0;0;30;486;1
0;0;0;0;1;0;31;486;1
0;0;0;0;1;0;32;486;1
0;0;0;0;0;0;33;486;1
0;0;0;0;0;0;34;486;1
0;0;0;0;0;1;1;486;2
0;0;0;0;0;0;2;486;2
0;0;0;0;0;0;3;486;2
0;0;0;0;0;0;4;486;2
0;0;0;0;0;0;5;486;2
1;1;1;1;0;0;6;486;2
0;0;0;0;0;0;7;486;2
0;0;0;0;0;0;8;486;2
0;0;0;0;0;0;9;486;2
0;6;0;0;0;0;10;486;2
0;0;0;0;0;0;11;486;2
0;0;0;0;2;0;12;486;2
0;0;0;0;0;0;13;486;2
0;0;0;0;0;0;14;486;2
0;0;0;0;0;0;15;486;2
0;0;0;0;0;0;16;486;2
0;0;0;0;0;0;17;486;2
0;0;0;0;0;0;18;486;2
0;0;0;0;0;0;19;486;2
0;0;0;0;0;0;20;486;2
0;0;0;0;0;0;21;486;2
0;0;0;0;0;0;22;486;2
0;0;0;0;0;0;23;486;2
0;0;0;0;0;0;24;486;2
0;0;0;0;0;0;25;486;2
0;0;0;0;0;0;26;486;2
0;0;0;0;0;0;27;486;2
0;0;0;0;0;0;28;486;2
0;0;0;0;0;0;29;486;2
0;0;0;0;1;0;30;486;2
0;0;0;0;1;0;31;486;2
0;0;0;0;0;0;32;486;2
0;0;0;0;0;0;33;486;2
0;0;0;0;2;0;34;486;2
0;0;0;0;0;0;1;487;1
0;1;0;0;0;0;2;487;1
-1;0;0;-1;0;0;3;487;1
0;0;0;0;0;0;4;487;1
0;0;0;0;0;0;5;487;1
0;0;0;0;0;0;6;487;1
0;0;0;0;0;0;7;487;1
0;0;0;0;0;0;8;487;1
0;0;0;0;0;0;9;487;1
0;0;0;0;0;0;10;487;1
0;0;0;0;0;0;11;487;1
0;0;0;0;0;0;12;487;1
0;0;0;0;0;0;13;487;1
0;0;0;0;0;0;14;487;1
1;0;0;1;0;0;15;487;1
0;0;0;0;0;0;16;487;1
0;0;0;0;0;0;17;487;1
1;1;1;1;0;0;18;487;1
0;0;0;0;0;0;19;487;1
0;0;0;0;0;0;20;487;1
0;1;0;0;1;0;21;487;1
0;0;0;0;0;0;22;487;1
0;1;0;0;0;0;23;487;1
0;0;0;0;0;0;24;487;1
0;0;0;0;0;0;25;487;1
0;0;0;0;0;0;26;487;1
0;0;0;0;-1;1;27;487;1
0;0;0;0;-1;1;28;487;1
0;1;0;0;0;0;29;487;1
1;1;1;1;2;0;30;487;1
0;0;0;0;0;0;31;487;1
0;0;0;0;0;0;32;487;1
0;0;0;0;0;0;33;487;1
12;0;0;12;9;1;34;487;1
0;0;0;0;0;0;1;487;2
0;0;0;0;0;0;2;487;2
0;0;0;0;0;0;3;487;2
0;0;0;0;0;0;4;487;2
0;0;0;0;0;0;5;487;2
0;1;1;0;0;0;6;487;2
0;0;0;0;0;0;7;487;2
0;0;0;0;0;0;8;487;2
0;0;0;0;0;0;9;487;2
0;6;0;0;0;0;10;487;2
0;0;0;0;0;0;11;487;2
0;0;0;0;0;0;12;487;2
0;0;0;0;0;0;13;487;2
0;0;0;0;0;0;14;487;2
0;0;0;0;0;0;15;487;2
0;0;0;0;0;0;16;487;2
0;0;0;0;0;0;17;487;2
1;0;0;1;0;0;18;487;2
0;0;0;0;0;0;19;487;2
0;0;0;0;0;0;20;487;2
0;0;0;0;0;0;21;487;2
0;0;0;0;0;0;22;487;2
0;0;0;0;0;0;23;487;2
0;0;0;0;0;0;24;487;2
0;0;0;0;0;0;25;487;2
0;0;0;0;0;0;26;487;2
0;0;0;0;0;0;27;487;2
0;0;0;0;0;0;28;487;2
0;0;0;0;0;0;29;487;2
0;0;0;0;0;0;30;487;2
0;0;0;0;0;0;31;487;2
0;0;0;0;0;0;32;487;2
0;0;0;0;0;0;33;487;2
-12;0;0;-12;-9;-1;34;487;2
0;0;0;0;2;0;1;488;1
0;1;0;0;0;0;2;488;1
0;0;0;0;0;0;3;488;1
0;0;0;0;0;0;4;488;1
0;0;0;0;0;0;5;488;1
0;0;0;0;0;0;6;488;1
0;0;0;0;0;0;7;488;1
0;0;0;0;0;0;8;488;1
0;0;0;0;0;0;9;488;1
0;0;0;0;0;0;10;488;1
0;0;0;0;0;0;11;488;1
0;0;0;0;1;0;12;488;1
0;0;0;0;0;0;13;488;1
0;0;0;0;0;0;14;488;1
0;0;0;0;0;0;15;488;1
0;0;0;0;0;0;16;488;1
0;0;0;0;0;0;17;488;1
-1;0;0;-1;0;0;18;488;1
0;0;0;0;0;0;19;488;1
0;0;0;0;0;0;20;488;1
0;1;0;0;1;0;21;488;1
0;0;0;0;0;0;22;488;1
0;0;0;0;0;0;23;488;1
0;0;0;0;0;0;24;488;1
0;0;0;0;0;0;25;488;1
0;0;0;0;0;0;26;488;1
0;0;0;0;0;0;27;488;1
0;0;0;0;0;0;28;488;1
0;1;0;0;0;0;29;488;1
0;1;1;0;0;0;30;488;1
1;1;0;1;0;0;31;488;1
0;0;0;0;0;0;32;488;1
0;0;0;0;0;0;33;488;1
0;0;0;0;0;0;34;488;1
0;0;0;0;0;0;1;488;2
0;0;0;0;0;0;2;488;2
0;0;0;0;0;0;3;488;2
0;0;0;0;0;0;4;488;2
0;0;0;0;0;0;5;488;2
0;1;1;0;0;0;6;488;2
0;0;0;0;0;0;7;488;2
0;0;0;0;0;0;8;488;2
0;0;0;0;0;0;9;488;2
0;6;0;0;0;0;10;488;2
0;0;0;0;0;0;11;488;2
0;0;0;0;0;0;12;488;2
0;0;0;0;0;0;13;488;2
0;0;0;0;0;0;14;488;2
0;0;0;0;0;0;15;488;2
0;0;0;0;0;0;16;488;2
0;0;0;0;0;0;17;488;2
0;0;0;0;0;0;18;488;2
0;0;0;0;0;0;19;488;2
0;0;0;0;0;0;20;488;2
0;0;0;0;0;0;21;488;2
0;0;0;0;0;0;22;488;2
0;0;0;0;0;0;23;488;2
0;0;0;0;0;0;24;488;2
0;0;0;0;0;0;25;488;2
0;0;0;0;0;0;26;488;2
0;0;0;0;0;0;27;488;2
0;0;0;0;0;0;28;488;2
0;0;0;0;0;0;29;488;2
0;0;0;0;0;0;30;488;2
0;0;0;0;0;0;31;488;2
0;0;0;0;0;0;32;488;2
0;0;0;0;0;0;33;488;2
0;0;0;0;0;0;34;488;2
0;0;0;0;1;0;1;489;1
0;0;0;0;0;0;2;489;1
0;0;0;0;0;0;3;489;1
0;0;0;0;0;0;4;489;1
0;0;0;0;0;0;5;489;1
0;0;0;0;0;0;6;489;1
0;0;0;0;0;0;7;489;1
0;0;0;0;0;0;8;489;1
0;0;0;0;0;0;9;489;1
0;0;0;0;0;0;10;489;1
0;0;0;0;0;0;11;489;1
0;0;0;0;6;0;12;489;1
0;0;0;0;0;0;13;489;1
0;0;0;0;0;0;14;489;1
0;0;0;0;0;0;15;489;1
0;0;0;0;7;0;16;489;1
0;0;0;0;0;0;17;489;1
0;0;0;0;0;0;18;489;1
0;0;0;0;0;0;19;489;1
0;0;0;0;0;0;20;489;1
0;1;0;0;-1;1;21;489;1
0;0;0;0;0;0;22;489;1
0;0;0;0;0;0;23;489;1
0;0;0;0;0;0;24;489;1
0;0;0;0;0;0;25;489;1
0;0;0;0;0;0;26;489;1
0;0;0;0;0;0;27;489;1
0;0;0;0;0;0;28;489;1
0;1;0;0;0;0;29;489;1
0;1;1;0;1;0;30;489;1
0;1;0;0;0;0;31;489;1
0;0;0;0;0;0;32;489;1
0;0;0;0;0;0;33;489;1
0;0;0;0;14;0;34;489;1
0;0;0;0;0;0;1;489;2
0;0;0;0;0;0;2;489;2
0;0;0;0;0;0;3;489;2
0;0;0;0;0;0;4;489;2
0;0;0;0;0;0;5;489;2
0;1;0;0;0;0;6;489;2
0;0;0;0;0;0;7;489;2
0;0;0;0;0;0;8;489;2
0;0;0;0;0;0;9;489;2
0;0;0;0;0;0;10;489;2
0;0;0;0;0;0;11;489;2
0;0;0;0;0;0;12;489;2
0;0;0;0;0;0;13;489;2
0;0;0;0;0;0;14;489;2
0;0;0;0;0;0;15;489;2
0;0;0;0;0;0;16;489;2
0;0;0;0;0;0;17;489;2
0;0;0;0;0;0;18;489;2
0;0;0;0;0;0;19;489;2
0;0;0;0;0;0;20;489;2
0;0;0;0;0;0;21;489;2
0;0;0;0;0;0;22;489;2
0;0;0;0;0;0;23;489;2
0;0;0;0;0;0;24;489;2
0;0;0;0;0;0;25;489;2
0;0;0;0;0;0;26;489;2
0;0;0;0;0;0;27;489;2
0;0;0;0;0;0;28;489;2
0;0;0;0;0;0;29;489;2
1;0;0;1;0;0;30;489;2
0;0;0;0;0;0;31;489;2
0;0;0;0;0;0;32;489;2
0;0;0;0;0;0;33;489;2
0;0;0;0;0;0;34;489;2
0;0;0;0;1;0;1;490;1
0;0;0;0;0;0;2;490;1
0;0;0;0;0;0;3;490;1
0;0;0;0;0;0;4;490;1
0;0;0;0;0;0;5;490;1
0;0;0;0;0;0;6;490;1
0;0;0;0;0;0;7;490;1
0;0;0;0;0;0;8;490;1
0;0;0;0;6;0;9;490;1
0;0;0;0;0;0;10;490;1
0;0;0;0;0;0;11;490;1
0;0;0;0;2;0;12;490;1
0;0;0;0;0;0;13;490;1
0;0;0;0;0;0;14;490;1
0;0;0;0;0;0;15;490;1
0;0;0;0;3;0;16;490;1
0;0;0;0;0;0;17;490;1
0;0;0;0;1;0;18;490;1
0;0;0;0;0;0;19;490;1
0;0;0;0;0;0;20;490;1
-1;0;0;-1;-1;1;21;490;1
0;0;0;0;0;0;22;490;1
0;0;0;0;0;0;23;490;1
0;0;0;0;0;0;24;490;1
0;0;0;0;0;0;25;490;1
0;0;0;0;0;0;26;490;1
0;0;0;0;9;0;27;490;1
0;0;0;0;0;0;28;490;1
0;1;0;0;0;0;29;490;1
1;2;2;1;3;0;30;490;1
0;1;0;0;0;0;31;490;1
0;0;0;0;0;0;32;490;1
0;0;0;0;0;0;33;490;1
0;0;0;0;2;0;34;490;1
0;0;0;0;0;0;1;490;2
0;0;0;0;0;0;2;490;2
0;0;0;0;0;0;3;490;2
0;0;0;0;0;0;4;490;2
0;0;0;0;0;0;5;490;2
0;1;0;0;0;0;6;490;2
0;0;0;0;0;0;7;490;2
0;0;0;0;0;0;8;490;2
0;0;0;0;0;0;9;490;2
0;0;0;0;0;0;10;490;2
0;0;0;0;0;0;11;490;2
0;0;0;0;0;0;12;490;2
0;0;0;0;0;0;13;490;2
0;0;0;0;0;0;14;490;2
0;0;0;0;0;0;15;490;2
0;0;0;0;0;0;16;490;2
0;0;0;0;0;0;17;490;2
0;0;0;0;1;0;18;490;2
0;0;0;0;0;0;19;490;2
0;0;0;0;0;0;20;490;2
0;0;0;0;0;0;21;490;2
0;0;0;0;0;0;22;490;2
0;0;0;0;0;0;23;490;2
0;0;0;0;0;0;24;490;2
0;0;0;0;0;0;25;490;2
0;0;0;0;0;0;26;490;2
-1;0;0;-1;0;0;27;490;2
0;0;0;0;0;0;28;490;2
0;0;0;0;0;0;29;490;2
0;0;0;0;0;0;30;490;2
0;0;0;0;0;0;31;490;2
0;0;0;0;0;0;32;490;2
0;0;0;0;0;0;33;490;2
0;0;0;0;4;0;34;490;2
0;0;0;0;0;0;1;491;1
0;0;0;0;0;0;2;491;1
0;0;0;0;0;0;3;491;1
0;0;0;0;0;0;4;491;1
1;0;0;1;0;1;5;491;1
0;0;0;0;1;0;6;491;1
0;0;0;0;-1;1;7;491;1
0;0;0;0;0;0;8;491;1
0;0;0;0;0;0;9;491;1
0;0;0;0;3;0;10;491;1
0;0;0;0;0;0;11;491;1
0;0;0;0;0;0;12;491;1
0;0;0;0;0;0;13;491;1
1;1;1;1;0;0;14;491;1
0;0;0;0;0;0;15;491;1
0;0;0;0;0;0;16;491;1
0;0;0;0;0;0;17;491;1
0;0;0;0;0;0;18;491;1
0;0;0;0;0;0;19;491;1
0;0;0;0;0;0;20;491;1
0;0;0;0;0;0;21;491;1
0;0;0;0;0;0;22;491;1
0;0;0;1;0;0;23;491;1
0;0;0;0;0;0;24;491;1
0;0;0;0;0;0;25;491;1
0;0;0;0;0;0;26;491;1
0;0;0;0;2;0;27;491;1
0;0;0;0;0;0;28;491;1
0;1;0;0;0;0;29;491;1
0;2;1;0;1;0;30;491;1
0;1;0;0;0;0;31;491;1
0;0;0;0;0;0;32;491;1
0;0;0;0;6;0;33;491;1
0;0;0;0;16;0;34;491;1
0;0;0;0;0;0;1;491;2
0;0;0;0;0;0;2;491;2
0;0;0;0;0;0;3;491;2
0;0;0;0;0;0;4;491;2
0;0;0;0;0;0;5;491;2
1;2;1;1;0;0;6;491;2
0;0;0;0;0;0;7;491;2
0;0;0;0;0;0;8;491;2
0;0;0;0;0;0;9;491;2
0;0;0;0;0;0;10;491;2
0;0;0;0;0;0;11;491;2
0;0;0;0;0;0;12;491;2
0;0;0;0;0;0;13;491;2
0;0;0;0;0;0;14;491;2
0;0;0;0;0;0;15;491;2
0;0;0;0;0;0;16;491;2
0;0;0;0;0;0;17;491;2
0;0;0;0;0;0;18;491;2
0;0;0;0;0;0;19;491;2
0;0;0;0;0;0;20;491;2
0;0;0;0;0;0;21;491;2
0;0;0;0;0;0;22;491;2
0;0;0;0;0;0;23;491;2
0;0;0;0;0;0;24;491;2
0;0;0;0;0;0;25;491;2
0;0;0;0;0;0;26;491;2
5;5;5;5;0;0;27;491;2
0;0;0;0;0;0;28;491;2
0;0;0;0;0;0;29;491;2
0;0;0;0;0;0;30;491;2
0;0;0;0;0;0;31;491;2
0;0;0;0;0;0;32;491;2
0;0;0;0;0;0;33;491;2
0;0;0;0;2;0;34;491;2
0;0;0;0;0;0;1;492;1
0;0;0;0;0;0;2;492;1
0;0;0;0;0;0;3;492;1
0;0;0;0;0;0;4;492;1
0;0;0;0;0;0;5;492;1
0;0;0;0;0;0;6;492;1
0;0;0;0;0;0;7;492;1
0;0;0;0;0;0;8;492;1
0;0;0;0;0;0;9;492;1
0;0;0;0;1;0;10;492;1
0;0;0;0;0;0;11;492;1
0;0;0;0;0;0;12;492;1
0;0;0;0;0;0;13;492;1
0;1;1;0;1;0;14;492;1
0;0;0;0;0;0;15;492;1
0;0;0;0;0;0;16;492;1
0;0;0;0;0;0;17;492;1
0;0;0;0;0;0;18;492;1
0;0;0;0;0;0;19;492;1
0;0;0;0;0;0;20;492;1
0;0;0;0;0;0;21;492;1
0;0;0;0;0;0;22;492;1
0;0;0;0;0;0;23;492;1
0;0;0;0;0;0;24;492;1
0;0;0;0;0;0;25;492;1
0;0;0;0;0;0;26;492;1
0;0;0;0;1;0;27;492;1
0;0;0;0;0;0;28;492;1
0;0;0;0;0;0;29;492;1
1;2;1;1;1;0;30;492;1
0;1;0;0;0;0;31;492;1
0;0;0;0;0;0;32;492;1
0;0;0;0;0;0;33;492;1
0;0;0;0;0;0;34;492;1
0;0;0;0;0;0;1;492;2
0;0;0;0;0;0;2;492;2
0;0;0;0;0;0;3;492;2
0;0;0;0;0;0;4;492;2
0;0;0;0;0;0;5;492;2
0;2;1;0;0;0;6;492;2
0;0;0;0;0;0;7;492;2
0;0;0;0;0;0;8;492;2
0;0;0;0;0;0;9;492;2
0;0;0;0;0;0;10;492;2
0;0;0;0;0;0;11;492;2
0;0;0;0;0;0;12;492;2
0;0;0;0;0;0;13;492;2
0;0;0;0;0;0;14;492;2
0;0;0;0;0;0;15;492;2
0;0;0;0;0;0;16;492;2
0;0;0;0;0;0;17;492;2
0;0;0;0;0;0;18;492;2
0;0;0;0;0;0;19;492;2
0;0;0;0;0;0;20;492;2
0;0;0;0;0;0;21;492;2
0;0;0;0;0;0;22;492;2
0;0;0;0;0;0;23;492;2
0;0;0;0;0;0;24;492;2
0;0;0;0;0;0;25;492;2
0;0;0;0;0;0;26;492;2
0;5;5;0;0;0;27;492;2
0;0;0;0;0;0;28;492;2
0;0;0;0;0;0;29;492;2
0;0;0;0;0;0;30;492;2
0;0;0;0;0;0;31;492;2
0;0;0;0;0;0;32;492;2
0;0;0;0;0;0;33;492;2
0;0;0;0;0;0;34;492;2
0;0;0;0;0;0;1;493;1
0;0;0;0;0;0;2;493;1
0;0;0;0;0;0;3;493;1
0;0;0;0;0;0;4;493;1
0;0;0;0;0;0;5;493;1
0;0;0;0;0;0;6;493;1
0;0;0;0;0;0;7;493;1
0;0;0;0;0;0;8;493;1
0;0;0;0;0;0;9;493;1
0;0;0;0;0;0;10;493;1
0;0;0;0;0;0;11;493;1
0;0;0;0;0;0;12;493;1
0;0;0;0;0;0;13;493;1
0;1;1;0;0;0;14;493;1
0;0;0;0;0;0;15;493;1
0;0;0;0;0;0;16;493;1
0;0;0;0;0;0;17;493;1
0;0;0;0;0;0;18;493;1
0;0;0;0;0;0;19;493;1
0;0;0;0;0;0;20;493;1
0;0;0;0;-1;1;21;493;1
0;0;0;0;0;0;22;493;1
0;0;0;0;0;0;23;493;1
0;0;0;0;0;0;24;493;1
0;0;0;0;0;0;25;493;1
0;0;0;0;0;0;26;493;1
0;0;0;0;0;0;27;493;1
0;0;0;0;0;0;28;493;1
0;0;0;0;0;0;29;493;1
0;2;1;0;0;0;30;493;1
0;0;0;0;1;0;31;493;1
0;0;0;0;0;0;32;493;1
0;0;0;0;0;0;33;493;1
0;0;0;0;0;0;34;493;1
0;0;0;0;0;0;1;493;2
0;0;0;0;0;0;2;493;2
0;0;0;0;0;0;3;493;2
0;0;0;0;0;0;4;493;2
0;0;0;0;0;0;5;493;2
0;2;1;0;0;0;6;493;2
0;0;0;0;0;0;7;493;2
0;0;0;0;0;0;8;493;2
0;0;0;0;0;0;9;493;2
0;0;0;0;0;0;10;493;2
0;0;0;0;0;0;11;493;2
0;0;0;0;0;0;12;493;2
0;0;0;0;0;0;13;493;2
0;0;0;0;0;0;14;493;2
0;0;0;0;0;0;15;493;2
0;0;0;0;0;0;16;493;2
0;0;0;0;0;0;17;493;2
0;0;0;0;0;0;18;493;2
0;0;0;0;0;0;19;493;2
0;0;0;0;0;0;20;493;2
0;0;0;0;0;0;21;493;2
0;0;0;0;0;0;22;493;2
0;0;0;0;0;0;23;493;2
0;0;0;0;0;0;24;493;2
0;0;0;0;0;0;25;493;2
0;0;0;0;0;0;26;493;2
0;5;5;0;0;0;27;493;2
0;0;0;0;0;0;28;493;2
0;0;0;0;0;0;29;493;2
0;0;0;0;0;0;30;493;2
0;0;0;0;0;0;31;493;2
0;0;0;0;0;0;32;493;2
0;0;0;0;0;0;33;493;2
0;0;0;0;0;0;34;493;2
0;0;0;0;0;0;1;494;1
0;0;0;0;0;0;2;494;1
0;0;0;0;0;0;3;494;1
0;0;0;0;0;0;4;494;1
0;0;0;0;0;0;5;494;1
0;0;0;0;0;0;6;494;1
0;0;0;0;0;0;7;494;1
0;0;0;0;0;0;8;494;1
0;0;0;0;0;0;9;494;1
0;0;0;0;0;0;10;494;1
0;0;0;0;0;0;11;494;1
0;0;0;0;0;0;12;494;1
0;0;0;0;0;0;13;494;1
0;1;0;0;10;0;14;494;1
0;0;0;0;0;0;15;494;1
0;0;0;0;0;0;16;494;1
0;0;0;0;0;0;17;494;1
0;0;0;0;0;0;18;494;1
0;0;0;0;0;0;19;494;1
0;0;0;0;0;0;20;494;1
0;0;0;0;0;0;21;494;1
0;0;0;0;0;0;22;494;1
0;0;0;0;0;0;23;494;1
0;0;0;0;0;0;24;494;1
0;0;0;0;0;0;25;494;1
0;0;0;0;0;0;26;494;1
0;0;0;0;1;0;27;494;1
0;0;0;0;0;0;28;494;1
0;0;0;0;0;0;29;494;1
0;1;0;0;17;0;30;494;1
0;0;0;0;0;0;31;494;1
0;0;0;0;0;0;32;494;1
0;0;0;0;0;0;33;494;1
0;0;0;0;1;0;34;494;1
0;0;0;0;0;0;1;494;2
0;0;0;0;0;0;2;494;2
0;0;0;0;0;0;3;494;2
0;0;0;0;0;0;4;494;2
0;0;0;0;0;0;5;494;2
0;1;0;0;0;0;6;494;2
0;0;0;0;0;0;7;494;2
0;0;0;0;0;0;8;494;2
0;0;0;0;0;0;9;494;2
0;0;0;0;0;0;10;494;2
0;0;0;0;0;0;11;494;2
0;0;0;0;0;0;12;494;2
0;0;0;0;0;0;13;494;2
0;0;0;0;0;0;14;494;2
0;0;0;0;0;0;15;494;2
0;0;0;0;0;0;16;494;2
0;0;0;0;0;0;17;494;2
0;0;0;0;0;0;18;494;2
0;0;0;0;0;0;19;494;2
0;0;0;0;0;0;20;494;2
0;0;0;0;0;0;21;494;2
0;0;0;0;0;0;22;494;2
0;0;0;0;0;0;23;494;2
0;0;0;0;0;0;24;494;2
0;0;0;0;0;0;25;494;2
0;0;0;0;0;0;26;494;2
0;5;0;0;0;0;27;494;2
0;0;0;0;0;0;28;494;2
0;0;0;0;0;0;29;494;2
0;0;0;0;0;0;30;494;2
0;0;0;0;0;0;31;494;2
0;0;0;0;0;0;32;494;2
0;0;0;0;0;0;33;494;2
0;0;0;0;2;0;34;494;2
0;0;0;0;0;0;1;495;1
0;0;0;0;0;0;2;495;1
0;0;0;0;0;0;3;495;1
0;0;0;0;0;0;4;495;1
0;0;0;0;0;0;5;495;1
0;0;0;0;1;0;6;495;1
0;0;0;0;0;0;7;495;1
0;0;0;0;0;0;8;495;1
0;0;0;0;0;0;9;495;1
0;0;0;0;0;0;10;495;1
0;0;0;0;0;0;11;495;1
0;0;0;0;6;0;12;495;1
0;0;0;0;0;0;13;495;1
0;1;0;0;0;0;14;495;1
-1;0;0;-1;-1;0;15;495;1
0;0;0;0;0;0;16;495;1
0;0;0;0;0;0;17;495;1
0;0;0;0;0;0;18;495;1
0;0;0;0;0;0;19;495;1
0;0;0;0;0;0;20;495;1
0;0;0;0;0;0;21;495;1
0;0;0;0;0;0;22;495;1
0;0;0;0;1;0;23;495;1
0;0;0;0;1;0;24;495;1
0;0;0;0;0;0;25;495;1
0;0;0;0;0;0;26;495;1
0;0;0;0;0;0;27;495;1
0;0;0;0;-1;4;28;495;1
0;0;0;0;0;0;29;495;1
0;1;0;0;3;0;30;495;1
0;0;0;0;0;0;31;495;1
0;0;0;0;0;0;32;495;1
1;0;0;1;6;0;33;495;1
0;0;0;0;4;0;34;495;1
0;0;0;0;0;0;1;495;2
0;0;0;0;0;0;2;495;2
0;0;0;0;0;0;3;495;2
0;0;0;0;0;0;4;495;2
0;0;0;0;0;0;5;495;2
0;1;0;0;0;0;6;495;2
0;0;0;0;0;0;7;495;2
0;0;0;0;0;0;8;495;2
0;0;0;0;0;0;9;495;2
0;0;0;0;1;0;10;495;2
0;0;0;0;0;0;11;495;2
0;0;0;0;0;0;12;495;2
0;0;0;0;0;0;13;495;2
0;0;0;0;0;0;14;495;2
0;0;0;0;0;0;15;495;2
0;0;0;0;0;0;16;495;2
0;0;0;0;0;0;17;495;2
0;0;0;0;0;0;18;495;2
0;0;0;0;0;0;19;495;2
0;0;0;0;0;0;20;495;2
0;0;0;0;0;0;21;495;2
0;0;0;0;0;0;22;495;2
0;0;0;0;0;0;23;495;2
0;0;0;0;0;0;24;495;2
0;0;0;0;0;0;25;495;2
0;0;0;0;0;0;26;495;2
1;5;0;1;1;0;27;495;2
0;0;0;0;0;0;28;495;2
0;0;0;0;0;0;29;495;2
0;0;0;0;0;0;30;495;2
0;0;0;0;0;0;31;495;2
0;0;0;0;0;0;32;495;2
0;0;0;0;0;0;33;495;2
0;0;0;0;10;0;34;495;2
0;0;0;0;0;0;1;496;1
0;0;0;0;0;0;2;496;1
0;0;0;0;0;0;3;496;1
0;0;0;0;0;0;4;496;1
0;0;0;0;0;0;5;496;1
0;0;0;0;0;0;6;496;1
0;0;0;0;0;0;7;496;1
0;0;0;0;0;0;8;496;1
0;0;0;0;0;0;9;496;1
0;0;0;0;0;0;10;496;1
0;0;0;0;0;0;11;496;1
0;0;0;0;1;0;12;496;1
0;0;0;0;0;0;13;496;1
0;1;0;0;0;1;14;496;1
0;0;0;0;0;0;15;496;1
0;0;0;0;0;0;16;496;1
0;0;0;0;0;0;17;496;1
0;0;0;0;0;0;18;496;1
0;0;0;0;0;0;19;496;1
0;0;0;0;0;0;20;496;1
0;0;0;0;-2;2;21;496;1
0;0;0;0;0;0;22;496;1
0;0;0;0;0;0;23;496;1
0;0;0;0;0;0;24;496;1
0;0;0;0;0;0;25;496;1
0;0;0;0;0;0;26;496;1
0;0;0;0;0;0;27;496;1
1;0;0;1;-6;13;28;496;1
0;0;0;0;0;0;29;496;1
0;1;0;0;2;0;30;496;1
0;0;0;0;0;0;31;496;1
0;0;0;0;0;0;32;496;1
0;0;0;0;0;0;33;496;1
0;0;0;0;1;0;34;496;1
0;0;0;0;0;0;1;496;2
0;0;0;0;0;0;2;496;2
0;0;0;0;0;0;3;496;2
0;0;0;0;0;0;4;496;2
0;0;0;0;0;0;5;496;2
0;1;0;0;0;0;6;496;2
0;0;0;0;0;0;7;496;2
0;0;0;0;0;0;8;496;2
0;0;0;0;0;0;9;496;2
0;0;0;0;0;0;10;496;2
0;0;0;0;0;0;11;496;2
0;0;0;0;1;0;12;496;2
0;0;0;0;0;0;13;496;2
0;0;0;0;0;0;14;496;2
0;0;0;0;0;0;15;496;2
0;0;0;0;0;0;16;496;2
0;0;0;0;0;0;17;496;2
0;0;0;0;0;0;18;496;2
0;0;0;0;0;0;19;496;2
0;0;0;0;0;0;20;496;2
0;0;0;0;0;0;21;496;2
0;0;0;0;0;0;22;496;2
0;0;0;0;0;0;23;496;2
0;0;0;0;0;0;24;496;2
0;0;0;0;0;0;25;496;2
0;0;0;0;0;0;26;496;2
0;5;0;0;0;0;27;496;2
0;0;0;0;0;0;28;496;2
0;0;0;0;0;0;29;496;2
0;0;0;0;0;0;30;496;2
0;0;0;0;0;0;31;496;2
0;0;0;0;0;0;32;496;2
0;0;0;0;0;0;33;496;2
0;0;0;0;6;0;34;496;2
0;0;0;0;0;0;1;497;1
0;0;0;0;0;0;2;497;1
0;0;0;0;0;0;3;497;1
0;0;0;0;0;0;4;497;1
0;0;0;0;0;0;5;497;1
0;0;0;0;0;0;6;497;1
0;0;0;0;0;0;7;497;1
0;0;0;0;0;0;8;497;1
0;0;0;0;0;0;9;497;1
0;0;0;0;0;0;10;497;1
0;0;0;0;0;0;11;497;1
0;0;0;0;0;0;12;497;1
0;0;0;0;0;0;13;497;1
0;1;0;0;0;0;14;497;1
0;0;0;0;0;0;15;497;1
0;0;0;0;0;0;16;497;1
0;0;0;0;0;0;17;497;1
0;0;0;0;1;0;18;497;1
0;0;0;0;0;0;19;497;1
0;0;0;0;0;0;20;497;1
0;0;0;0;0;0;21;497;1
0;0;0;0;0;0;22;497;1
0;0;0;0;0;0;23;497;1
0;0;0;0;0;0;24;497;1
0;0;0;0;0;0;25;497;1
0;0;0;0;0;0;26;497;1
0;0;0;0;1;0;27;497;1
0;0;0;0;0;0;28;497;1
0;0;0;0;0;0;29;497;1
0;0;0;0;4;0;30;497;1
0;0;0;0;0;0;31;497;1
0;0;0;0;0;0;32;497;1
0;0;0;0;0;0;33;497;1
0;0;0;0;0;0;34;497;1
0;0;0;0;0;0;1;497;2
0;0;0;0;0;0;2;497;2
0;0;0;0;0;0;3;497;2
0;0;0;0;0;0;4;497;2
0;0;0;0;0;0;5;497;2
0;1;0;0;0;0;6;497;2
0;0;0;0;0;0;7;497;2
0;0;0;0;0;0;8;497;2
0;0;0;0;0;0;9;497;2
0;0;0;0;0;0;10;497;2
0;0;0;0;0;0;11;497;2
0;0;0;0;0;0;12;497;2
0;0;0;0;0;0;13;497;2
0;0;0;0;0;0;14;497;2
0;0;0;0;0;0;15;497;2
0;0;0;0;0;0;16;497;2
0;0;0;0;0;0;17;497;2
0;0;0;0;0;0;18;497;2
0;0;0;0;0;0;19;497;2
0;0;0;0;0;0;20;497;2
0;0;0;0;0;0;21;497;2
0;0;0;0;0;0;22;497;2
0;0;0;0;0;0;23;497;2
0;0;0;0;0;0;24;497;2
0;0;0;0;0;0;25;497;2
0;0;0;0;0;0;26;497;2
-1;5;0;-1;-1;0;27;497;2
0;0;0;0;0;0;28;497;2
0;0;0;0;0;0;29;497;2
0;0;0;0;0;0;30;497;2
0;0;0;0;0;0;31;497;2
0;0;0;0;0;0;32;497;2
0;0;0;0;0;0;33;497;2
0;0;0;0;0;0;34;497;2
0;0;0;0;0;0;1;498;1
0;0;0;0;0;0;2;498;1
0;0;0;0;0;0;3;498;1
0;0;0;0;0;0;4;498;1
0;0;0;0;0;0;5;498;1
0;0;0;0;0;0;6;498;1
0;0;0;0;1;-1;7;498;1
0;0;0;0;0;0;8;498;1
0;0;0;0;0;0;9;498;1
1;0;0;0;0;0;10;498;1
0;0;0;0;0;0;11;498;1
0;0;0;0;0;0;12;498;1
0;0;0;0;0;0;13;498;1
1;0;0;0;0;0;14;498;1
0;0;0;0;0;0;15;498;1
0;0;0;0;0;0;16;498;1
0;0;0;0;0;0;17;498;1
0;0;0;0;0;0;18;498;1
0;0;0;0;0;0;19;498;1
0;0;0;0;0;0;20;498;1
1;0;0;1;1;0;21;498;1
0;0;0;0;0;0;22;498;1
0;0;0;0;0;0;23;498;1
1;0;0;0;0;0;24;498;1
0;0;0;0;0;0;25;498;1
0;0;0;0;0;0;26;498;1
0;0;0;0;0;0;27;498;1
0;0;0;0;0;0;28;498;1
0;0;0;0;0;0;29;498;1
0;0;0;0;0;0;30;498;1
0;0;0;0;0;0;31;498;1
1;0;0;0;0;0;32;498;1
0;0;0;0;0;0;33;498;1
0;0;0;0;0;0;34;498;1
0;0;0;0;0;0;1;498;2
0;0;0;0;0;0;2;498;2
0;0;0;0;0;0;3;498;2
0;0;0;0;0;0;4;498;2
0;0;0;0;0;0;5;498;2
0;1;0;0;0;0;6;498;2
0;0;0;0;0;0;7;498;2
0;0;0;0;0;0;8;498;2
0;0;0;0;0;0;9;498;2
0;0;0;0;0;0;10;498;2
0;0;0;0;0;0;11;498;2
0;0;0;0;0;0;12;498;2
1;1;1;1;0;0;13;498;2
0;0;0;0;0;0;14;498;2
1;0;0;1;1;0;15;498;2
0;0;0;0;0;0;16;498;2
0;0;0;0;0;0;17;498;2
0;0;0;0;0;0;18;498;2
0;0;0;0;0;0;19;498;2
0;0;0;0;0;0;20;498;2
0;0;0;0;0;0;21;498;2
0;0;0;0;0;0;22;498;2
0;0;0;0;0;0;23;498;2
0;0;0;0;0;0;24;498;2
0;0;0;0;0;0;25;498;2
0;0;0;0;0;0;26;498;2
0;4;0;0;0;0;27;498;2
1;0;0;1;1;0;28;498;2
0;0;0;0;0;0;29;498;2
0;0;0;0;0;0;30;498;2
0;0;0;0;0;0;31;498;2
0;0;0;0;0;0;32;498;2
0;0;0;0;0;0;33;498;2
0;0;0;0;0;0;34;498;2
0;0;0;0;0;0;1;499;1
0;0;0;0;0;0;2;499;1
0;0;0;0;0;0;3;499;1
1;0;0;1;0;1;4;499;1
0;0;0;0;0;0;5;499;1
0;0;0;0;0;0;6;499;1
0;0;0;0;0;0;7;499;1
0;0;0;0;0;0;8;499;1
0;0;0;0;0;0;9;499;1
0;0;0;0;0;0;10;499;1
0;0;0;0;0;0;11;499;1
0;0;0;0;0;0;12;499;1
0;0;0;0;0;0;13;499;1
0;0;0;0;0;0;14;499;1
0;0;0;0;0;0;15;499;1
0;0;0;0;0;0;16;499;1
0;0;0;0;0;0;17;499;1
0;0;0;0;0;0;18;499;1
0;0;0;0;0;0;19;499;1
0;0;0;0;0;0;20;499;1
0;0;0;0;0;0;21;499;1
0;0;0;0;0;0;22;499;1
0;0;0;0;0;0;23;499;1
0;0;0;0;0;0;24;499;1
0;0;0;0;0;0;25;499;1
0;0;0;0;0;0;26;499;1
0;0;0;0;1;0;27;499;1
0;0;0;0;0;0;28;499;1
0;0;0;0;0;0;29;499;1
0;0;0;0;0;0;30;499;1
0;0;0;0;0;0;31;499;1
1;0;0;0;0;0;32;499;1
0;0;0;0;0;0;33;499;1
0;0;0;0;5;0;34;499;1
0;0;0;0;0;0;1;499;2
0;0;0;0;0;0;2;499;2
0;0;0;0;0;0;3;499;2
0;0;0;0;0;0;4;499;2
0;0;0;0;0;0;5;499;2
0;0;0;0;0;0;6;499;2
0;0;0;0;0;0;7;499;2
0;0;0;0;0;0;8;499;2
0;0;0;0;0;0;9;499;2
0;0;0;0;0;0;10;499;2
0;0;0;0;0;0;11;499;2
0;0;0;0;0;0;12;499;2
-1;0;0;-1;0;0;13;499;2
0;0;0;0;0;0;14;499;2
0;0;0;0;0;0;15;499;2
0;0;0;0;0;0;16;499;2
0;0;0;0;0;0;17;499;2
0;0;0;0;0;0;18;499;2
1;1;1;1;0;0;19;499;2
0;0;0;0;0;0;20;499;2
0;0;0;0;0;0;21;499;2
1;1;1;1;0;0;22;499;2
0;0;0;0;0;0;23;499;2
0;0;0;0;0;0;24;499;2
0;0;0;0;0;0;25;499;2
0;0;0;0;0;0;26;499;2
1;0;0;1;1;0;27;499;2
7;0;0;7;8;0;28;499;2
0;0;0;0;0;0;29;499;2
0;0;0;0;1;0;30;499;2
0;0;0;0;0;0;31;499;2
0;0;0;0;0;0;32;499;2
0;0;0;0;0;0;33;499;2
0;0;0;0;4;0;34;499;2
0;0;0;0;2;0;1;500;1
0;0;0;0;0;0;2;500;1
0;0;0;0;0;0;3;500;1
0;0;0;0;0;0;4;500;1
0;0;0;0;0;0;5;500;1
0;0;0;0;1;0;6;500;1
1;1;1;1;0;0;7;500;1
0;0;0;0;0;0;8;500;1
0;0;0;0;0;0;9;500;1
0;0;0;0;0;0;10;500;1
0;0;0;0;0;0;11;500;1
0;0;0;0;1;0;12;500;1
0;0;0;0;0;0;13;500;1
0;0;0;0;0;0;14;500;1
0;0;0;0;0;0;15;500;1
0;0;0;0;0;0;16;500;1
0;0;0;0;0;0;17;500;1
0;0;0;0;0;0;18;500;1
0;0;0;0;0;0;19;500;1
0;0;0;0;0;0;20;500;1
0;0;0;0;0;0;21;500;1
0;0;0;0;0;0;22;500;1
0;0;0;0;-1;1;23;500;1
0;0;0;0;2;0;24;500;1
0;0;0;0;0;0;25;500;1
0;0;0;0;0;0;26;500;1
0;0;0;0;9;0;27;500;1
0;0;0;0;0;0;28;500;1
0;0;0;0;0;0;29;500;1
0;0;0;0;3;0;30;500;1
0;0;0;0;0;0;31;500;1
0;0;0;0;0;0;32;500;1
0;0;0;0;1;0;33;500;1
0;0;0;0;1;0;34;500;1
0;0;0;0;0;0;1;500;2
0;0;0;0;0;0;2;500;2
0;0;0;0;0;0;3;500;2
0;0;0;0;0;0;4;500;2
0;0;0;0;0;0;5;500;2
0;0;0;0;0;0;6;500;2
0;0;0;0;0;0;7;500;2
0;0;0;0;0;0;8;500;2
0;0;0;0;0;0;9;500;2
0;0;0;0;1;0;10;500;2
0;0;0;0;0;0;11;500;2
0;0;0;0;0;0;12;500;2
0;0;0;0;0;0;13;500;2
0;0;0;0;0;0;14;500;2
0;0;0;0;0;0;15;500;2
0;0;0;0;0;0;16;500;2
0;0;0;0;0;0;17;500;2
0;0;0;0;0;0;18;500;2
0;1;1;0;0;0;19;500;2
0;0;0;0;0;0;20;500;2
0;0;0;0;0;0;21;500;2
0;1;0;0;0;0;22;500;2
0;0;0;0;0;0;23;500;2
0;0;0;0;0;0;24;500;2
0;0;0;0;0;0;25;500;2
0;0;0;0;0;0;26;500;2
0;0;0;0;0;0;27;500;2
0;0;0;0;0;0;28;500;2
0;0;0;0;0;0;29;500;2
0;0;0;0;0;0;30;500;2
0;0;0;0;0;0;31;500;2
0;0;0;0;0;0;32;500;2
0;0;0;0;0;0;33;500;2
0;0;0;0;1;0;34;500;2
0;0;0;0;0;0;1;501;1
0;0;0;0;0;0;2;501;1
0;0;0;0;0;0;3;501;1
1;0;0;0;0;0;4;501;1
0;0;0;0;0;0;5;501;1
0;0;0;0;0;0;6;501;1
0;1;1;0;0;0;7;501;1
0;0;0;0;0;0;8;501;1
0;0;0;0;0;0;9;501;1
0;0;0;0;0;0;10;501;1
0;0;0;0;0;0;11;501;1
0;0;0;0;0;0;12;501;1
0;0;0;0;0;0;13;501;1
0;0;0;0;0;0;14;501;1
0;0;0;0;0;0;15;501;1
0;0;0;0;0;0;16;501;1
0;0;0;0;0;0;17;501;1
0;0;0;0;0;0;18;501;1
0;0;0;0;0;0;19;501;1
0;0;0;0;0;0;20;501;1
0;0;0;0;0;0;21;501;1
0;0;0;0;0;0;22;501;1
0;0;0;0;0;0;23;501;1
0;0;0;0;0;0;24;501;1
0;0;0;0;0;0;25;501;1
0;0;0;0;0;0;26;501;1
0;0;0;0;1;0;27;501;1
0;0;0;0;0;0;28;501;1
0;0;0;0;0;0;29;501;1
0;0;0;0;0;0;30;501;1
0;0;0;0;0;0;31;501;1
0;0;0;0;0;0;32;501;1
0;0;0;0;0;0;33;501;1
0;0;0;0;0;0;34;501;1
0;0;0;0;0;0;1;501;2
0;0;0;0;0;0;2;501;2
0;0;0;0;0;0;3;501;2
0;0;0;0;0;0;4;501;2
0;0;0;0;0;0;5;501;2
0;0;0;0;0;0;6;501;2
0;0;0;0;0;0;7;501;2
0;0;0;0;0;0;8;501;2
0;0;0;0;0;0;9;501;2
0;0;0;0;0;0;10;501;2
0;0;0;0;0;0;11;501;2
0;0;0;0;0;0;12;501;2
0;0;0;0;0;0;13;501;2
0;0;0;0;0;0;14;501;2
0;0;0;0;0;0;15;501;2
2;1;1;2;0;0;16;501;2
0;0;0;0;0;0;17;501;2
0;0;0;0;0;0;18;501;2
0;1;1;0;0;0;19;501;2
0;0;0;0;0;0;20;501;2
0;0;0;0;0;0;21;501;2
0;1;0;0;0;0;22;501;2
0;0;0;0;0;0;23;501;2
0;0;0;0;0;0;24;501;2
0;0;0;0;0;0;25;501;2
0;0;0;0;0;0;26;501;2
0;0;0;0;0;0;27;501;2
0;0;0;0;0;0;28;501;2
0;0;0;0;0;0;29;501;2
0;0;0;0;0;0;30;501;2
0;0;0;0;0;0;31;501;2
0;0;0;0;0;0;32;501;2
0;0;0;0;0;0;33;501;2
0;0;0;0;1;0;34;501;2
0;0;0;0;1;0;1;502;1
2;0;0;2;0;2;2;502;1
0;0;0;0;0;0;3;502;1
0;0;0;0;0;0;4;502;1
1;0;0;1;0;1;5;502;1
0;0;0;0;1;0;6;502;1
0;1;1;0;0;0;7;502;1
1;0;0;1;0;1;8;502;1
0;0;0;0;0;0;9;502;1
0;0;0;0;0;0;10;502;1
0;0;0;0;0;0;11;502;1
0;0;0;0;0;0;12;502;1
0;0;0;0;0;0;13;502;1
0;0;0;0;0;0;14;502;1
0;0;0;0;0;0;15;502;1
1;0;0;1;0;0;16;502;1
0;0;0;0;0;0;17;502;1
0;0;0;0;0;0;18;502;1
2;0;0;2;0;2;19;502;1
0;0;0;0;0;0;20;502;1
0;0;0;0;0;0;21;502;1
1;1;1;1;0;0;22;502;1
0;0;0;0;-1;1;23;502;1
0;0;0;0;0;0;24;502;1
0;0;0;0;0;0;25;502;1
0;0;0;0;0;0;26;502;1
0;0;0;0;20;0;27;502;1
0;0;0;0;0;0;28;502;1
0;0;0;0;0;0;29;502;1
0;0;0;0;10;0;30;502;1
0;0;0;0;0;0;31;502;1
0;0;0;0;0;0;32;502;1
0;0;0;0;0;0;33;502;1
0;0;0;0;0;0;34;502;1
0;0;0;0;0;0;1;502;2
0;0;0;0;0;0;2;502;2
0;0;0;0;0;0;3;502;2
0;0;0;0;0;0;4;502;2
0;0;0;0;0;0;5;502;2
0;0;0;0;1;0;6;502;2
0;0;0;0;0;0;7;502;2
0;0;0;0;0;0;8;502;2
0;0;0;0;0;0;9;502;2
0;0;0;0;0;0;10;502;2
0;0;0;0;0;0;11;502;2
0;0;0;0;0;0;12;502;2
0;0;0;0;0;0;13;502;2
0;0;0;0;0;0;14;502;2
0;0;0;0;1;0;15;502;2
-1;1;1;-1;0;0;16;502;2
0;0;0;0;0;0;17;502;2
1;1;1;1;0;0;18;502;2
0;1;0;0;0;0;19;502;2
0;0;0;0;0;0;20;502;2
0;0;0;0;0;0;21;502;2
0;1;0;0;0;0;22;502;2
0;0;0;0;0;0;23;502;2
0;0;0;0;0;0;24;502;2
0;0;0;0;0;0;25;502;2
0;0;0;0;0;0;26;502;2
0;0;0;0;0;0;27;502;2
0;0;0;0;0;0;28;502;2
0;0;0;0;0;0;29;502;2
0;0;0;0;0;0;30;502;2
0;0;0;0;0;0;31;502;2
0;0;0;0;0;0;32;502;2
0;0;0;0;0;0;33;502;2
0;0;0;0;0;0;34;502;2
0;0;0;0;0;0;1;503;1
0;0;0;0;0;0;2;503;1
0;0;0;0;0;0;3;503;1
0;0;0;0;0;0;4;503;1
0;0;0;0;0;0;5;503;1
1;0;0;1;2;1;6;503;1
-1;0;0;-1;0;0;7;503;1
0;0;0;0;0;0;8;503;1
0;0;0;0;0;0;9;503;1
0;0;0;0;5;0;10;503;1
0;0;0;0;0;0;11;503;1
0;0;0;0;0;0;12;503;1
0;0;0;0;0;0;13;503;1
0;0;0;0;0;0;14;503;1
0;0;0;0;0;0;15;503;1
0;0;0;0;0;1;16;503;1
0;0;0;0;0;0;17;503;1
0;0;0;0;0;0;18;503;1
0;0;0;0;0;0;19;503;1
0;0;0;0;0;0;20;503;1
0;0;0;0;0;0;21;503;1
0;1;1;0;0;0;22;503;1
0;0;0;0;0;0;23;503;1
0;0;0;0;0;0;24;503;1
0;0;0;0;0;0;25;503;1
0;0;0;0;0;0;26;503;1
0;0;0;0;0;0;27;503;1
0;0;0;0;1;0;28;503;1
1;0;0;1;0;1;29;503;1
0;0;0;0;0;0;30;503;1
0;0;0;0;0;0;31;503;1
0;0;0;0;0;0;32;503;1
0;0;0;0;0;0;33;503;1
0;0;0;0;0;0;34;503;1
0;0;0;0;0;0;1;503;2
0;0;0;0;0;0;2;503;2
0;0;0;0;0;0;3;503;2
0;0;0;0;0;0;4;503;2
0;0;0;0;0;0;5;503;2
0;0;0;0;0;0;6;503;2
0;0;0;0;0;0;7;503;2
0;0;0;0;0;0;8;503;2
0;0;0;0;0;0;9;503;2
0;0;0;0;0;0;10;503;2
0;0;0;0;0;0;11;503;2
0;0;0;0;0;0;12;503;2
0;0;0;0;0;0;13;503;2
0;0;0;0;0;0;14;503;2
0;0;0;0;0;0;15;503;2
0;1;1;0;0;0;16;503;2
0;0;0;0;0;0;17;503;2
0;1;1;0;0;0;18;503;2
0;1;0;0;0;0;19;503;2
0;0;0;0;0;0;20;503;2
0;0;0;0;0;0;21;503;2
0;1;0;0;0;0;22;503;2
0;0;0;0;0;0;23;503;2
0;0;0;0;0;0;24;503;2
0;0;0;0;0;0;25;503;2
0;0;0;0;0;0;26;503;2
2;0;0;2;2;0;27;503;2
47;0;0;47;47;0;28;503;2
0;0;0;0;0;0;29;503;2
0;0;0;0;0;0;30;503;2
0;0;0;0;0;0;31;503;2
0;0;0;0;0;0;32;503;2
0;0;0;0;0;0;33;503;2
0;0;0;0;2;0;34;503;2
0;0;0;0;-1;0;1;504;1
0;0;0;0;0;0;2;504;1
0;0;0;0;0;0;3;504;1
0;0;0;0;0;0;4;504;1
0;0;0;0;0;0;5;504;1
0;0;0;0;0;0;6;504;1
0;0;0;0;0;0;7;504;1
0;0;0;0;0;0;8;504;1
0;0;0;0;0;0;9;504;1
0;0;0;0;0;0;10;504;1
0;0;0;0;0;0;11;504;1
0;0;0;0;0;0;12;504;1
0;0;0;0;0;0;13;504;1
0;0;0;0;0;0;14;504;1
0;0;0;0;0;0;15;504;1
0;0;0;0;0;0;16;504;1
0;0;0;0;0;0;17;504;1
0;0;0;0;0;0;18;504;1
0;0;0;0;0;0;19;504;1
0;0;0;0;0;0;20;504;1
0;0;0;0;0;0;21;504;1
2;3;3;2;0;0;22;504;1
0;0;0;0;0;0;23;504;1
0;0;0;0;0;0;24;504;1
0;0;0;0;0;0;25;504;1
0;0;0;0;0;0;26;504;1
0;0;0;0;0;0;27;504;1
0;0;0;0;0;0;28;504;1
0;0;0;0;0;0;29;504;1
0;0;0;0;0;0;30;504;1
0;0;0;0;0;0;31;504;1
0;0;0;0;0;0;32;504;1
0;0;0;0;0;0;33;504;1
0;0;0;0;0;0;34;504;1
0;0;0;0;0;0;1;504;2
0;0;0;0;0;0;2;504;2
0;0;0;0;0;0;3;504;2
0;0;0;0;0;0;4;504;2
0;0;0;0;0;0;5;504;2
0;0;0;0;0;0;6;504;2
0;0;0;0;0;0;7;504;2
0;0;0;0;0;0;8;504;2
0;0;0;0;0;0;9;504;2
0;0;0;0;0;0;10;504;2
0;0;0;0;0;0;11;504;2
0;0;0;0;0;0;12;504;2
0;0;0;0;0;0;13;504;2
0;0;0;0;0;0;14;504;2
0;0;0;0;0;0;15;504;2
0;1;1;0;0;0;16;504;2
0;0;0;0;0;0;17;504;2
0;1;1;0;0;0;18;504;2
0;1;0;0;0;0;19;504;2
0;0;0;0;0;0;20;504;2
0;0;0;0;0;0;21;504;2
0;1;0;0;0;0;22;504;2
0;0;0;0;0;0;23;504;2
0;0;0;0;0;0;24;504;2
0;0;0;0;0;0;25;504;2
0;0;0;0;0;0;26;504;2
0;0;0;0;1;0;27;504;2
0;0;0;0;0;0;28;504;2
0;0;0;0;0;0;29;504;2
0;0;0;0;0;0;30;504;2
0;0;0;0;0;0;31;504;2
0;0;0;0;0;0;32;504;2
0;0;0;0;0;0;33;504;2
0;0;0;0;0;0;34;504;2
0;0;0;0;1;0;1;505;1
0;0;0;0;0;0;2;505;1
0;0;0;0;0;0;3;505;1
0;0;0;0;0;0;4;505;1
0;0;0;0;0;0;5;505;1
0;0;0;0;0;0;6;505;1
0;0;0;0;0;0;7;505;1
0;0;0;0;0;0;8;505;1
0;0;0;0;0;0;9;505;1
0;0;0;0;0;0;10;505;1
0;0;0;0;0;0;11;505;1
0;0;0;0;0;0;12;505;1
0;0;0;0;0;0;13;505;1
0;0;0;0;0;0;14;505;1
0;0;0;0;0;0;15;505;1
0;0;0;0;0;0;16;505;1
0;0;0;0;0;0;17;505;1
0;0;0;0;0;0;18;505;1
0;0;0;0;0;0;19;505;1
0;0;0;0;0;0;20;505;1
0;0;0;0;0;0;21;505;1
0;3;3;0;0;0;22;505;1
0;0;0;0;0;0;23;505;1
0;0;0;0;0;0;24;505;1
0;0;0;0;0;0;25;505;1
0;0;0;0;0;0;26;505;1
0;0;0;0;0;0;27;505;1
0;0;0;0;0;0;28;505;1
0;0;0;0;0;0;29;505;1
0;0;0;0;0;0;30;505;1
0;0;0;0;0;0;31;505;1
0;0;0;0;0;0;32;505;1
0;0;0;0;1;0;33;505;1
0;0;0;0;0;0;34;505;1
0;0;0;0;0;0;1;505;2
0;0;0;0;0;0;2;505;2
0;0;0;0;0;0;3;505;2
0;0;0;0;0;0;4;505;2
0;0;0;0;0;0;5;505;2
0;0;0;0;0;0;6;505;2
0;0;0;0;0;0;7;505;2
0;0;0;0;0;0;8;505;2
0;0;0;0;0;0;9;505;2
0;0;0;0;0;0;10;505;2
0;0;0;0;0;0;11;505;2
0;0;0;0;0;0;12;505;2
0;0;0;0;0;0;13;505;2
0;0;0;0;0;0;14;505;2
0;0;0;0;1;0;15;505;2
0;1;1;0;0;0;16;505;2
0;0;0;0;0;0;17;505;2
0;1;1;0;0;0;18;505;2
0;1;0;0;0;0;19;505;2
0;0;0;0;0;0;20;505;2
0;0;0;0;0;0;21;505;2
0;0;0;0;1;0;22;505;2
0;0;0;0;0;0;23;505;2
0;0;0;0;0;0;24;505;2
0;0;0;0;0;0;25;505;2
0;0;0;0;0;0;26;505;2
1;1;1;1;0;0;27;505;2
0;0;0;0;0;0;28;505;2
0;0;0;0;0;0;29;505;2
0;0;0;0;0;0;30;505;2
0;0;0;0;0;0;31;505;2
0;0;0;0;0;0;32;505;2
0;0;0;0;0;0;33;505;2
0;0;0;0;0;0;34;505;2
0;0;0;0;0;0;1;506;1
0;0;0;0;0;0;2;506;1
0;0;0;0;0;0;3;506;1
0;0;0;0;0;0;4;506;1
0;0;0;0;0;0;5;506;1
0;0;0;0;0;0;6;506;1
0;0;0;0;0;0;7;506;1
0;0;0;0;0;0;8;506;1
0;0;0;0;0;0;9;506;1
0;0;0;0;0;0;10;506;1
0;0;0;0;0;0;11;506;1
0;0;0;0;0;0;12;506;1
0;0;0;0;0;0;13;506;1
0;0;0;0;0;0;14;506;1
0;0;0;0;0;0;15;506;1
0;0;0;0;0;0;16;506;1
0;0;0;0;0;0;17;506;1
0;0;0;0;0;0;18;506;1
0;0;0;0;0;0;19;506;1
0;0;0;0;0;0;20;506;1
0;0;0;0;0;0;21;506;1
0;3;1;0;0;0;22;506;1
0;0;0;0;0;0;23;506;1
0;0;0;0;0;0;24;506;1
0;0;0;0;0;0;25;506;1
0;0;0;0;0;0;26;506;1
0;0;0;0;0;0;27;506;1
0;0;0;0;0;0;28;506;1
0;0;0;0;0;0;29;506;1
0;0;0;0;0;0;30;506;1
0;0;0;0;0;0;31;506;1
0;0;0;0;0;0;32;506;1
0;0;0;0;0;0;33;506;1
0;0;0;0;0;0;34;506;1
0;0;0;0;0;0;1;506;2
0;0;0;0;0;0;2;506;2
0;0;0;0;0;0;3;506;2
0;0;0;0;0;0;4;506;2
0;0;0;0;0;0;5;506;2
0;0;0;0;0;0;6;506;2
0;0;0;0;2;0;7;506;2
0;0;0;0;0;0;8;506;2
1;1;0;1;0;0;9;506;2
0;0;0;0;2;0;10;506;2
0;0;0;0;0;0;11;506;2
0;0;0;0;0;0;12;506;2
0;0;0;0;0;0;13;506;2
0;0;0;0;0;0;14;506;2
0;0;0;0;0;0;15;506;2
0;1;0;0;0;0;16;506;2
0;0;0;0;0;0;17;506;2
0;1;1;0;0;0;18;506;2
1;2;1;1;0;0;19;506;2
0;0;0;0;0;0;20;506;2
0;0;0;0;0;0;21;506;2
0;0;0;0;0;0;22;506;2
0;0;0;0;0;0;23;506;2
0;0;0;0;0;0;24;506;2
0;0;0;0;0;0;25;506;2
0;0;0;0;0;0;26;506;2
1;1;1;1;0;0;27;506;2
3;0;0;3;4;0;28;506;2
0;0;0;0;0;0;29;506;2
0;0;0;0;0;0;30;506;2
0;0;0;0;0;0;31;506;2
0;0;0;0;0;0;32;506;2
0;0;0;0;0;0;33;506;2
0;0;0;0;0;0;34;506;2
0;0;0;0;0;0;1;507;1
0;0;0;0;0;0;2;507;1
0;0;0;0;0;0;3;507;1
0;0;0;0;0;0;4;507;1
0;0;0;0;0;0;5;507;1
0;0;0;0;0;0;6;507;1
0;0;0;0;0;0;7;507;1
0;0;0;0;0;0;8;507;1
0;0;0;0;0;0;9;507;1
0;0;0;0;0;0;10;507;1
0;0;0;0;0;0;11;507;1
0;0;0;0;0;0;12;507;1
0;0;0;0;0;0;13;507;1
0;0;0;0;0;0;14;507;1
1;0;0;1;0;0;15;507;1
0;0;0;0;0;0;16;507;1
0;0;0;0;0;0;17;507;1
0;0;0;0;0;0;18;507;1
0;0;0;0;0;0;19;507;1
0;0;0;0;0;0;20;507;1
0;0;0;0;0;0;21;507;1
1;4;1;1;0;0;22;507;1
0;0;0;0;0;0;23;507;1
0;0;0;0;0;0;24;507;1
0;0;0;0;0;0;25;507;1
0;0;0;0;0;0;26;507;1
0;0;0;0;0;0;27;507;1
0;0;0;0;0;0;28;507;1
0;0;0;0;0;0;29;507;1
0;0;0;0;1;0;30;507;1
0;0;0;0;0;0;31;507;1
0;0;0;0;0;0;32;507;1
0;0;0;0;0;0;33;507;1
0;0;0;0;0;0;34;507;1
0;0;0;0;0;0;1;507;2
0;0;0;0;0;0;2;507;2
0;0;0;0;0;0;3;507;2
0;0;0;0;0;0;4;507;2
0;0;0;0;0;0;5;507;2
0;0;0;0;0;0;6;507;2
0;0;0;0;0;0;7;507;2
0;0;0;0;0;0;8;507;2
0;0;0;0;0;0;9;507;2
0;0;0;0;4;0;10;507;2
0;0;0;0;1;0;11;507;2
0;0;0;0;0;0;12;507;2
0;0;0;0;0;0;13;507;2
0;0;0;0;0;0;14;507;2
0;0;0;0;0;0;15;507;2
0;1;0;0;0;0;16;507;2
0;0;0;0;0;0;17;507;2
0;1;0;0;0;0;18;507;2
-1;0;0;-1;0;0;19;507;2
0;0;0;0;0;0;20;507;2
0;0;0;0;0;0;21;507;2
0;0;0;0;0;0;22;507;2
0;0;0;0;0;0;23;507;2
0;0;0;0;0;0;24;507;2
0;0;0;0;0;0;25;507;2
1;0;0;1;1;0;26;507;2
0;1;1;0;0;0;27;507;2
0;0;0;0;0;0;28;507;2
0;0;0;0;0;0;29;507;2
0;0;0;0;0;0;30;507;2
0;0;0;0;0;0;31;507;2
0;0;0;0;0;0;32;507;2
0;0;0;0;0;0;33;507;2
0;0;0;0;0;0;34;507;2
1;1;1;1;0;0;1;508;1
0;0;0;0;0;0;2;508;1
0;0;0;0;0;0;3;508;1
0;0;0;0;0;0;4;508;1
0;0;0;0;0;0;5;508;1
0;0;0;0;0;0;6;508;1
0;0;0;0;0;0;7;508;1
0;0;0;0;0;0;8;508;1
0;0;0;0;0;0;9;508;1
0;0;0;0;0;0;10;508;1
0;0;0;0;0;0;11;508;1
0;0;0;0;0;0;12;508;1
0;0;0;0;0;0;13;508;1
0;0;0;0;0;0;14;508;1
0;0;0;0;0;0;15;508;1
0;0;0;0;0;0;16;508;1
0;0;0;0;0;0;17;508;1
0;0;0;0;0;0;18;508;1
0;0;0;0;0;0;19;508;1
0;0;0;0;0;0;20;508;1
0;0;0;0;0;0;21;508;1
0;4;1;0;0;0;22;508;1
1;0;0;1;1;0;23;508;1
0;0;0;0;0;0;24;508;1
0;0;0;0;0;0;25;508;1
0;0;0;0;0;0;26;508;1
0;0;0;0;0;0;27;508;1
0;0;0;0;0;0;28;508;1
0;0;0;0;0;0;29;508;1
0;0;0;0;0;0;30;508;1
0;0;0;0;0;0;31;508;1
0;0;0;0;0;0;32;508;1
0;0;0;0;0;0;33;508;1
0;0;0;0;0;0;34;508;1
0;0;0;0;0;0;1;508;2
0;0;0;0;0;0;2;508;2
0;0;0;0;0;0;3;508;2
0;0;0;0;0;0;4;508;2
0;0;0;0;0;0;5;508;2
0;0;0;0;0;0;6;508;2
0;0;0;0;0;0;7;508;2
0;0;0;0;0;0;8;508;2
0;0;0;0;0;0;9;508;2
0;0;0;0;0;0;10;508;2
0;0;0;0;0;0;11;508;2
0;0;0;0;0;0;12;508;2
0;0;0;0;0;0;13;508;2
0;0;0;0;0;0;14;508;2
0;0;0;0;0;0;15;508;2
0;1;0;0;0;0;16;508;2
0;0;0;0;0;0;17;508;2
0;1;0;0;0;0;18;508;2
0;0;0;0;0;0;19;508;2
0;0;0;0;0;0;20;508;2
0;0;0;0;0;0;21;508;2
0;0;0;0;0;0;22;508;2
0;0;0;0;0;0;23;508;2
0;0;0;0;0;0;24;508;2
0;0;0;0;0;0;25;508;2
-1;0;0;-1;-1;0;26;508;2
1;2;2;1;2;0;27;508;2
0;0;0;0;0;0;28;508;2
0;0;0;0;0;0;29;508;2
0;0;0;0;0;0;30;508;2
0;0;0;0;0;0;31;508;2
0;0;0;0;0;0;32;508;2
0;0;0;0;0;0;33;508;2
0;0;0;0;0;0;34;508;2
0;1;1;0;0;1;1;509;1
0;0;0;0;0;0;2;509;1
0;0;0;0;0;0;3;509;1
0;0;0;0;0;0;4;509;1
0;0;0;0;0;0;5;509;1
0;0;0;0;0;0;6;509;1
0;0;0;0;0;0;7;509;1
0;0;0;0;0;0;8;509;1
0;0;0;0;0;0;9;509;1
0;0;0;0;0;0;10;509;1
0;0;0;0;0;0;11;509;1
0;0;0;0;0;0;12;509;1
0;0;0;0;0;0;13;509;1
0;0;0;0;0;0;14;509;1
0;0;0;0;0;0;15;509;1
0;0;0;0;0;0;16;509;1
0;0;0;0;0;0;17;509;1
0;0;0;0;0;0;18;509;1
0;0;0;0;0;0;19;509;1
0;0;0;0;0;0;20;509;1
0;0;0;0;0;0;21;509;1
0;4;1;0;0;0;22;509;1
0;0;0;0;0;0;23;509;1
0;0;0;0;0;0;24;509;1
0;0;0;0;0;0;25;509;1
0;0;0;0;0;0;26;509;1
0;0;0;0;0;0;27;509;1
0;0;0;0;0;0;28;509;1
0;0;0;0;0;0;29;509;1
0;0;0;0;0;0;30;509;1
0;0;0;0;0;0;31;509;1
0;0;0;0;0;0;32;509;1
0;0;0;0;0;0;33;509;1
0;0;0;0;0;0;34;509;1
0;0;0;0;0;0;1;509;2
0;0;0;0;0;0;2;509;2
0;0;0;0;0;0;3;509;2
0;0;0;0;0;0;4;509;2
0;0;0;0;0;0;5;509;2
0;0;0;0;0;0;6;509;2
0;0;0;0;0;0;7;509;2
0;0;0;0;0;0;8;509;2
2;1;1;2;0;0;9;509;2
0;0;0;0;1;0;10;509;2
0;0;0;0;0;0;11;509;2
0;0;0;0;0;0;12;509;2
0;0;0;0;0;0;13;509;2
0;0;0;0;0;0;14;509;2
0;0;0;0;0;0;15;509;2
0;1;0;0;0;0;16;509;2
0;0;0;0;0;0;17;509;2
0;1;0;0;0;0;18;509;2
0;0;0;0;0;0;19;509;2
0;0;0;0;0;0;20;509;2
0;0;0;0;0;0;21;509;2
0;0;0;0;0;0;22;509;2
0;0;0;0;0;0;23;509;2
0;0;0;0;0;0;24;509;2
0;0;0;0;0;0;25;509;2
0;0;0;0;0;0;26;509;2
0;2;1;0;1;0;27;509;2
1;1;1;1;0;0;28;509;2
0;0;0;0;0;0;29;509;2
0;0;0;0;0;0;30;509;2
0;0;0;0;0;0;31;509;2
0;0;0;0;0;0;32;509;2
0;0;0;0;0;0;33;509;2
0;0;0;0;0;0;34;509;2
0;1;1;0;0;0;1;510;1
0;0;0;0;0;0;2;510;1
0;0;0;0;0;0;3;510;1
0;0;0;0;0;0;4;510;1
0;0;0;0;0;0;5;510;1
0;0;0;0;0;0;6;510;1
0;0;0;0;0;0;7;510;1
0;0;0;0;0;0;8;510;1
0;0;0;0;0;0;9;510;1
0;0;0;0;0;0;10;510;1
0;0;0;0;0;0;11;510;1
0;0;0;0;0;0;12;510;1
0;0;0;0;0;0;13;510;1
0;0;0;0;0;0;14;510;1
0;0;0;0;0;0;15;510;1
0;0;0;0;0;0;16;510;1
0;0;0;0;0;0;17;510;1
0;0;0;0;0;0;18;510;1
0;0;0;0;0;0;19;510;1
0;0;0;0;0;0;20;510;1
0;0;0;0;0;0;21;510;1
0;4;0;0;0;0;22;510;1
0;0;0;0;0;0;23;510;1
0;0;0;0;0;0;24;510;1
0;0;0;0;0;0;25;510;1
0;0;0;0;0;0;26;510;1
0;0;0;0;0;0;27;510;1
0;0;0;0;0;0;28;510;1
0;0;0;0;0;0;29;510;1
0;0;0;0;0;0;30;510;1
0;0;0;0;0;0;31;510;1
0;0;0;0;0;0;32;510;1
0;0;0;0;0;0;33;510;1
0;0;0;0;0;0;34;510;1
0;0;0;0;0;0;1;510;2
0;0;0;0;0;0;2;510;2
0;0;0;0;0;0;3;510;2
0;0;0;0;0;0;4;510;2
0;0;0;0;0;0;5;510;2
0;0;0;0;0;0;6;510;2
0;0;0;0;0;0;7;510;2
0;0;0;0;0;0;8;510;2
-1;0;0;-1;0;0;9;510;2
0;0;0;0;0;0;10;510;2
0;0;0;0;0;0;11;510;2
0;0;0;0;0;0;12;510;2
0;0;0;0;0;0;13;510;2
0;0;0;0;0;0;14;510;2
0;0;0;0;0;0;15;510;2
0;1;0;0;0;0;16;510;2
0;0;0;0;0;0;17;510;2
0;1;0;0;0;0;18;510;2
0;0;0;0;0;0;19;510;2
0;0;0;0;0;0;20;510;2
0;0;0;0;0;0;21;510;2
0;0;0;0;0;0;22;510;2
0;0;0;0;0;0;23;510;2
0;0;0;0;0;0;24;510;2
0;0;0;0;0;0;25;510;2
0;0;0;0;0;0;26;510;2
0;2;1;0;0;0;27;510;2
0;1;1;0;0;0;28;510;2
0;0;0;0;0;0;29;510;2
0;0;0;0;0;0;30;510;2
0;0;0;0;0;0;31;510;2
0;0;0;0;0;0;32;510;2
0;0;0;0;0;0;33;510;2
0;0;0;0;0;0;34;510;2
0;1;0;0;0;0;1;511;1
0;0;0;0;0;0;2;511;1
0;0;0;0;0;0;3;511;1
0;0;0;0;0;0;4;511;1
0;0;0;0;0;0;5;511;1
0;0;0;0;0;0;6;511;1
0;0;0;0;0;0;7;511;1
0;0;0;0;0;0;8;511;1
0;0;0;0;0;0;9;511;1
0;0;0;0;0;0;10;511;1
0;0;0;0;0;0;11;511;1
0;0;0;0;0;0;12;511;1
0;0;0;0;0;0;13;511;1
0;0;0;0;0;0;14;511;1
0;0;0;0;0;0;15;511;1
0;0;0;0;0;0;16;511;1
0;0;0;0;0;0;17;511;1
0;0;0;0;0;0;18;511;1
0;0;0;0;0;0;19;511;1
0;0;0;0;0;0;20;511;1
0;0;0;0;0;0;21;511;1
0;2;0;0;0;0;22;511;1
0;0;0;0;0;0;23;511;1
0;0;0;0;0;0;24;511;1
0;0;0;0;0;0;25;511;1
0;0;0;0;0;0;26;511;1
0;0;0;0;0;0;27;511;1
0;0;0;0;0;0;28;511;1
0;0;0;0;0;0;29;511;1
0;0;0;0;0;0;30;511;1
0;0;0;0;0;0;31;511;1
0;0;0;0;0;0;32;511;1
0;0;0;0;0;0;33;511;1
0;0;0;0;0;0;34;511;1
0;0;0;0;0;0;1;511;2
0;0;0;0;0;0;2;511;2
0;0;0;0;0;0;3;511;2
0;0;0;0;0;0;4;511;2
0;0;0;0;0;0;5;511;2
0;0;0;0;0;0;6;511;2
0;0;0;0;0;0;7;511;2
0;0;0;0;0;0;8;511;2
0;0;0;0;0;0;9;511;2
0;0;0;0;6;0;10;511;2
0;0;0;0;0;0;11;511;2
0;0;0;0;0;0;12;511;2
0;0;0;0;0;0;13;511;2
0;0;0;0;0;0;14;511;2
0;0;0;0;0;0;15;511;2
0;0;0;0;0;0;16;511;2
0;0;0;0;0;0;17;511;2
0;1;0;0;0;0;18;511;2
0;0;0;0;0;0;19;511;2
0;0;0;0;0;0;20;511;2
0;0;0;0;0;0;21;511;2
0;0;0;0;0;0;22;511;2
0;0;0;0;0;0;23;511;2
0;0;0;0;0;0;24;511;2
0;0;0;0;0;0;25;511;2
0;0;0;0;0;0;26;511;2
1;3;2;1;0;0;27;511;2
0;1;1;0;0;0;28;511;2
0;0;0;0;0;0;29;511;2
0;0;0;0;0;0;30;511;2
0;0;0;0;0;0;31;511;2
0;0;0;0;0;0;32;511;2
0;0;0;0;0;0;33;511;2
0;0;0;0;0;0;34;511;2
0;1;0;0;0;0;1;512;1
0;0;0;0;0;0;2;512;1
0;0;0;0;0;0;3;512;1
0;0;0;0;0;0;4;512;1
0;0;0;0;0;0;5;512;1
0;0;0;0;0;0;6;512;1
0;0;0;0;0;0;7;512;1
0;0;0;0;0;0;8;512;1
0;0;0;0;0;0;9;512;1
0;0;0;0;0;0;10;512;1
0;0;0;0;0;0;11;512;1
0;0;0;0;0;0;12;512;1
0;0;0;0;0;0;13;512;1
0;0;0;0;0;0;14;512;1
0;0;0;0;0;0;15;512;1
0;0;0;0;-1;1;16;512;1
0;0;0;0;0;0;17;512;1
0;0;0;0;0;0;18;512;1
0;0;0;0;0;0;19;512;1
0;0;0;0;0;0;20;512;1
0;0;0;0;0;0;21;512;1
0;1;0;0;4;0;22;512;1
0;0;0;0;0;0;23;512;1
0;0;0;0;0;0;24;512;1
0;0;0;0;0;0;25;512;1
0;0;0;0;0;0;26;512;1
0;0;0;0;0;0;27;512;1
0;0;0;0;0;0;28;512;1
0;0;0;0;0;0;29;512;1
0;0;0;0;1;0;30;512;1
0;0;0;0;0;0;31;512;1
0;0;0;0;0;0;32;512;1
0;0;0;0;0;0;33;512;1
0;0;0;0;0;0;34;512;1
0;0;0;0;0;0;1;512;2
0;0;0;0;0;0;2;512;2
0;0;0;0;0;0;3;512;2
0;0;0;0;0;0;4;512;2
0;0;0;0;0;0;5;512;2
0;0;0;0;1;0;6;512;2
0;0;0;0;0;0;7;512;2
0;0;0;0;0;0;8;512;2
0;0;0;0;0;0;9;512;2
0;0;0;0;0;0;10;512;2
0;0;0;0;0;0;11;512;2
0;0;0;0;0;0;12;512;2
0;0;0;0;0;0;13;512;2
0;0;0;0;0;0;14;512;2
0;0;0;0;0;0;15;512;2
0;0;0;0;0;0;16;512;2
0;0;0;0;0;0;17;512;2
0;0;0;0;0;0;18;512;2
0;0;0;0;0;0;19;512;2
0;0;0;0;0;0;20;512;2
0;0;0;0;0;0;21;512;2
0;0;0;0;0;0;22;512;2
0;0;0;0;0;0;23;512;2
0;0;0;0;0;0;24;512;2
0;0;0;0;0;0;25;512;2
0;0;0;0;0;0;26;512;2
0;3;1;0;0;0;27;512;2
0;1;1;0;0;0;28;512;2
0;0;0;0;0;0;29;512;2
0;0;0;0;0;0;30;512;2
0;0;0;0;0;0;31;512;2
0;0;0;0;0;0;32;512;2
0;0;0;0;0;0;33;512;2
0;0;0;0;0;0;34;512;2
0;1;0;0;0;0;1;513;1
0;0;0;0;0;0;2;513;1
0;0;0;0;0;0;3;513;1
0;0;0;0;0;0;4;513;1
1;1;0;1;0;0;5;513;1
1;1;1;1;0;0;6;513;1
0;0;0;0;0;0;7;513;1
0;0;0;0;0;0;8;513;1
0;0;0;0;0;0;9;513;1
0;0;0;0;0;0;10;513;1
0;0;0;0;0;0;11;513;1
0;0;0;0;0;0;12;513;1
0;0;0;0;0;0;13;513;1
0;0;0;0;0;0;14;513;1
0;0;0;0;0;0;15;513;1
1;1;1;1;0;0;16;513;1
0;0;0;0;0;0;17;513;1
0;0;0;0;0;0;18;513;1
0;0;0;0;0;0;19;513;1
0;0;0;0;0;0;20;513;1
0;0;0;0;0;0;21;513;1
0;1;0;0;0;0;22;513;1
0;0;0;0;0;0;23;513;1
0;0;0;0;0;0;24;513;1
0;0;0;0;0;0;25;513;1
0;0;0;0;0;0;26;513;1
0;0;0;0;0;0;27;513;1
0;0;0;0;0;0;28;513;1
0;0;0;0;0;0;29;513;1
1;1;0;1;0;0;30;513;1
0;0;0;0;0;0;31;513;1
0;0;0;0;0;0;32;513;1
0;0;0;0;0;0;33;513;1
1;1;1;1;0;0;34;513;1
0;0;0;0;0;0;1;513;2
0;0;0;0;0;0;2;513;2
0;0;0;0;0;0;3;513;2
0;0;0;0;0;0;4;513;2
0;0;0;0;0;0;5;513;2
0;0;0;0;1;0;6;513;2
0;0;0;0;0;0;7;513;2
0;0;0;0;0;0;8;513;2
1;1;1;1;0;0;9;513;2
0;0;0;0;0;0;10;513;2
0;0;0;0;0;0;11;513;2
0;0;0;0;0;0;12;513;2
0;0;0;0;0;0;13;513;2
0;0;0;0;0;0;14;513;2
0;0;0;0;0;0;15;513;2
0;0;0;0;0;0;16;513;2
0;0;0;0;0;0;17;513;2
0;0;0;0;0;0;18;513;2
0;0;0;0;0;0;19;513;2
0;0;0;0;0;0;20;513;2
0;0;0;0;0;0;21;513;2
0;0;0;0;0;0;22;513;2
0;0;0;0;0;0;23;513;2
0;0;0;0;0;0;24;513;2
0;0;0;0;0;0;25;513;2
0;0;0;0;0;0;26;513;2
1;4;2;1;5;0;27;513;2
0;1;1;0;0;0;28;513;2
0;0;0;0;0;0;29;513;2
0;0;0;0;0;0;30;513;2
0;0;0;0;0;0;31;513;2
0;0;0;0;0;0;32;513;2
0;0;0;0;0;0;33;513;2
0;0;0;0;0;0;34;513;2
0;1;0;0;0;0;1;514;1
0;0;0;0;0;0;2;514;1
0;0;0;0;0;0;3;514;1
0;0;0;0;0;0;4;514;1
0;1;0;0;0;0;5;514;1
0;1;1;0;0;0;6;514;1
0;0;0;0;0;0;7;514;1
0;0;0;0;0;0;8;514;1
0;0;0;0;0;0;9;514;1
0;0;0;0;0;0;10;514;1
0;0;0;0;0;0;11;514;1
0;0;0;0;0;0;12;514;1
0;0;0;0;0;0;13;514;1
0;0;0;0;0;0;14;514;1
0;0;0;0;0;0;15;514;1
0;1;1;0;0;0;16;514;1
0;0;0;0;0;0;17;514;1
0;0;0;0;0;0;18;514;1
0;0;0;0;0;0;19;514;1
0;0;0;0;0;0;20;514;1
0;0;0;0;0;0;21;514;1
0;1;0;0;0;0;22;514;1
0;0;0;0;0;0;23;514;1
0;0;0;0;0;0;24;514;1
0;0;0;0;0;0;25;514;1
0;0;0;0;0;0;26;514;1
0;0;0;0;0;0;27;514;1
1;1;1;1;0;0;28;514;1
0;0;0;0;0;0;29;514;1
0;1;0;0;0;0;30;514;1
0;0;0;0;0;0;31;514;1
0;0;0;0;0;0;32;514;1
0;0;0;0;0;0;33;514;1
0;1;1;0;0;0;34;514;1
0;0;0;0;0;0;1;514;2
0;0;0;0;0;0;2;514;2
0;0;0;0;0;0;3;514;2
0;0;0;0;0;0;4;514;2
0;0;0;0;0;0;5;514;2
0;0;0;0;0;0;6;514;2
0;0;0;0;0;0;7;514;2
0;0;0;0;0;0;8;514;2
-1;0;0;-1;0;0;9;514;2
0;0;0;0;0;0;10;514;2
0;0;0;0;0;0;11;514;2
0;0;0;0;0;0;12;514;2
0;0;0;0;0;0;13;514;2
0;0;0;0;0;0;14;514;2
0;0;0;0;0;0;15;514;2
0;0;0;0;0;0;16;514;2
0;0;0;0;0;0;17;514;2
0;0;0;0;0;0;18;514;2
0;0;0;0;0;0;19;514;2
0;0;0;0;0;0;20;514;2
0;0;0;0;0;0;21;514;2
0;0;0;0;0;0;22;514;2
0;0;0;0;0;0;23;514;2
0;0;0;0;0;0;24;514;2
0;0;0;0;0;0;25;514;2
0;0;0;0;0;0;26;514;2
0;3;1;0;1;0;27;514;2
0;1;0;0;0;0;28;514;2
0;0;0;0;0;0;29;514;2
0;0;0;0;0;0;30;514;2
0;0;0;0;0;0;31;514;2
0;0;0;0;0;0;32;514;2
0;0;0;0;0;0;33;514;2
0;0;0;0;0;0;34;514;2
0;1;0;0;0;0;1;515;1
0;0;0;0;0;0;2;515;1
0;0;0;0;0;0;3;515;1
0;0;0;0;0;0;4;515;1
0;1;0;0;0;0;5;515;1
0;1;0;0;0;0;6;515;1
0;0;0;0;0;0;7;515;1
0;0;0;0;0;0;8;515;1
0;0;0;0;0;0;9;515;1
0;0;0;0;0;0;10;515;1
0;0;0;0;0;0;11;515;1
0;0;0;0;0;0;12;515;1
0;0;0;0;0;0;13;515;1
0;0;0;0;0;1;14;515;1
0;0;0;0;0;0;15;515;1
0;1;1;0;0;0;16;515;1
0;0;0;0;0;0;17;515;1
0;0;0;0;0;0;18;515;1
0;0;0;0;0;0;19;515;1
0;0;0;0;0;0;20;515;1
0;0;0;0;0;0;21;515;1
0;0;0;0;0;0;22;515;1
0;0;0;0;0;0;23;515;1
0;0;0;0;0;0;24;515;1
0;0;0;0;0;0;25;515;1
0;0;0;0;0;0;26;515;1
0;0;0;0;0;0;27;515;1
0;1;1;0;0;0;28;515;1
0;0;0;0;0;0;29;515;1
0;1;0;0;0;0;30;515;1
0;0;0;0;0;0;31;515;1
0;0;0;0;0;0;32;515;1
0;0;0;0;0;0;33;515;1
0;1;1;0;0;0;34;515;1
0;0;0;0;0;0;1;515;2
0;0;0;0;0;0;2;515;2
0;0;0;0;0;0;3;515;2
0;0;0;0;0;0;4;515;2
1;1;1;1;0;0;5;515;2
0;0;0;0;0;0;6;515;2
0;0;0;0;0;0;7;515;2
0;0;0;0;0;0;8;515;2
0;0;0;0;0;0;9;515;2
0;0;0;0;0;0;10;515;2
0;0;0;0;0;0;11;515;2
0;0;0;0;0;0;12;515;2
0;0;0;0;0;0;13;515;2
0;0;0;0;0;0;14;515;2
0;0;0;0;0;0;15;515;2
0;0;0;0;0;0;16;515;2
0;0;0;0;0;0;17;515;2
0;0;0;0;0;0;18;515;2
0;0;0;0;0;0;19;515;2
0;0;0;0;0;0;20;515;2
0;0;0;0;0;0;21;515;2
0;0;0;0;0;0;22;515;2
0;0;0;0;0;0;23;515;2
0;0;0;0;0;0;24;515;2
0;0;0;0;0;0;25;515;2
0;0;0;0;0;0;26;515;2
-1;2;0;-1;0;0;27;515;2
0;1;0;0;0;0;28;515;2
0;0;0;0;0;0;29;515;2
0;0;0;0;0;0;30;515;2
0;0;0;0;0;0;31;515;2
0;0;0;0;0;0;32;515;2
0;0;0;0;0;0;33;515;2
0;0;0;0;0;0;34;515;2
0;0;0;0;0;0;1;516;1
0;0;0;0;0;0;2;516;1
0;0;0;0;0;0;3;516;1
0;0;0;0;0;0;4;516;1
0;1;0;0;0;0;5;516;1
0;1;0;0;0;0;6;516;1
0;0;0;0;0;0;7;516;1
0;0;0;0;0;0;8;516;1
0;0;0;0;0;0;9;516;1
0;0;0;0;0;0;10;516;1
0;0;0;0;0;0;11;516;1
0;0;0;0;0;0;12;516;1
0;0;0;0;0;0;13;516;1
0;0;0;0;0;0;14;516;1
0;0;0;0;0;0;15;516;1
0;1;1;0;0;0;16;516;1
0;0;0;0;0;0;17;516;1
0;0;0;0;0;0;18;516;1
0;0;0;0;0;0;19;516;1
0;0;0;0;0;0;20;516;1
0;0;0;0;0;0;21;516;1
0;0;0;0;0;0;22;516;1
0;0;0;0;0;0;23;516;1
0;0;0;0;0;0;24;516;1
0;0;0;0;0;0;25;516;1
0;0;0;0;0;0;26;516;1
0;0;0;0;0;0;27;516;1
0;1;1;0;0;0;28;516;1
0;0;0;0;0;0;29;516;1
0;0;0;0;0;0;30;516;1
0;0;0;0;0;0;31;516;1
0;0;0;0;0;0;32;516;1
0;0;0;0;0;0;33;516;1
0;1;1;0;0;0;34;516;1
0;0;0;0;0;0;1;516;2
0;0;0;0;0;0;2;516;2
0;0;0;0;0;0;3;516;2
0;0;0;0;0;0;4;516;2
-1;0;0;-1;0;0;5;516;2
0;0;0;0;0;0;6;516;2
0;0;0;0;0;0;7;516;2
0;0;0;0;0;0;8;516;2
0;0;0;0;0;0;9;516;2
0;0;0;0;0;0;10;516;2
0;0;0;0;0;0;11;516;2
0;0;0;0;0;0;12;516;2
0;0;0;0;0;0;13;516;2
0;0;0;0;0;0;14;516;2
0;0;0;0;0;0;15;516;2
0;0;0;0;0;0;16;516;2
0;0;0;0;0;0;17;516;2
0;0;0;0;0;0;18;516;2
0;0;0;0;0;0;19;516;2
0;0;0;0;0;0;20;516;2
0;0;0;0;0;0;21;516;2
0;0;0;0;0;0;22;516;2
0;0;0;0;0;0;23;516;2
0;0;0;0;0;0;24;516;2
0;0;0;0;0;0;25;516;2
0;0;0;0;0;0;26;516;2
0;2;0;0;0;0;27;516;2
0;1;0;0;0;0;28;516;2
0;0;0;0;0;0;29;516;2
0;0;0;0;0;0;30;516;2
0;0;0;0;0;0;31;516;2
0;0;0;0;0;0;32;516;2
0;0;0;0;0;0;33;516;2
0;0;0;0;0;0;34;516;2
0;0;0;0;0;0;1;517;1
2;0;0;2;2;0;2;517;1
0;0;0;0;0;0;3;517;1
0;0;0;0;0;0;4;517;1
2;1;0;2;1;1;5;517;1
1;1;0;1;0;0;6;517;1
0;0;0;0;0;0;7;517;1
0;0;0;0;0;0;8;517;1
0;0;0;0;0;0;9;517;1
0;0;0;0;0;0;10;517;1
0;0;0;0;0;0;11;517;1
0;0;0;0;0;0;12;517;1
0;0;0;0;0;0;13;517;1
0;0;0;0;0;0;14;517;1
1;0;0;1;0;0;15;517;1
1;1;1;1;-3;3;16;517;1
3;0;0;3;3;0;17;517;1
1;0;0;1;1;0;18;517;1
0;0;0;0;0;0;19;517;1
1;0;0;1;0;1;20;517;1
0;0;0;0;0;0;21;517;1
1;0;0;1;1;0;22;517;1
0;0;0;0;0;0;23;517;1
0;0;0;0;0;0;24;517;1
0;0;0;0;0;0;25;517;1
0;0;0;0;0;0;26;517;1
1;0;0;1;0;0;27;517;1
0;1;1;0;-1;1;28;517;1
1;0;0;1;1;0;29;517;1
1;0;0;1;0;0;30;517;1
0;0;0;0;0;0;31;517;1
1;0;0;1;1;0;32;517;1
0;0;0;0;0;0;33;517;1
1;1;0;1;0;0;34;517;1
0;0;0;0;0;0;1;517;2
0;0;0;0;0;0;2;517;2
0;0;0;0;0;0;3;517;2
0;0;0;0;0;0;4;517;2
0;0;0;0;0;0;5;517;2
0;0;0;0;0;0;6;517;2
0;0;0;0;0;0;7;517;2
0;0;0;0;0;0;8;517;2
0;0;0;0;0;0;9;517;2
0;0;0;0;0;0;10;517;2
0;0;0;0;0;0;11;517;2
1;1;1;1;0;0;12;517;2
0;0;0;0;0;0;13;517;2
0;0;0;0;0;0;14;517;2
0;0;0;0;0;0;15;517;2
0;0;0;0;0;0;16;517;2
0;0;0;0;0;0;17;517;2
0;0;0;0;0;0;18;517;2
0;0;0;0;1;0;19;517;2
0;0;0;0;0;0;20;517;2
0;0;0;0;0;0;21;517;2
0;0;0;0;0;0;22;517;2
0;0;0;0;0;0;23;517;2
0;0;0;0;0;0;24;517;2
0;0;0;0;0;0;25;517;2
1;1;1;1;0;0;26;517;2
1;2;1;1;0;0;27;517;2
0;1;0;0;0;0;28;517;2
0;0;0;0;0;0;29;517;2
0;0;0;0;0;0;30;517;2
0;0;0;0;0;0;31;517;2
0;0;0;0;0;0;32;517;2
0;0;0;0;0;0;33;517;2
0;0;0;0;0;0;34;517;2
0;0;0;0;0;0;1;518;1
0;0;0;0;0;0;2;518;1
0;0;0;0;0;0;3;518;1
0;0;0;0;0;0;4;518;1
0;0;0;0;0;0;5;518;1
0;1;0;0;0;0;6;518;1
0;0;0;0;0;0;7;518;1
0;0;0;0;0;0;8;518;1
0;0;0;0;0;0;9;518;1
0;0;0;0;0;0;10;518;1
0;0;0;0;0;0;11;518;1
0;0;0;0;0;0;12;518;1
0;0;0;0;0;0;13;518;1
0;0;0;0;0;0;14;518;1
0;0;0;0;0;0;15;518;1
0;1;0;0;0;0;16;518;1
0;0;0;0;0;0;17;518;1
0;0;0;0;0;0;18;518;1
0;0;0;0;0;0;19;518;1
0;0;0;0;0;0;20;518;1
0;0;0;0;0;0;21;518;1
0;0;0;0;0;0;22;518;1
0;0;0;0;0;0;23;518;1
0;0;0;0;0;0;24;518;1
0;0;0;0;0;0;25;518;1
0;0;0;0;0;0;26;518;1
0;0;0;0;0;0;27;518;1
2;1;1;2;1;1;28;518;1
0;0;0;0;0;0;29;518;1
0;0;0;0;0;0;30;518;1
0;0;0;0;0;0;31;518;1
0;0;0;0;0;0;32;518;1
0;0;0;0;0;0;33;518;1
1;2;1;1;1;0;34;518;1
0;0;0;0;0;0;1;518;2
0;0;0;0;0;0;2;518;2
0;0;0;0;0;0;3;518;2
0;0;0;0;0;0;4;518;2
0;0;0;0;0;0;5;518;2
0;0;0;0;0;0;6;518;2
0;0;0;0;0;0;7;518;2
0;0;0;0;0;0;8;518;2
0;0;0;0;0;0;9;518;2
0;0;0;0;0;0;10;518;2
0;0;0;0;0;0;11;518;2
0;1;1;0;0;0;12;518;2
0;0;0;0;0;0;13;518;2
0;0;0;0;0;0;14;518;2
0;0;0;0;0;0;15;518;2
0;0;0;0;0;0;16;518;2
0;0;0;0;0;0;17;518;2
0;0;0;0;0;0;18;518;2
0;0;0;0;0;0;19;518;2
0;0;0;0;0;0;20;518;2
0;0;0;0;0;0;21;518;2
0;0;0;0;0;0;22;518;2
0;0;0;0;0;0;23;518;2
0;0;0;0;0;0;24;518;2
0;0;0;0;0;0;25;518;2
0;1;1;0;0;0;26;518;2
-1;1;0;-1;0;0;27;518;2
1;1;0;1;1;0;28;518;2
0;0;0;0;0;0;29;518;2
0;0;0;0;0;0;30;518;2
0;0;0;0;0;0;31;518;2
0;0;0;0;0;0;32;518;2
1;1;1;1;0;0;33;518;2
0;0;0;0;0;0;34;518;2
0;0;0;0;0;0;1;519;1
0;0;0;0;0;0;2;519;1
0;0;0;0;0;0;3;519;1
0;0;0;0;0;0;4;519;1
0;0;0;0;0;0;5;519;1
0;1;0;0;0;0;6;519;1
0;0;0;0;0;0;7;519;1
0;0;0;0;0;0;8;519;1
0;0;0;0;0;0;9;519;1
0;0;0;0;0;0;10;519;1
0;0;0;0;0;0;11;519;1
0;0;0;0;0;0;12;519;1
0;0;0;0;0;0;13;519;1
0;0;0;0;0;0;14;519;1
0;0;0;0;0;0;15;519;1
0;1;0;0;0;0;16;519;1
0;0;0;0;0;0;17;519;1
0;0;0;0;0;0;18;519;1
0;0;0;0;0;0;19;519;1
0;0;0;0;0;0;20;519;1
0;0;0;0;0;0;21;519;1
0;0;0;0;0;0;22;519;1
0;0;0;0;0;0;23;519;1
0;0;0;0;0;0;24;519;1
0;0;0;0;0;0;25;519;1
0;0;0;0;0;0;26;519;1
0;0;0;0;0;0;27;519;1
0;1;0;0;0;0;28;519;1
0;0;0;0;0;0;29;519;1
0;0;0;0;0;0;30;519;1
0;0;0;0;0;0;31;519;1
0;0;0;0;0;0;32;519;1
0;0;0;0;0;0;33;519;1
0;2;1;0;0;0;34;519;1
0;0;0;0;0;0;1;519;2
0;0;0;0;0;0;2;519;2
0;0;0;0;0;0;3;519;2
0;0;0;0;0;0;4;519;2
0;0;0;0;0;0;5;519;2
1;1;1;1;0;0;6;519;2
0;0;0;0;0;0;7;519;2
0;0;0;0;0;0;8;519;2
0;0;0;0;0;0;9;519;2
2;2;2;2;0;0;10;519;2
0;0;0;0;0;0;11;519;2
0;1;1;0;0;0;12;519;2
0;0;0;0;0;0;13;519;2
0;0;0;0;0;0;14;519;2
0;0;0;0;0;0;15;519;2
0;0;0;0;1;0;16;519;2
0;0;0;0;0;0;17;519;2
0;0;0;0;0;0;18;519;2
0;0;0;0;0;0;19;519;2
0;0;0;0;0;0;20;519;2
0;0;0;0;0;0;21;519;2
0;0;0;0;0;0;22;519;2
0;0;0;0;0;0;23;519;2
0;0;0;0;0;0;24;519;2
0;0;0;0;0;0;25;519;2
0;1;1;0;0;0;26;519;2
0;0;0;0;0;0;27;519;2
0;0;0;0;0;0;28;519;2
0;0;0;0;0;0;29;519;2
0;0;0;0;0;0;30;519;2
0;0;0;0;0;0;31;519;2
0;0;0;0;0;0;32;519;2
0;1;1;0;0;0;33;519;2
0;0;0;0;0;0;34;519;2
0;0;0;0;0;0;1;520;1
0;0;0;0;0;0;2;520;1
0;0;0;0;0;0;3;520;1
0;0;0;0;0;0;4;520;1
0;0;0;0;0;0;5;520;1
0;0;0;0;0;0;6;520;1
0;0;0;0;0;0;7;520;1
0;0;0;0;0;0;8;520;1
0;0;0;0;0;0;9;520;1
0;0;0;0;0;0;10;520;1
0;0;0;0;0;0;11;520;1
0;0;0;0;0;0;12;520;1
0;0;0;0;0;0;13;520;1
0;0;0;0;0;0;14;520;1
0;0;0;0;0;0;15;520;1
0;1;0;0;0;0;16;520;1
0;0;0;0;0;0;17;520;1
0;0;0;0;0;0;18;520;1
0;0;0;0;0;0;19;520;1
0;0;0;0;0;0;20;520;1
0;0;0;0;0;0;21;520;1
0;0;0;0;0;0;22;520;1
0;0;0;0;0;0;23;520;1
0;0;0;0;0;0;24;520;1
0;0;0;0;0;0;25;520;1
1;1;1;1;0;0;26;520;1
0;0;0;0;0;0;27;520;1
0;1;0;0;0;0;28;520;1
0;0;0;0;0;0;29;520;1
0;0;0;0;0;0;30;520;1
0;0;0;0;0;0;31;520;1
0;0;0;0;0;0;32;520;1
0;0;0;0;0;0;33;520;1
-1;1;0;-1;0;0;34;520;1
0;0;0;0;0;0;1;520;2
0;0;0;0;0;0;2;520;2
0;0;0;0;0;0;3;520;2
0;0;0;0;0;0;4;520;2
0;0;0;0;0;0;5;520;2
-1;0;0;-1;0;0;6;520;2
0;0;0;0;0;0;7;520;2
0;0;0;0;0;0;8;520;2
0;0;0;0;0;0;9;520;2
0;2;2;0;0;0;10;520;2
0;0;0;0;0;0;11;520;2
-1;0;0;-1;0;0;12;520;2
0;0;0;0;0;0;13;520;2
0;0;0;0;0;0;14;520;2
0;0;0;0;0;0;15;520;2
0;0;0;0;0;0;16;520;2
0;0;0;0;0;0;17;520;2
1;1;1;1;1;0;18;520;2
0;0;0;0;0;0;19;520;2
0;0;0;0;0;0;20;520;2
0;0;0;0;0;0;21;520;2
0;0;0;0;0;0;22;520;2
0;0;0;0;0;0;23;520;2
0;0;0;0;0;0;24;520;2
0;0;0;0;0;0;25;520;2
-1;0;0;-1;0;0;26;520;2
0;0;0;0;0;0;27;520;2
0;0;0;0;0;0;28;520;2
0;0;0;0;0;0;29;520;2
0;0;0;0;0;0;30;520;2
0;0;0;0;0;0;31;520;2
0;0;0;0;0;0;32;520;2
-1;0;0;-1;0;0;33;520;2
0;0;0;0;0;0;34;520;2
0;0;0;0;0;0;1;521;1
0;0;0;0;0;0;2;521;1
0;0;0;0;0;0;3;521;1
0;0;0;0;0;0;4;521;1
0;0;0;0;0;0;5;521;1
0;0;0;0;0;0;6;521;1
0;0;0;0;0;0;7;521;1
0;0;0;0;0;0;8;521;1
0;0;0;0;0;0;9;521;1
0;0;0;0;0;0;10;521;1
0;0;0;0;0;0;11;521;1
0;0;0;0;0;0;12;521;1
0;0;0;0;0;0;13;521;1
0;0;0;0;0;0;14;521;1
0;0;0;0;0;0;15;521;1
0;1;0;0;0;0;16;521;1
0;0;0;0;0;0;17;521;1
0;0;0;0;0;0;18;521;1
0;0;0;0;0;0;19;521;1
0;0;0;0;0;0;20;521;1
0;0;0;0;0;0;21;521;1
0;0;0;0;0;0;22;521;1
0;0;0;0;0;0;23;521;1
0;0;0;0;0;0;24;521;1
0;0;0;0;0;0;25;521;1
0;1;0;0;0;0;26;521;1
0;0;0;0;0;0;27;521;1
0;1;0;0;0;0;28;521;1
0;0;0;0;0;0;29;521;1
0;0;0;0;0;0;30;521;1
0;0;0;0;0;0;31;521;1
0;0;0;0;0;0;32;521;1
0;0;0;0;0;0;33;521;1
0;1;0;0;0;0;34;521;1
0;0;0;0;0;0;1;521;2
0;0;0;0;0;0;2;521;2
0;0;0;0;0;0;3;521;2
0;0;0;0;0;0;4;521;2
0;0;0;0;0;0;5;521;2
0;0;0;0;0;0;6;521;2
0;0;0;0;0;0;7;521;2
0;0;0;0;0;0;8;521;2
0;0;0;0;0;0;9;521;2
0;2;1;0;0;0;10;521;2
0;0;0;0;0;0;11;521;2
0;0;0;0;0;0;12;521;2
0;0;0;0;0;0;13;521;2
0;0;0;0;0;0;14;521;2
0;0;0;0;0;0;15;521;2
0;0;0;0;0;0;16;521;2
0;0;0;0;0;0;17;521;2
0;1;1;0;0;0;18;521;2
0;0;0;0;0;0;19;521;2
0;0;0;0;0;0;20;521;2
0;0;0;0;0;0;21;521;2
0;0;0;0;0;0;22;521;2
0;0;0;0;0;0;23;521;2
0;0;0;0;0;0;24;521;2
0;0;0;0;0;0;25;521;2
0;0;0;0;0;0;26;521;2
0;0;0;0;0;0;27;521;2
0;0;0;0;0;0;28;521;2
0;0;0;0;0;0;29;521;2
0;0;0;0;0;0;30;521;2
0;0;0;0;0;0;31;521;2
0;0;0;0;0;0;32;521;2
0;0;0;0;0;0;33;521;2
0;0;0;0;0;0;34;521;2
0;0;0;0;0;0;1;522;1
0;0;0;0;0;0;2;522;1
0;0;0;0;0;0;3;522;1
0;0;0;0;0;0;4;522;1
0;0;0;0;0;0;5;522;1
0;0;0;0;0;0;6;522;1
0;0;0;0;0;0;7;522;1
0;0;0;0;0;0;8;522;1
0;0;0;0;0;0;9;522;1
0;0;0;0;0;0;10;522;1
0;0;0;0;0;0;11;522;1
0;0;0;0;0;0;12;522;1
0;0;0;0;0;0;13;522;1
0;0;0;0;0;0;14;522;1
0;0;0;0;0;0;15;522;1
0;1;0;0;0;0;16;522;1
0;0;0;0;0;0;17;522;1
0;0;0;0;0;0;18;522;1
0;0;0;0;0;0;19;522;1
0;0;0;0;0;0;20;522;1
0;0;0;0;0;0;21;522;1
0;0;0;0;0;0;22;522;1
0;0;0;0;0;0;23;522;1
0;0;0;0;0;0;24;522;1
0;0;0;0;0;0;25;522;1
0;1;0;0;0;0;26;522;1
0;0;0;0;0;0;27;522;1
0;1;0;0;0;0;28;522;1
0;0;0;0;0;0;29;522;1
0;0;0;0;1;0;30;522;1
0;0;0;0;0;0;31;522;1
0;0;0;0;0;0;32;522;1
0;0;0;0;0;0;33;522;1
0;0;0;0;0;0;34;522;1
0;0;0;0;0;0;1;522;2
0;0;0;0;0;0;2;522;2
0;0;0;0;0;0;3;522;2
0;0;0;0;0;0;4;522;2
0;0;0;0;0;0;5;522;2
0;0;0;0;0;0;6;522;2
1;1;1;1;0;0;7;522;2
0;0;0;0;0;0;8;522;2
0;0;0;0;0;0;9;522;2
0;2;1;0;0;0;10;522;2
0;0;0;0;0;0;11;522;2
0;0;0;0;0;0;12;522;2
0;0;0;0;0;0;13;522;2
0;0;0;0;0;0;14;522;2
0;0;0;0;0;0;15;522;2
0;0;0;0;0;0;16;522;2
0;0;0;0;0;0;17;522;2
0;1;1;0;0;0;18;522;2
0;0;0;0;0;0;19;522;2
0;0;0;0;0;0;20;522;2
0;0;0;0;0;0;21;522;2
0;0;0;0;0;0;22;522;2
0;0;0;0;0;0;23;522;2
0;0;0;0;0;0;24;522;2
0;0;0;0;0;0;25;522;2
0;0;0;0;0;0;26;522;2
0;0;0;0;1;0;27;522;2
0;0;0;0;0;0;28;522;2
0;0;0;0;0;0;29;522;2
0;0;0;0;0;0;30;522;2
0;0;0;0;0;0;31;522;2
0;0;0;0;0;0;32;522;2
0;0;0;0;0;0;33;522;2
0;0;0;0;0;0;34;522;2
0;0;0;0;0;0;1;523;1
0;0;0;0;0;0;2;523;1
0;0;0;0;0;0;3;523;1
0;0;0;0;0;0;4;523;1
0;0;0;0;0;0;5;523;1
0;0;0;0;1;0;6;523;1
0;0;0;0;0;0;7;523;1
0;0;0;0;7;0;8;523;1
0;0;0;0;3;0;9;523;1
0;0;0;0;0;0;10;523;1
0;0;0;0;0;0;11;523;1
0;0;0;0;0;0;12;523;1
0;0;0;0;0;0;13;523;1
0;0;0;0;2;0;14;523;1
0;0;0;0;14;0;15;523;1
0;0;0;0;19;0;16;523;1
0;0;0;0;0;0;17;523;1
0;0;0;0;2;0;18;523;1
0;0;0;0;0;0;19;523;1
1;1;1;1;0;0;20;523;1
0;0;0;0;0;0;21;523;1
0;0;0;0;0;0;22;523;1
0;0;0;0;0;0;23;523;1
0;0;0;0;0;0;24;523;1
0;0;0;0;4;0;25;523;1
0;1;0;0;6;0;26;523;1
0;0;0;0;5;0;27;523;1
1;1;0;1;1;0;28;523;1
0;0;0;0;0;0;29;523;1
0;0;0;0;11;0;30;523;1
0;0;0;0;6;0;31;523;1
0;0;0;0;0;0;32;523;1
1;1;1;1;2;0;33;523;1
0;0;0;0;2;0;34;523;1
0;0;0;0;0;0;1;523;2
0;0;0;0;0;0;2;523;2
0;0;0;0;0;0;3;523;2
0;0;0;0;0;0;4;523;2
0;0;0;0;0;0;5;523;2
0;0;0;0;1;0;6;523;2
0;1;1;0;0;0;7;523;2
0;0;0;0;0;0;8;523;2
0;0;0;0;6;0;9;523;2
0;2;1;0;0;0;10;523;2
0;0;0;0;0;0;11;523;2
0;0;0;0;0;0;12;523;2
0;0;0;0;0;0;13;523;2
1;1;1;1;0;0;14;523;2
0;0;0;0;1;0;15;523;2
0;0;0;0;1;0;16;523;2
0;0;0;0;0;0;17;523;2
0;1;1;0;0;0;18;523;2
0;0;0;0;0;0;19;523;2
0;0;0;0;0;0;20;523;2
0;0;0;0;0;0;21;523;2
0;0;0;0;0;0;22;523;2
0;0;0;0;0;0;23;523;2
0;0;0;0;0;0;24;523;2
0;0;0;0;0;0;25;523;2
0;0;0;0;0;0;26;523;2
0;0;0;0;0;0;27;523;2
4;0;0;4;3;1;28;523;2
0;0;0;0;0;0;29;523;2
0;0;0;0;0;0;30;523;2
0;0;0;0;2;0;31;523;2
0;0;0;0;0;0;32;523;2
0;0;0;0;0;0;33;523;2
0;0;0;0;1;0;34;523;2
0;0;0;0;0;0;1;524;1
0;0;0;0;0;0;2;524;1
0;0;0;0;0;0;3;524;1
0;0;0;0;0;0;4;524;1
0;0;0;0;0;0;5;524;1
0;0;0;0;5;0;6;524;1
0;0;0;0;0;0;7;524;1
0;0;0;0;0;0;8;524;1
0;0;0;0;1;0;9;524;1
0;0;0;0;3;0;10;524;1
0;0;0;0;3;0;11;524;1
0;0;0;0;2;0;12;524;1
0;0;0;0;0;0;13;524;1
0;0;0;0;0;0;14;524;1
0;0;0;0;0;0;15;524;1
0;0;0;0;8;0;16;524;1
0;0;0;0;0;0;17;524;1
0;0;0;0;0;0;18;524;1
0;0;0;0;1;0;19;524;1
0;1;1;0;0;0;20;524;1
0;0;0;0;0;0;21;524;1
0;0;0;0;0;0;22;524;1
0;0;0;0;0;0;23;524;1
0;0;0;0;0;0;24;524;1
0;0;0;0;1;0;25;524;1
0;1;0;0;0;0;26;524;1
0;0;0;0;1;0;27;524;1
0;0;0;0;0;0;28;524;1
0;0;0;0;0;0;29;524;1
0;0;0;0;1;0;30;524;1
0;0;0;0;5;0;31;524;1
0;0;0;0;0;0;32;524;1
0;1;1;0;0;0;33;524;1
0;0;0;0;2;0;34;524;1
0;0;0;0;0;0;1;524;2
0;0;0;0;0;0;2;524;2
0;0;0;0;0;0;3;524;2
0;0;0;0;0;0;4;524;2
0;0;0;0;0;0;5;524;2
0;0;0;0;0;0;6;524;2
0;1;1;0;1;0;7;524;2
0;0;0;0;0;0;8;524;2
0;0;0;0;0;0;9;524;2
0;2;0;0;0;0;10;524;2
0;0;0;0;0;0;11;524;2
0;0;0;0;0;0;12;524;2
0;0;0;0;0;0;13;524;2
0;1;1;0;0;0;14;524;2
0;0;0;0;0;0;15;524;2
0;0;0;0;1;0;16;524;2
0;0;0;0;0;0;17;524;2
0;1;1;0;0;0;18;524;2
0;0;0;0;0;0;19;524;2
0;0;0;0;0;0;20;524;2
0;0;0;0;0;0;21;524;2
0;0;0;0;0;0;22;524;2
0;0;0;0;0;0;23;524;2
0;0;0;0;0;0;24;524;2
0;0;0;0;0;0;25;524;2
0;0;0;0;0;0;26;524;2
0;0;0;0;0;0;27;524;2
0;0;0;0;0;0;28;524;2
0;0;0;0;0;0;29;524;2
0;0;0;0;1;0;30;524;2
0;0;0;0;0;0;31;524;2
0;0;0;0;0;0;32;524;2
0;0;0;0;1;0;33;524;2
0;0;0;0;0;0;34;524;2
0;0;0;0;0;0;1;525;1
0;0;0;0;0;0;2;525;1
0;0;0;0;0;0;3;525;1
0;0;0;0;0;0;4;525;1
0;0;0;0;0;0;5;525;1
0;0;0;0;0;0;6;525;1
0;0;0;0;0;0;7;525;1
0;0;0;0;0;0;8;525;1
0;0;0;0;0;0;9;525;1
0;0;0;0;0;0;10;525;1
0;0;0;0;0;0;11;525;1
0;0;0;0;0;0;12;525;1
0;0;0;0;0;0;13;525;1
0;0;0;0;0;0;14;525;1
0;0;0;0;0;0;15;525;1
0;0;0;0;1;0;16;525;1
0;0;0;0;0;0;17;525;1
0;0;0;0;0;0;18;525;1
0;0;0;0;0;0;19;525;1
0;1;1;0;0;0;20;525;1
0;0;0;0;0;0;21;525;1
0;0;0;0;0;0;22;525;1
0;0;0;0;0;0;23;525;1
0;0;0;0;0;0;24;525;1
0;0;0;0;0;0;25;525;1
0;1;0;0;1;0;26;525;1
0;0;0;0;0;0;27;525;1
0;0;0;0;0;0;28;525;1
0;0;0;0;0;0;29;525;1
0;0;0;0;0;0;30;525;1
0;0;0;0;0;0;31;525;1
0;0;0;0;0;0;32;525;1
0;1;1;0;0;0;33;525;1
0;0;0;0;0;0;34;525;1
0;0;0;0;0;0;1;525;2
0;0;0;0;0;0;2;525;2
0;0;0;0;0;0;3;525;2
0;0;0;0;0;0;4;525;2
0;0;0;0;0;0;5;525;2
0;0;0;0;0;0;6;525;2
0;1;0;0;0;0;7;525;2
0;0;0;0;0;0;8;525;2
1;1;1;1;0;0;9;525;2
0;2;0;0;0;0;10;525;2
0;0;0;0;0;0;11;525;2
0;0;0;0;0;0;12;525;2
0;0;0;0;0;0;13;525;2
0;1;1;0;0;0;14;525;2
0;0;0;0;0;0;15;525;2
0;0;0;0;0;0;16;525;2
0;0;0;0;0;0;17;525;2
0;1;0;0;0;0;18;525;2
0;0;0;0;0;0;19;525;2
0;0;0;0;0;0;20;525;2
0;0;0;0;0;0;21;525;2
0;0;0;0;0;0;22;525;2
0;0;0;0;0;0;23;525;2
0;0;0;0;0;0;24;525;2
0;0;0;0;0;0;25;525;2
0;0;0;0;0;0;26;525;2
0;0;0;0;1;0;27;525;2
0;0;0;0;0;0;28;525;2
0;0;0;0;0;0;29;525;2
0;0;0;0;0;0;30;525;2
0;0;0;0;0;0;31;525;2
0;0;0;0;0;0;32;525;2
0;0;0;0;0;0;33;525;2
3;3;3;3;0;0;34;525;2
0;0;0;0;0;0;1;526;1
0;0;0;0;0;0;2;526;1
0;0;0;0;0;0;3;526;1
0;0;0;0;0;0;4;526;1
0;0;0;0;0;0;5;526;1
0;0;0;0;1;0;6;526;1
0;0;0;0;0;0;7;526;1
0;0;0;0;0;0;8;526;1
0;0;0;0;0;0;9;526;1
0;0;0;0;0;0;10;526;1
0;0;0;0;0;0;11;526;1
0;0;0;0;0;0;12;526;1
0;0;0;0;0;0;13;526;1
0;0;0;0;0;0;14;526;1
0;0;0;0;0;0;15;526;1
0;0;0;0;0;0;16;526;1
0;0;0;0;0;0;17;526;1
0;0;0;0;0;0;18;526;1
0;0;0;0;0;0;19;526;1
0;1;1;0;0;0;20;526;1
0;0;0;0;0;0;21;526;1
0;0;0;0;0;0;22;526;1
1;1;1;1;0;0;23;526;1
0;0;0;0;0;0;24;526;1
0;0;0;0;0;0;25;526;1
0;0;0;0;0;0;26;526;1
0;0;0;0;0;0;27;526;1
0;0;0;0;0;0;28;526;1
0;0;0;0;0;0;29;526;1
0;0;0;0;0;0;30;526;1
0;0;0;0;0;0;31;526;1
0;0;0;0;0;0;32;526;1
3;4;4;3;0;0;33;526;1
1;1;1;1;0;0;34;526;1
0;0;0;0;0;0;1;526;2
0;0;0;0;0;0;2;526;2
0;0;0;0;0;0;3;526;2
0;0;0;0;0;0;4;526;2
0;0;0;0;0;0;5;526;2
0;0;0;0;0;0;6;526;2
0;1;0;0;0;0;7;526;2
0;0;0;0;0;0;8;526;2
-1;0;0;-1;0;0;9;526;2
0;1;0;0;0;0;10;526;2
0;0;0;0;0;0;11;526;2
0;0;0;0;0;0;12;526;2
0;0;0;0;0;0;13;526;2
0;1;0;0;0;0;14;526;2
0;0;0;0;0;0;15;526;2
0;0;0;0;0;0;16;526;2
0;0;0;0;0;0;17;526;2
0;1;0;0;0;0;18;526;2
0;0;0;0;0;0;19;526;2
0;0;0;0;0;0;20;526;2
0;0;0;0;0;0;21;526;2
0;0;0;0;0;0;22;526;2
0;0;0;0;0;0;23;526;2
0;0;0;0;0;0;24;526;2
0;0;0;0;0;0;25;526;2
0;0;0;0;0;0;26;526;2
0;0;0;0;1;0;27;526;2
0;0;0;0;1;0;28;526;2
0;0;0;0;0;0;29;526;2
0;0;0;0;0;0;30;526;2
0;0;0;0;0;0;31;526;2
0;0;0;0;0;0;32;526;2
0;0;0;0;0;0;33;526;2
0;3;3;0;0;0;34;526;2
0;0;0;0;0;0;1;527;1
0;0;0;0;0;0;2;527;1
0;0;0;0;0;0;3;527;1
0;0;0;0;0;0;4;527;1
0;0;0;0;0;1;5;527;1
0;0;0;0;1;0;6;527;1
0;0;0;0;0;0;7;527;1
0;0;0;0;0;0;8;527;1
0;0;0;0;1;0;9;527;1
0;0;0;0;1;0;10;527;1
0;0;0;0;0;0;11;527;1
0;0;0;0;1;0;12;527;1
0;0;0;0;0;0;13;527;1
0;0;0;0;0;0;14;527;1
0;0;0;0;0;0;15;527;1
0;0;0;0;1;0;16;527;1
0;0;0;0;1;0;17;527;1
0;0;0;0;2;0;18;527;1
0;0;0;0;0;0;19;527;1
0;1;0;0;0;1;20;527;1
0;0;0;0;0;0;21;527;1
0;0;0;0;0;0;22;527;1
0;1;1;0;0;0;23;527;1
0;0;0;0;0;0;24;527;1
0;0;0;0;0;0;25;527;1
0;0;0;0;0;0;26;527;1
0;0;0;0;1;0;27;527;1
0;0;0;0;1;0;28;527;1
0;0;0;0;0;0;29;527;1
0;0;0;0;5;0;30;527;1
1;1;1;1;2;0;31;527;1
0;0;0;0;0;0;32;527;1
4;8;7;5;2;0;33;527;1
0;1;1;0;2;0;34;527;1
0;0;0;0;1;0;1;527;2
0;0;0;0;0;0;2;527;2
0;0;0;0;0;0;3;527;2
0;0;0;0;0;0;4;527;2
0;0;0;0;0;0;5;527;2
0;0;0;0;0;0;6;527;2
0;1;0;0;0;0;7;527;2
0;0;0;0;0;0;8;527;2
0;0;0;0;0;0;9;527;2
0;1;0;0;0;0;10;527;2
0;0;0;0;0;0;11;527;2
0;0;0;0;1;0;12;527;2
0;0;0;0;0;0;13;527;2
0;1;0;0;0;0;14;527;2
0;0;0;0;1;0;15;527;2
0;0;0;0;0;0;16;527;2
0;0;0;0;0;0;17;527;2
1;2;1;1;0;0;18;527;2
0;0;0;0;0;0;19;527;2
0;0;0;0;0;0;20;527;2
0;0;0;0;0;0;21;527;2
0;0;0;0;0;0;22;527;2
0;0;0;0;0;0;23;527;2
0;0;0;0;0;0;24;527;2
0;0;0;0;0;0;25;527;2
0;0;0;0;0;0;26;527;2
0;0;0;0;0;0;27;527;2
0;0;0;0;0;0;28;527;2
0;0;0;0;0;0;29;527;2
0;0;0;0;2;0;30;527;2
0;0;0;0;0;0;31;527;2
0;0;0;0;0;0;32;527;2
0;0;0;0;0;0;33;527;2
0;3;3;0;0;0;34;527;2
0;0;0;0;2;0;1;528;1
0;0;0;0;0;0;2;528;1
0;0;0;0;0;0;3;528;1
0;0;0;0;0;0;4;528;1
0;0;0;0;0;0;5;528;1
0;0;0;0;6;0;6;528;1
0;0;0;0;0;0;7;528;1
0;0;0;0;0;0;8;528;1
0;0;0;0;3;0;9;528;1
0;0;0;0;0;0;10;528;1
0;0;0;0;6;0;11;528;1
0;0;0;0;1;0;12;528;1
0;0;0;0;0;0;13;528;1
0;0;0;0;0;0;14;528;1
0;0;0;0;3;0;15;528;1
0;0;0;0;4;0;16;528;1
0;0;0;0;0;0;17;528;1
0;0;0;0;0;0;18;528;1
0;0;0;0;1;0;19;528;1
0;1;0;0;0;0;20;528;1
0;0;0;0;0;0;21;528;1
0;0;0;0;0;0;22;528;1
0;1;1;0;0;0;23;528;1
0;0;0;0;0;0;24;528;1
0;0;0;0;0;0;25;528;1
2;0;0;2;2;1;26;528;1
0;0;0;0;2;0;27;528;1
0;0;0;0;1;0;28;528;1
0;0;0;0;0;0;29;528;1
0;0;0;0;1;0;30;528;1
1;2;2;1;0;0;31;528;1
0;0;0;0;0;0;32;528;1
8;16;15;7;4;0;33;528;1
0;1;1;0;3;0;34;528;1
0;0;0;0;0;0;1;528;2
0;0;0;0;0;0;2;528;2
0;0;0;0;0;0;3;528;2
0;0;0;0;0;0;4;528;2
0;0;0;0;0;0;5;528;2
0;0;0;0;0;0;6;528;2
0;1;0;0;0;0;7;528;2
0;0;0;0;0;0;8;528;2
0;0;0;0;0;0;9;528;2
0;1;0;0;0;0;10;528;2
0;0;0;0;0;0;11;528;2
0;0;0;0;0;0;12;528;2
0;0;0;0;0;0;13;528;2
0;1;0;0;0;0;14;528;2
0;0;0;0;2;0;15;528;2
0;0;0;0;0;0;16;528;2
0;0;0;0;0;0;17;528;2
0;2;1;0;0;0;18;528;2
0;0;0;0;0;0;19;528;2
0;0;0;0;0;0;20;528;2
0;0;0;0;0;0;21;528;2
0;0;0;0;0;0;22;528;2
0;0;0;0;0;0;23;528;2
0;0;0;0;0;0;24;528;2
0;0;0;0;0;0;25;528;2
0;0;0;0;0;0;26;528;2
0;0;0;0;1;0;27;528;2
1;0;0;1;1;0;28;528;2
0;0;0;0;0;0;29;528;2
0;0;0;0;0;0;30;528;2
0;0;0;0;0;0;31;528;2
0;0;0;0;0;0;32;528;2
1;1;1;1;0;0;33;528;2
0;3;3;0;1;0;34;528;2
0;0;0;0;0;0;1;529;1
0;0;0;0;0;0;2;529;1
0;0;0;0;0;0;3;529;1
0;0;0;0;0;0;4;529;1
0;0;0;0;0;0;5;529;1
0;0;0;0;0;0;6;529;1
0;0;0;0;0;0;7;529;1
0;0;0;0;0;0;8;529;1
0;0;0;0;0;0;9;529;1
0;0;0;0;0;0;10;529;1
0;0;0;0;0;0;11;529;1
0;0;0;0;0;0;12;529;1
0;0;0;0;0;0;13;529;1
0;0;0;0;0;0;14;529;1
0;0;0;0;0;0;15;529;1
0;0;0;0;0;0;16;529;1
0;0;0;0;0;0;17;529;1
0;0;0;0;0;0;18;529;1
0;0;0;0;0;0;19;529;1
0;1;0;0;0;0;20;529;1
0;0;0;0;0;0;21;529;1
0;0;0;0;0;0;22;529;1
0;1;1;0;0;0;23;529;1
0;0;0;0;0;0;24;529;1
0;0;0;0;0;0;25;529;1
0;0;0;0;0;0;26;529;1
0;0;0;0;0;0;27;529;1
0;0;0;0;0;0;28;529;1
0;0;0;0;0;0;29;529;1
0;0;0;0;0;0;30;529;1
0;2;1;0;0;0;31;529;1
0;0;0;0;0;0;32;529;1
0;16;15;0;0;0;33;529;1
0;1;1;0;0;0;34;529;1
0;0;0;0;0;0;1;529;2
0;0;0;0;0;0;2;529;2
0;0;0;0;0;0;3;529;2
0;0;0;0;0;0;4;529;2
0;0;0;0;0;0;5;529;2
0;0;0;0;0;0;6;529;2
-1;0;0;-1;0;0;7;529;2
0;0;0;0;0;0;8;529;2
0;0;0;0;0;0;9;529;2
0;0;0;0;0;0;10;529;2
0;0;0;0;0;0;11;529;2
0;0;0;0;0;0;12;529;2
0;0;0;0;0;0;13;529;2
0;1;0;0;0;0;14;529;2
0;0;0;0;0;0;15;529;2
0;0;0;0;0;0;16;529;2
0;0;0;0;0;0;17;529;2
0;2;1;0;0;0;18;529;2
0;0;0;0;0;0;19;529;2
0;0;0;0;0;0;20;529;2
0;0;0;0;0;0;21;529;2
0;0;0;0;0;0;22;529;2
0;0;0;0;0;0;23;529;2
0;0;0;0;0;0;24;529;2
0;0;0;0;0;0;25;529;2
0;0;0;0;0;0;26;529;2
0;0;0;0;0;0;27;529;2
0;0;0;0;0;0;28;529;2
0;0;0;0;0;0;29;529;2
0;0;0;0;0;0;30;529;2
0;0;0;0;0;0;31;529;2
0;0;0;0;0;0;32;529;2
0;1;1;0;0;0;33;529;2
0;3;3;0;0;0;34;529;2
0;0;0;0;0;0;1;530;1
0;0;0;0;0;0;2;530;1
0;0;0;0;0;0;3;530;1
0;0;0;0;0;0;4;530;1
0;0;0;0;0;0;5;530;1
0;0;0;0;1;0;6;530;1
0;0;0;0;0;0;7;530;1
0;0;0;0;0;0;8;530;1
0;0;0;0;0;0;9;530;1
0;0;0;0;0;0;10;530;1
0;0;0;0;0;0;11;530;1
0;0;0;0;0;0;12;530;1
0;0;0;0;0;0;13;530;1
0;0;0;0;0;0;14;530;1
0;0;0;0;1;0;15;530;1
0;0;0;0;4;0;16;530;1
0;0;0;0;0;0;17;530;1
0;0;0;0;3;0;18;530;1
0;0;0;0;2;0;19;530;1
0;1;0;0;0;0;20;530;1
0;0;0;0;0;0;21;530;1
0;0;0;0;0;0;22;530;1
0;1;0;0;0;0;23;530;1
0;0;0;0;0;0;24;530;1
0;0;0;0;0;0;25;530;1
0;0;0;0;0;0;26;530;1
0;0;0;0;3;0;27;530;1
0;0;0;0;0;0;28;530;1
0;0;0;0;0;0;29;530;1
0;0;0;0;2;0;30;530;1
0;2;0;0;0;0;31;530;1
0;0;0;0;0;0;32;530;1
1;17;16;1;6;0;33;530;1
0;1;1;0;0;0;34;530;1
0;0;0;0;0;0;1;530;2
0;0;0;0;0;0;2;530;2
0;0;0;0;0;0;3;530;2
0;0;0;0;0;0;4;530;2
0;0;0;0;0;0;5;530;2
0;0;0;0;0;0;6;530;2
0;0;0;0;0;0;7;530;2
0;0;0;0;0;0;8;530;2
0;0;0;0;0;0;9;530;2
0;0;0;0;0;0;10;530;2
0;0;0;0;0;0;11;530;2
0;0;0;0;0;0;12;530;2
0;0;0;0;0;0;13;530;2
0;1;0;0;0;0;14;530;2
0;0;0;0;0;0;15;530;2
0;0;0;0;1;0;16;530;2
0;0;0;0;0;0;17;530;2
0;1;1;0;0;0;18;530;2
0;0;0;0;0;0;19;530;2
0;0;0;0;0;0;20;530;2
0;0;0;0;0;0;21;530;2
0;0;0;0;0;0;22;530;2
0;0;0;0;0;0;23;530;2
0;0;0;0;0;0;24;530;2
0;0;0;0;0;0;25;530;2
0;0;0;0;0;0;26;530;2
0;0;0;0;0;0;27;530;2
0;0;0;0;0;0;28;530;2
0;0;0;0;0;0;29;530;2
0;0;0;0;0;0;30;530;2
0;0;0;0;0;0;31;530;2
0;0;0;0;0;0;32;530;2
-1;0;0;-1;0;0;33;530;2
0;3;0;0;1;0;34;530;2
0;0;0;0;0;0;1;531;1
0;0;0;0;0;0;2;531;1
0;0;0;0;0;0;3;531;1
0;0;0;0;0;0;4;531;1
0;0;0;0;0;0;5;531;1
0;0;0;0;0;0;6;531;1
0;0;0;0;0;0;7;531;1
0;0;0;0;0;0;8;531;1
0;0;0;0;0;0;9;531;1
0;0;0;0;0;0;10;531;1
0;0;0;0;0;0;11;531;1
0;0;0;0;0;0;12;531;1
0;0;0;0;0;0;13;531;1
0;0;0;0;0;0;14;531;1
0;0;0;0;0;0;15;531;1
0;0;0;0;0;0;16;531;1
0;0;0;0;0;0;17;531;1
0;0;0;0;0;0;18;531;1
0;0;0;0;0;0;19;531;1
0;1;0;0;0;0;20;531;1
0;0;0;0;0;0;21;531;1
0;0;0;0;0;0;22;531;1
0;1;0;0;0;0;23;531;1
0;0;0;0;0;0;24;531;1
0;0;0;0;0;0;25;531;1
0;0;0;0;0;0;26;531;1
0;0;0;0;0;0;27;531;1
0;0;0;0;0;0;28;531;1
0;0;0;0;0;0;29;531;1
0;0;0;0;0;0;30;531;1
0;2;0;0;0;0;31;531;1
0;0;0;0;0;0;32;531;1
0;17;5;0;0;0;33;531;1
0;1;0;0;0;0;34;531;1
0;0;0;0;0;0;1;531;2
0;0;0;0;0;0;2;531;2
0;0;0;0;0;0;3;531;2
0;0;0;0;0;0;4;531;2
0;0;0;0;0;0;5;531;2
0;0;0;0;0;0;6;531;2
0;0;0;0;0;0;7;531;2
0;0;0;0;0;0;8;531;2
0;0;0;0;0;0;9;531;2
0;0;0;0;1;0;10;531;2
0;0;0;0;0;0;11;531;2
0;0;0;0;0;0;12;531;2
0;0;0;0;0;0;13;531;2
0;0;0;0;0;0;14;531;2
0;0;0;0;0;0;15;531;2
0;0;0;0;0;0;16;531;2
0;0;0;0;0;0;17;531;2
0;1;1;0;0;0;18;531;2
0;0;0;0;0;0;19;531;2
0;0;0;0;0;0;20;531;2
0;0;0;0;0;0;21;531;2
0;0;0;0;0;0;22;531;2
0;0;0;0;0;0;23;531;2
0;0;0;0;0;0;24;531;2
0;0;0;0;0;0;25;531;2
0;0;0;0;0;0;26;531;2
0;0;0;0;0;0;27;531;2
0;0;0;0;0;0;28;531;2
0;0;0;0;0;0;29;531;2
0;0;0;0;0;0;30;531;2
0;0;0;0;0;0;31;531;2
0;0;0;0;0;0;32;531;2
0;0;0;0;0;0;33;531;2
0;3;0;0;0;0;34;531;2
0;0;0;0;0;0;1;532;1
0;0;0;0;0;0;2;532;1
0;0;0;0;0;0;3;532;1
0;0;0;0;0;0;4;532;1
0;0;0;0;0;0;5;532;1
0;0;0;0;0;0;6;532;1
0;0;0;0;0;0;7;532;1
0;0;0;0;0;0;8;532;1
0;0;0;0;0;0;9;532;1
1;1;1;1;0;0;10;532;1
0;0;0;0;0;0;11;532;1
0;0;0;0;0;0;12;532;1
0;0;0;0;0;0;13;532;1
0;0;0;0;0;0;14;532;1
0;0;0;0;0;0;15;532;1
0;0;0;0;0;0;16;532;1
0;0;0;0;0;0;17;532;1
0;0;0;0;0;0;18;532;1
0;0;0;0;0;0;19;532;1
0;0;0;0;0;0;20;532;1
0;0;0;0;0;0;21;532;1
0;0;0;0;0;0;22;532;1
0;1;0;0;0;0;23;532;1
0;0;0;0;0;0;24;532;1
0;0;0;0;0;0;25;532;1
0;0;0;0;0;0;26;532;1
0;0;0;0;0;0;27;532;1
0;0;0;0;0;0;28;532;1
0;0;0;0;0;0;29;532;1
0;0;0;0;0;0;30;532;1
1;3;1;1;0;0;31;532;1
0;0;0;0;0;0;32;532;1
1;17;1;1;0;0;33;532;1
0;1;0;0;0;0;34;532;1
0;0;0;0;0;0;1;532;2
0;0;0;0;0;0;2;532;2
0;0;0;0;0;0;3;532;2
0;0;0;0;0;0;4;532;2
0;0;0;0;0;0;5;532;2
0;0;0;0;0;0;6;532;2
0;0;0;0;0;0;7;532;2
0;0;0;0;0;0;8;532;2
0;0;0;0;2;0;9;532;2
0;0;0;0;0;0;10;532;2
1;1;1;1;0;0;11;532;2
0;0;0;0;0;0;12;532;2
0;0;0;0;0;0;13;532;2
0;0;0;0;0;0;14;532;2
0;0;0;0;0;0;15;532;2
0;0;0;0;0;0;16;532;2
0;0;0;0;0;0;17;532;2
0;1;0;0;0;0;18;532;2
0;0;0;0;0;0;19;532;2
0;0;0;0;0;0;20;532;2
0;0;0;0;0;0;21;532;2
0;0;0;0;0;0;22;532;2
0;0;0;0;0;0;23;532;2
0;0;0;0;0;0;24;532;2
0;0;0;0;0;0;25;532;2
0;0;0;0;0;0;26;532;2
0;0;0;0;0;0;27;532;2
0;0;0;0;0;0;28;532;2
0;0;0;0;0;0;29;532;2
0;0;0;0;0;0;30;532;2
0;0;0;0;0;0;31;532;2
0;0;0;0;0;0;32;532;2
0;0;0;0;0;0;33;532;2
0;3;0;0;0;0;34;532;2
0;0;0;0;0;0;1;533;1
0;0;0;0;0;0;2;533;1
0;0;0;0;0;0;3;533;1
0;0;0;0;0;0;4;533;1
0;0;0;0;0;0;5;533;1
0;0;0;0;0;0;6;533;1
0;0;0;0;0;0;7;533;1
0;0;0;0;0;0;8;533;1
1;1;0;1;0;0;9;533;1
0;1;1;0;0;0;10;533;1
0;0;0;0;0;0;11;533;1
0;0;0;0;0;0;12;533;1
0;0;0;0;0;0;13;533;1
0;0;0;0;0;0;14;533;1
0;0;0;0;0;0;15;533;1
0;0;0;0;0;0;16;533;1
0;0;0;0;0;0;17;533;1
0;0;0;0;0;0;18;533;1
0;0;0;0;0;0;19;533;1
0;0;0;0;0;0;20;533;1
2;2;2;2;0;0;21;533;1
0;0;0;0;0;0;22;533;1
0;1;0;0;0;0;23;533;1
0;0;0;0;0;0;24;533;1
0;0;0;0;0;0;25;533;1
0;0;0;0;0;0;26;533;1
0;0;0;0;0;0;27;533;1
0;0;0;0;0;0;28;533;1
0;0;0;0;0;0;29;533;1
0;0;0;0;0;0;30;533;1
0;3;1;0;0;0;31;533;1
0;0;0;0;0;0;32;533;1
-1;16;0;-1;0;0;33;533;1
0;1;0;0;0;0;34;533;1
0;0;0;0;0;0;1;533;2
0;0;0;0;0;0;2;533;2
0;0;0;0;0;0;3;533;2
0;0;0;0;0;0;4;533;2
0;0;0;0;0;0;5;533;2
0;0;0;0;0;0;6;533;2
0;0;0;0;0;0;7;533;2
0;0;0;0;0;0;8;533;2
0;0;0;0;0;0;9;533;2
2;2;2;2;1;0;10;533;2
0;1;1;0;0;0;11;533;2
0;0;0;0;0;0;12;533;2
0;0;0;0;0;0;13;533;2
0;0;0;0;0;0;14;533;2
0;0;0;0;0;0;15;533;2
0;0;0;0;0;0;16;533;2
0;0;0;0;0;0;17;533;2
1;2;1;1;0;0;18;533;2
0;0;0;0;0;0;19;533;2
0;0;0;0;0;0;20;533;2
0;0;0;0;0;0;21;533;2
0;0;0;0;0;0;22;533;2
0;0;0;0;0;0;23;533;2
0;0;0;0;0;0;24;533;2
0;0;0;0;0;0;25;533;2
0;0;0;0;0;0;26;533;2
0;0;0;0;0;0;27;533;2
0;0;0;0;0;0;28;533;2
0;0;0;0;0;0;29;533;2
0;0;0;0;0;0;30;533;2
0;0;0;0;0;0;31;533;2
0;0;0;0;0;0;32;533;2
0;0;0;0;0;0;33;533;2
0;3;0;0;0;0;34;533;2
0;0;0;0;0;0;1;534;1
0;0;0;0;0;0;2;534;1
0;0;0;0;0;0;3;534;1
0;0;0;0;0;0;4;534;1
0;0;0;0;0;0;5;534;1
0;0;0;0;0;0;6;534;1
0;0;0;0;0;0;7;534;1
0;0;0;0;0;0;8;534;1
0;0;0;0;0;0;9;534;1
0;1;1;0;0;0;10;534;1
0;0;0;0;0;0;11;534;1
0;0;0;0;0;0;12;534;1
0;0;0;0;0;0;13;534;1
0;0;0;0;0;0;14;534;1
0;0;0;0;0;0;15;534;1
0;0;0;0;0;0;16;534;1
0;0;0;0;0;0;17;534;1
0;0;0;0;0;0;18;534;1
0;0;0;0;0;0;19;534;1
0;0;0;0;0;0;20;534;1
0;2;2;0;0;0;21;534;1
1;1;1;1;0;0;22;534;1
0;1;0;0;0;0;23;534;1
0;0;0;0;0;0;24;534;1
0;0;0;0;0;0;25;534;1
0;0;0;0;0;0;26;534;1
0;0;0;0;0;0;27;534;1
0;0;0;0;0;0;28;534;1
0;0;0;0;0;0;29;534;1
0;0;0;0;0;0;30;534;1
0;2;1;0;0;0;31;534;1
0;0;0;0;0;0;32;534;1
0;16;0;0;0;0;33;534;1
0;1;0;0;0;0;34;534;1
1;1;1;1;0;0;1;534;2
0;0;0;0;0;0;2;534;2
0;0;0;0;0;0;3;534;2
0;0;0;0;0;0;4;534;2
0;0;0;0;0;0;5;534;2
0;0;0;0;0;0;6;534;2
0;0;0;0;0;0;7;534;2
0;0;0;0;0;0;8;534;2
0;0;0;0;0;0;9;534;2
0;2;2;0;0;0;10;534;2
0;1;1;0;0;0;11;534;2
0;0;0;0;0;0;12;534;2
0;0;0;0;0;0;13;534;2
0;0;0;0;1;0;14;534;2
0;0;0;0;0;0;15;534;2
0;0;0;0;0;0;16;534;2
0;0;0;0;0;0;17;534;2
0;2;1;0;1;0;18;534;2
1;1;1;1;0;0;19;534;2
0;0;0;0;0;0;20;534;2
0;0;0;0;0;0;21;534;2
0;0;0;0;0;0;22;534;2
0;0;0;0;0;0;23;534;2
0;0;0;0;0;0;24;534;2
0;0;0;0;0;0;25;534;2
0;0;0;0;0;0;26;534;2
0;0;0;0;0;0;27;534;2
1;1;1;1;0;0;28;534;2
0;0;0;0;0;0;29;534;2
0;0;0;0;0;0;30;534;2
0;0;0;0;0;0;31;534;2
0;0;0;0;0;0;32;534;2
0;0;0;0;0;0;33;534;2
0;3;0;0;0;0;34;534;2
0;0;0;0;0;0;1;535;1
0;0;0;0;0;0;2;535;1
0;0;0;0;0;0;3;535;1
0;0;0;0;0;0;4;535;1
0;0;0;0;0;0;5;535;1
0;0;0;0;0;0;6;535;1
0;0;0;0;0;0;7;535;1
0;0;0;0;0;0;8;535;1
0;0;0;0;0;1;9;535;1
0;1;1;0;0;0;10;535;1
0;0;0;0;0;0;11;535;1
0;0;0;0;0;0;12;535;1
0;0;0;0;0;0;13;535;1
0;0;0;0;0;0;14;535;1
0;0;0;0;0;0;15;535;1
0;0;0;0;0;0;16;535;1
0;0;0;0;0;0;17;535;1
0;0;0;0;0;0;18;535;1
0;0;0;0;0;0;19;535;1
0;0;0;0;0;0;20;535;1
0;2;2;0;0;0;21;535;1
0;1;1;0;0;0;22;535;1
0;0;0;0;0;0;23;535;1
0;0;0;0;0;0;24;535;1
0;0;0;0;0;0;25;535;1
0;0;0;0;0;0;26;535;1
0;0;0;0;0;0;27;535;1
0;0;0;0;0;0;28;535;1
0;0;0;0;0;0;29;535;1
0;0;0;0;0;0;30;535;1
0;1;1;0;0;0;31;535;1
0;0;0;0;0;0;32;535;1
1;17;0;1;0;0;33;535;1
-2;0;0;-2;-1;0;34;535;1
0;1;1;0;0;0;1;535;2
0;0;0;0;0;0;2;535;2
0;0;0;0;0;0;3;535;2
0;0;0;0;0;0;4;535;2
0;0;0;0;0;0;5;535;2
0;0;0;0;0;0;6;535;2
0;0;0;0;0;0;7;535;2
0;0;0;0;0;0;8;535;2
0;0;0;0;0;0;9;535;2
3;5;5;3;0;0;10;535;2
0;1;1;0;0;0;11;535;2
0;0;0;0;0;0;12;535;2
0;0;0;0;0;0;13;535;2
0;0;0;0;0;0;14;535;2
0;0;0;0;0;0;15;535;2
0;0;0;0;0;0;16;535;2
0;0;0;0;0;0;17;535;2
0;2;1;0;0;0;18;535;2
0;1;1;0;0;0;19;535;2
0;0;0;0;0;0;20;535;2
0;0;0;0;0;0;21;535;2
0;0;0;0;0;0;22;535;2
0;0;0;0;0;0;23;535;2
0;0;0;0;0;0;24;535;2
0;0;0;0;0;0;25;535;2
0;0;0;0;0;0;26;535;2
0;0;0;0;0;0;27;535;2
0;1;1;0;0;0;28;535;2
0;0;0;0;0;0;29;535;2
0;0;0;0;0;0;30;535;2
0;0;0;0;0;0;31;535;2
0;0;0;0;0;0;32;535;2
0;0;0;0;0;0;33;535;2
1;0;0;1;1;0;34;535;2
0;0;0;0;0;0;1;536;1
0;0;0;0;0;0;2;536;1
0;0;0;0;0;0;3;536;1
0;0;0;0;0;0;4;536;1
0;0;0;0;0;0;5;536;1
0;0;0;0;0;0;6;536;1
0;0;0;0;0;0;7;536;1
0;0;0;0;0;0;8;536;1
0;0;0;0;0;0;9;536;1
1;2;2;1;0;0;10;536;1
0;0;0;0;0;0;11;536;1
0;0;0;0;0;0;12;536;1
0;0;0;0;0;0;13;536;1
0;0;0;0;0;0;14;536;1
0;0;0;0;0;0;15;536;1
0;0;0;0;0;0;16;536;1
0;0;0;0;0;0;17;536;1
0;0;0;0;0;0;18;536;1
0;0;0;0;0;0;19;536;1
0;0;0;0;0;0;20;536;1
0;2;2;0;0;0;21;536;1
0;1;1;0;0;0;22;536;1
0;0;0;0;0;0;23;536;1
0;0;0;0;0;0;24;536;1
0;0;0;0;0;0;25;536;1
0;0;0;0;-1;1;26;536;1
0;0;0;0;0;0;27;536;1
0;0;0;0;0;0;28;536;1
0;0;0;0;0;0;29;536;1
0;0;0;0;0;0;30;536;1
0;1;1;0;0;0;31;536;1
0;0;0;0;0;0;32;536;1
4;9;4;4;1;0;33;536;1
0;0;0;0;0;0;34;536;1
0;1;1;0;0;0;1;536;2
0;0;0;0;0;0;2;536;2
0;0;0;0;0;0;3;536;2
0;0;0;0;0;0;4;536;2
0;0;0;0;0;0;5;536;2
0;0;0;0;0;0;6;536;2
0;0;0;0;0;0;7;536;2
0;0;0;0;0;0;8;536;2
0;0;0;0;0;0;9;536;2
1;6;6;1;0;0;10;536;2
0;1;0;0;0;0;11;536;2
0;0;0;0;0;0;12;536;2
0;0;0;0;0;0;13;536;2
0;0;0;0;0;0;14;536;2
0;0;0;0;0;0;15;536;2
0;0;0;0;0;0;16;536;2
0;0;0;0;0;0;17;536;2
0;2;1;0;0;0;18;536;2
0;1;1;0;0;0;19;536;2
0;0;0;0;0;0;20;536;2
0;0;0;0;0;0;21;536;2
0;0;0;0;0;0;22;536;2
0;0;0;0;0;0;23;536;2
0;0;0;0;0;0;24;536;2
0;0;0;0;0;0;25;536;2
0;0;0;0;0;0;26;536;2
0;0;0;0;0;0;27;536;2
2;2;2;2;1;0;28;536;2
0;0;0;0;0;0;29;536;2
0;0;0;0;0;0;30;536;2
0;0;0;0;0;0;31;536;2
0;0;0;0;0;0;32;536;2
0;0;0;0;0;0;33;536;2
0;0;0;0;0;0;34;536;2
0;0;0;0;0;0;1;537;1
0;0;0;0;0;0;2;537;1
0;0;0;0;0;0;3;537;1
0;0;0;0;0;0;4;537;1
0;0;0;0;0;0;5;537;1
0;0;0;0;0;0;6;537;1
0;0;0;0;0;0;7;537;1
0;0;0;0;0;0;8;537;1
0;0;0;0;0;0;9;537;1
0;2;2;0;0;0;10;537;1
0;0;0;0;0;0;11;537;1
0;0;0;0;0;0;12;537;1
0;0;0;0;0;0;13;537;1
0;0;0;0;0;0;14;537;1
0;0;0;0;0;0;15;537;1
0;0;0;0;0;0;16;537;1
0;0;0;0;0;0;17;537;1
0;0;0;0;0;0;18;537;1
0;0;0;0;0;0;19;537;1
0;0;0;0;0;0;20;537;1
0;2;2;0;0;0;21;537;1
0;1;1;0;0;0;22;537;1
0;0;0;0;0;0;23;537;1
0;0;0;0;0;0;24;537;1
0;0;0;0;0;0;25;537;1
0;0;0;0;0;0;26;537;1
0;0;0;0;0;0;27;537;1
0;0;0;0;0;0;28;537;1
0;0;0;0;0;0;29;537;1
0;0;0;0;0;0;30;537;1
0;1;1;0;0;0;31;537;1
0;0;0;0;0;0;32;537;1
0;9;4;0;0;0;33;537;1
0;0;0;0;0;0;34;537;1
0;1;1;0;0;0;1;537;2
0;0;0;0;0;0;2;537;2
0;0;0;0;0;0;3;537;2
0;0;0;0;0;0;4;537;2
0;0;0;0;0;0;5;537;2
0;0;0;0;0;0;6;537;2
0;0;0;0;0;0;7;537;2
0;0;0;0;0;0;8;537;2
0;0;0;0;0;0;9;537;2
0;6;6;0;0;0;10;537;2
0;1;0;0;0;0;11;537;2
0;0;0;0;0;0;12;537;2
0;0;0;0;0;0;13;537;2
0;0;0;0;0;0;14;537;2
0;0;0;0;0;0;15;537;2
0;0;0;0;0;0;16;537;2
0;0;0;0;0;0;17;537;2
0;2;1;0;0;0;18;537;2
0;1;1;0;0;0;19;537;2
0;0;0;0;0;0;20;537;2
0;0;0;0;0;0;21;537;2
0;0;0;0;0;0;22;537;2
0;0;0;0;0;0;23;537;2
0;0;0;0;0;0;24;537;2
0;0;0;0;0;0;25;537;2
0;0;0;0;0;0;26;537;2
0;0;0;0;0;0;27;537;2
0;2;2;0;0;0;28;537;2
0;0;0;0;0;0;29;537;2
0;0;0;0;0;0;30;537;2
0;0;0;0;0;0;31;537;2
0;0;0;0;0;0;32;537;2
0;0;0;0;0;0;33;537;2
0;0;0;0;0;0;34;537;2
