"confirmados_pdia";"total_confirmados";"hospitalizados";"uci";"fallecidos";"cod_cuando";"cod_donde_provincia"
5;5;0;0;0;1;1
30;30;0;0;0;1;2
48;48;1;0;0;1;3
3;3;0;0;0;1;4
67;67;1;0;0;1;5
37;37;1;0;0;1;6
29;29;1;0;0;1;7
146;146;2;0;0;1;8
37;37;0;0;0;2;1
141;141;5;0;0;2;2
165;168;0;0;0;2;3
145;145;3;0;0;2;4
101;101;2;0;0;2;5
116;116;0;0;0;2;6
198;198;4;0;0;2;7
285;285;6;0;0;2;8
47;47;2;0;0;3;1
123;123;2;0;0;3;2
116;116;1;0;0;3;3
190;190;8;1;1;3;4
109;109;4;0;0;3;5
110;110;2;0;0;3;6
208;208;4;0;0;3;7
333;333;6;0;0;3;8
17;17;4;1;0;4;1
78;78;2;0;0;4;2
84;84;7;1;0;4;3
57;57;1;0;0;4;4
38;38;4;0;0;4;5
46;46;2;0;0;4;6
82;82;6;0;0;4;7
156;156;3;0;0;4;8
31;31;2;0;0;5;1
102;102;2;0;0;5;2
99;99;5;0;0;5;3
70;70;3;0;0;5;4
54;54;2;0;0;5;5
115;115;7;0;0;5;6
120;120;2;0;0;5;7
242;243;2;0;0;5;8
47;47;2;0;0;6;1
168;168;2;0;0;6;2
174;174;3;0;0;6;3
225;225;5;1;0;6;4
161;161;3;0;0;6;5
131;131;4;1;0;6;6
234;234;3;0;0;6;7
398;398;11;0;0;6;8
22;22;0;0;0;7;1
181;181;5;1;0;7;2
135;135;1;0;0;7;3
82;82;2;0;0;7;4
160;160;4;0;1;7;5
154;154;4;0;0;7;6
242;242;5;0;0;7;7
316;316;9;0;0;7;8
55;55;3;0;0;8;1
178;178;4;0;0;8;2
148;148;5;1;0;8;3
216;216;5;0;0;8;4
135;135;1;1;0;8;5
166;166;7;0;1;8;6
292;292;13;1;1;8;7
429;429;12;1;0;8;8
39;39;1;0;0;9;1
148;148;3;0;0;9;2
110;110;4;1;0;9;3
212;212;5;1;1;9;4
149;149;10;0;0;9;5
152;152;5;1;0;9;6
313;313;9;0;0;9;7
418;418;13;0;0;9;8
24;24;2;0;0;10;1
138;138;3;0;0;10;2
109;109;3;0;0;10;3
182;182;10;0;0;10;4
136;136;7;1;0;10;5
119;119;6;0;1;10;6
239;240;11;1;0;10;7
361;362;20;2;0;10;8
12;12;0;0;0;11;1
43;43;4;0;0;11;2
90;90;7;1;0;11;3
59;59;7;0;0;11;4
41;41;3;0;0;11;5
22;22;1;0;0;11;6
113;113;7;1;1;11;7
163;163;13;1;0;11;8
28;28;3;0;0;12;1
114;114;7;1;0;12;2
84;84;4;0;0;12;3
83;83;3;0;0;12;4
104;104;4;0;0;12;5
125;126;8;0;0;12;6
147;147;10;1;0;12;7
340;340;8;0;0;12;8
60;60;3;0;0;13;1
138;138;6;0;0;13;2
116;116;4;1;0;13;3
198;198;10;3;0;13;4
123;123;5;0;0;13;5
138;138;8;0;0;13;6
268;268;6;0;0;13;7
404;404;15;0;0;13;8
52;52;1;0;0;14;1
202;202;7;2;0;14;2
110;110;6;1;0;14;3
181;181;12;3;0;14;4
129;129;6;0;1;14;5
193;193;11;2;0;14;6
236;236;10;0;0;14;7
474;474;19;0;0;14;8
45;45;3;0;0;15;1
140;140;5;0;0;15;2
125;125;7;0;1;15;3
221;221;14;1;0;15;4
138;139;6;1;0;15;5
170;170;5;0;0;15;6
225;225;7;1;0;15;7
394;394;22;0;0;15;8
48;48;4;1;0;16;1
139;139;4;0;0;16;2
90;90;4;2;1;16;3
188;188;12;0;2;16;4
141;141;5;1;0;16;5
128;128;6;2;0;16;6
211;212;10;1;0;16;7
477;477;27;2;1;16;8
32;32;2;0;0;17;1
107;107;8;1;1;17;2
67;67;5;0;0;17;3
189;189;13;2;0;17;4
76;76;6;0;0;17;5
91;91;2;0;0;17;6
207;207;7;0;0;17;7
320;320;17;1;0;17;8
20;20;3;0;0;18;1
51;51;6;0;0;18;2
31;31;1;1;0;18;3
90;90;7;1;1;18;4
49;50;3;1;1;18;5
51;51;6;0;0;18;6
77;77;11;2;0;18;7
130;130;15;1;0;18;8
42;42;3;1;0;19;1
69;69;5;1;0;19;2
53;53;5;1;0;19;3
70;70;9;0;0;19;4
61;61;6;0;0;19;5
81;81;4;0;0;19;6
97;97;9;0;1;19;7
258;258;15;1;1;19;8
68;68;5;1;0;20;1
148;148;3;0;0;20;2
75;75;1;0;0;20;3
230;230;16;3;1;20;4
118;119;3;2;0;20;5
113;113;4;1;0;20;6
189;189;12;2;0;20;7
423;423;19;1;3;20;8
59;59;4;4;0;21;1
116;116;3;0;0;21;2
107;107;5;2;0;21;3
189;189;12;1;1;21;4
106;107;3;0;0;21;5
116;116;4;1;0;21;6
226;226;13;1;0;21;7
429;429;20;2;1;21;8
33;33;3;0;0;22;1
136;136;7;0;0;22;2
89;89;5;3;0;22;3
188;188;15;2;0;22;4
131;131;8;0;1;22;5
161;161;11;2;0;22;6
195;195;17;1;1;22;7
386;386;18;3;1;22;8
65;65;4;0;1;23;1
129;129;4;0;0;23;2
72;72;2;0;1;23;3
208;208;13;2;0;23;4
147;147;7;1;0;23;5
131;132;7;2;0;23;6
201;201;14;4;1;23;7
432;432;33;3;2;23;8
39;39;3;0;0;24;1
90;90;4;1;1;24;2
74;75;4;0;0;24;3
168;168;13;0;1;24;4
83;83;5;0;0;24;5
84;84;13;1;0;24;6
157;157;5;0;0;24;7
292;292;23;2;1;24;8
13;13;1;0;0;25;1
55;55;4;0;0;25;2
26;27;3;0;0;25;3
64;64;8;0;1;25;4
49;49;4;0;1;25;5
48;48;4;0;0;25;6
46;46;2;1;0;25;7
155;155;16;1;2;25;8
46;46;4;0;0;26;1
54;54;4;0;0;26;2
58;58;4;1;0;26;3
81;81;9;3;0;26;4
58;58;2;0;0;26;5
76;76;8;2;2;26;6
101;101;5;1;0;26;7
266;266;17;0;0;26;8
40;40;3;0;0;27;1
93;93;6;1;0;27;2
80;80;2;0;0;27;3
231;231;18;5;1;27;4
119;119;1;0;0;27;5
111;111;5;2;0;27;6
213;213;14;2;0;27;7
387;387;31;3;1;27;8
51;52;4;1;1;28;1
89;89;2;1;0;28;2
128;128;2;0;0;28;3
190;190;16;2;1;28;4
126;126;6;0;1;28;5
133;133;7;0;0;28;6
219;219;9;0;0;28;7
379;379;25;1;1;28;8
60;60;2;0;0;29;1
109;109;6;1;1;29;2
68;68;8;2;0;29;3
260;260;17;3;0;29;4
117;117;13;1;1;29;5
119;119;16;4;1;29;6
215;215;11;0;0;29;7
461;461;29;4;2;29;8
61;61;5;3;0;30;1
127;127;3;0;0;30;2
98;98;4;1;0;30;3
237;237;23;4;0;30;4
103;103;8;0;0;30;5
117;117;15;0;0;30;6
202;202;10;2;1;30;7
360;360;32;5;2;30;8
43;43;4;0;0;31;1
84;84;12;0;0;31;2
80;80;5;0;1;31;3
237;237;20;5;0;31;4
88;88;7;0;0;31;5
99;99;6;0;0;31;6
158;158;10;0;1;31;7
373;373;24;2;1;31;8
33;33;6;0;0;32;1
39;39;2;0;0;32;2
40;40;6;0;0;32;3
61;61;6;0;1;32;4
37;37;3;0;0;32;5
53;53;11;2;2;32;6
52;52;5;2;1;32;7
153;153;19;5;0;32;8
74;74;3;0;0;33;1
50;50;2;0;0;33;2
37;37;3;1;0;33;3
78;78;10;2;2;33;4
39;39;2;0;0;33;5
70;70;9;2;0;33;6
110;110;6;2;1;33;7
242;242;18;0;1;33;8
75;75;5;0;0;34;1
129;129;6;1;1;34;2
102;102;7;1;0;34;3
239;239;17;2;2;34;4
101;102;3;0;0;34;5
113;114;8;2;1;34;6
247;249;10;1;0;34;7
435;435;35;3;4;34;8
89;89;6;3;2;35;1
95;95;6;1;1;35;2
91;91;6;2;0;35;3
250;250;17;2;0;35;4
87;87;10;1;0;35;5
147;147;13;4;0;35;6
197;197;8;2;0;35;7
318;318;17;2;0;35;8
87;87;4;0;1;36;1
62;62;6;1;0;36;2
118;118;8;0;1;36;3
276;276;23;5;1;36;4
92;92;6;0;0;36;5
145;145;11;0;0;36;6
261;261;13;0;0;36;7
416;416;25;2;1;36;8
93;93;11;6;0;37;1
86;86;5;0;0;37;2
100;100;7;1;2;37;3
343;343;26;1;2;37;4
81;81;7;1;1;37;5
98;98;8;0;0;37;6
240;241;16;2;0;37;7
417;417;32;3;1;37;8
54;54;5;1;0;38;1
75;75;6;1;0;38;2
67;67;12;2;1;38;3
253;253;23;4;3;38;4
75;75;7;0;2;38;5
64;64;6;0;0;38;6
182;182;12;1;1;38;7
236;236;20;2;3;38;8
42;42;7;1;1;39;1
25;25;2;0;0;39;2
54;54;8;2;1;39;3
78;78;20;4;1;39;4
39;39;5;1;1;39;5
35;35;6;1;0;39;6
60;60;2;0;0;39;7
101;101;9;3;2;39;8
46;46;1;0;0;40;1
72;72;9;1;1;40;2
48;48;13;3;1;40;3
117;117;10;1;1;40;4
27;27;2;0;0;40;5
67;67;6;0;0;40;6
84;84;6;1;0;40;7
261;261;23;3;3;40;8
91;91;8;3;1;41;1
132;132;9;2;0;41;2
171;171;2;0;1;41;3
364;364;23;5;2;41;4
90;92;5;0;0;41;5
152;153;6;1;0;41;6
201;201;2;1;0;41;7
364;364;25;7;2;41;8
97;97;7;1;1;42;1
139;139;8;1;1;42;2
100;100;11;2;2;42;3
347;347;26;8;1;42;4
92;92;6;0;0;42;5
132;132;7;2;0;42;6
226;226;16;2;1;42;7
466;466;35;3;1;42;8
133;133;9;0;1;43;1
118;118;3;0;0;43;2
95;95;12;2;3;43;3
337;337;31;7;2;43;4
115;115;12;2;0;43;5
143;143;8;0;0;43;6
231;231;15;1;1;43;7
439;439;27;5;3;43;8
113;113;4;1;0;44;1
166;166;16;3;2;44;2
146;147;10;2;1;44;3
357;357;32;5;3;44;4
108;108;8;0;1;44;5
156;156;8;0;1;44;6
208;208;18;3;3;44;7
318;318;23;3;1;44;8
78;78;6;0;0;45;1
91;91;9;1;2;45;2
76;76;3;0;0;45;3
285;285;22;2;2;45;4
106;106;11;1;1;45;5
103;103;17;2;1;45;6
171;171;10;2;0;45;7
341;341;31;6;3;45;8
91;91;5;0;0;46;1
41;41;13;0;1;46;2
49;49;8;2;1;46;3
133;133;25;2;1;46;4
46;46;4;1;0;46;5
46;46;9;1;2;46;6
74;74;8;1;0;46;7
203;204;16;2;0;46;8
118;118;6;1;0;47;1
93;93;11;3;4;47;2
117;117;7;1;0;47;3
151;151;21;3;2;47;4
76;76;5;0;0;47;5
106;106;9;2;0;47;6
102;102;4;0;1;47;7
293;293;22;3;0;47;8
122;122;11;4;3;48;1
214;214;7;1;1;48;2
193;193;7;1;0;48;3
341;341;31;6;1;48;4
101;101;6;1;1;48;5
108;109;4;0;1;48;6
174;174;15;2;1;48;7
606;606;52;1;3;48;8
184;184;10;1;1;49;1
178;178;10;1;1;49;2
118;119;8;0;1;49;3
326;326;25;5;2;49;4
87;87;7;1;0;49;5
164;164;8;1;0;49;6
209;209;12;1;0;49;7
350;351;38;3;1;49;8
162;162;10;3;2;50;1
187;187;14;4;4;50;2
124;125;10;3;0;50;3
395;395;43;10;3;50;4
121;121;7;0;1;50;5
249;249;16;4;0;50;6
216;216;11;0;1;50;7
344;344;21;2;1;50;8
157;157;14;7;2;51;1
210;210;13;2;0;51;2
157;157;12;0;0;51;3
369;369;42;9;2;51;4
119;119;6;0;0;51;5
175;175;21;0;0;51;6
221;222;15;1;2;51;7
532;532;35;4;1;51;8
130;131;7;1;1;52;1
153;153;12;3;2;52;2
96;96;13;5;3;52;3
354;354;26;5;2;52;4
72;72;7;0;0;52;5
137;137;11;2;2;52;6
198;199;21;4;0;52;7
360;360;37;7;4;52;8
69;69;3;1;2;53;1
62;62;6;1;1;53;2
62;62;11;4;0;53;3
132;132;21;8;6;53;4
40;41;5;1;0;53;5
78;78;9;0;0;53;6
85;85;12;2;0;53;7
192;192;23;2;1;53;8
106;106;15;5;0;54;1
122;122;8;1;1;54;2
94;94;3;0;0;54;3
120;120;16;1;0;54;4
79;79;8;0;0;54;5
107;108;8;0;1;54;6
129;129;9;0;0;54;7
331;331;36;3;2;54;8
143;143;6;2;0;55;1
224;224;12;3;0;55;2
121;123;6;2;0;55;3
388;389;35;9;4;55;4
147;147;19;2;1;55;5
197;197;18;1;2;55;6
241;241;17;0;0;55;7
511;511;43;2;4;55;8
156;156;9;1;3;56;1
237;237;17;3;1;56;2
117;117;8;3;1;56;3
364;364;33;1;5;56;4
119;119;13;0;0;56;5
238;238;20;1;4;56;6
216;216;15;1;1;56;7
541;541;33;6;2;56;8
193;193;18;3;2;57;1
242;242;14;2;3;57;2
158;158;9;0;0;57;3
428;428;25;11;2;57;4
134;134;12;1;0;57;5
242;243;10;0;2;57;6
248;248;13;0;1;57;7
519;519;36;5;0;57;8
211;211;8;2;1;58;1
230;230;18;4;4;58;2
174;174;19;1;2;58;3
416;416;45;11;2;58;4
65;66;7;2;0;58;5
197;197;11;3;1;58;6
212;212;14;2;0;58;7
503;503;43;2;2;58;8
100;100;15;4;3;59;1
143;143;10;0;1;59;2
125;125;11;1;0;59;3
387;388;40;11;4;59;4
97;97;12;1;1;59;5
156;156;11;2;0;59;6
181;181;15;4;1;59;7
493;493;53;7;2;59;8
72;72;6;1;2;60;1
53;54;2;1;0;60;2
75;75;11;2;2;60;3
116;116;19;6;1;60;4
32;32;5;1;0;60;5
53;53;10;1;1;60;6
77;77;9;2;0;60;7
219;219;21;2;3;60;8
182;182;12;3;2;61;1
122;122;5;0;1;61;2
189;189;20;4;4;61;3
164;164;25;4;3;61;4
131;131;13;2;1;61;5
136;136;8;0;1;61;6
128;128;5;2;1;61;7
407;407;36;6;3;61;8
200;200;15;0;0;62;1
290;290;5;2;1;62;2
191;191;13;4;3;62;3
461;461;34;5;1;62;4
139;139;9;3;2;62;5
188;188;6;1;2;62;6
233;233;8;1;0;62;7
490;490;36;4;3;62;8
183;183;7;2;0;63;1
272;272;7;0;0;63;2
174;174;12;0;0;63;3
474;474;41;8;3;63;4
142;143;10;2;0;63;5
254;254;12;4;2;63;6
216;216;9;3;2;63;7
534;534;40;6;3;63;8
237;237;10;4;1;64;1
291;291;13;3;1;64;2
165;165;17;2;1;64;3
429;429;34;9;5;64;4
137;137;10;0;0;64;5
208;208;13;2;1;64;6
232;232;20;5;2;64;7
462;462;37;4;4;64;8
179;179;12;2;0;65;1
309;309;18;3;1;65;2
196;197;12;2;1;65;3
412;415;38;7;7;65;4
164;164;15;3;3;65;5
244;244;17;4;2;65;6
268;268;16;0;0;65;7
458;458;47;6;10;65;8
136;136;18;4;1;66;1
217;217;15;1;3;66;2
160;160;15;4;3;66;3
334;334;41;8;6;66;4
101;101;12;2;2;66;5
115;115;12;1;1;66;6
174;174;15;3;1;66;7
551;551;63;12;8;66;8
67;67;9;0;1;67;1
90;90;8;1;1;67;2
84;84;12;2;0;67;3
133;133;25;7;4;67;4
44;45;9;0;0;67;5
82;82;7;1;1;67;6
93;93;6;2;0;67;7
198;198;25;2;3;67;8
77;77;13;4;3;68;1
99;99;7;0;1;68;2
143;143;6;0;1;68;3
122;122;17;2;2;68;4
38;38;2;0;0;68;5
71;71;9;0;0;68;6
92;92;1;0;1;68;7
206;206;25;3;4;68;8
58;58;7;4;0;69;1
83;83;5;0;0;69;2
51;51;2;0;0;69;3
145;145;27;1;0;69;4
41;41;2;0;0;69;5
63;63;9;1;1;69;6
76;76;6;1;0;69;7
152;152;21;5;0;69;8
133;133;9;2;3;70;1
134;134;4;0;2;70;2
137;137;9;0;0;70;3
89;89;14;6;4;70;4
60;60;5;0;0;70;5
84;84;16;2;0;70;6
93;93;15;1;1;70;7
241;241;28;4;2;70;8
179;179;16;6;5;71;1
229;229;13;0;0;71;2
145;145;12;3;1;71;3
268;268;25;4;1;71;4
111;111;9;0;0;71;5
128;129;20;3;2;71;6
207;207;15;1;1;71;7
430;430;31;6;4;71;8
164;164;7;1;0;72;1
236;236;11;1;2;72;2
120;121;9;1;0;72;3
246;246;23;2;3;72;4
68;68;9;0;0;72;5
113;113;10;0;1;72;6
170;170;9;0;1;72;7
295;295;39;6;3;72;8
130;130;15;6;1;73;1
145;145;12;2;3;73;2
118;118;13;2;2;73;3
197;197;26;5;1;73;4
68;68;8;1;0;73;5
65;65;8;0;2;73;6
141;141;12;0;0;73;7
268;268;32;3;4;73;8
41;41;7;0;1;74;1
52;52;2;0;0;74;2
46;46;5;1;1;74;3
62;62;15;3;3;74;4
21;21;6;0;0;74;5
17;17;4;0;0;74;6
33;33;1;0;0;74;7
109;109;24;1;2;74;8
126;126;7;3;0;75;1
93;93;9;0;1;75;2
156;156;10;1;1;75;3
60;60;11;4;1;75;4
26;26;1;0;0;75;5
36;36;3;0;1;75;6
93;93;7;0;1;75;7
210;210;18;1;1;75;8
143;143;15;5;3;76;1
152;152;5;3;1;76;2
187;187;14;3;2;76;3
231;231;33;7;2;76;4
61;62;8;2;2;76;5
82;83;10;4;1;76;6
180;180;18;4;3;76;7
304;305;23;6;6;76;8
202;202;10;5;2;77;1
185;185;3;0;0;77;2
184;184;12;2;2;77;3
200;200;28;9;6;77;4
52;52;5;0;0;77;5
78;78;5;1;0;77;6
141;141;7;0;0;77;7
330;330;24;4;2;77;8
129;129;14;7;3;78;1
135;135;11;3;2;78;2
134;134;9;2;0;78;3
227;227;24;7;6;78;4
53;53;5;1;1;78;5
80;81;6;1;1;78;6
112;112;9;1;2;78;7
229;230;18;2;1;78;8
167;167;10;3;0;79;1
140;140;10;1;2;79;2
151;151;4;0;0;79;3
161;161;21;4;3;79;4
52;52;4;0;0;79;5
47;47;3;1;0;79;6
176;176;9;2;2;79;7
287;288;32;5;6;79;8
107;107;13;4;1;80;1
112;112;6;3;0;80;2
116;116;10;2;1;80;3
148;148;27;4;4;80;4
36;36;5;0;0;80;5
51;51;3;1;0;80;6
107;107;5;0;0;80;7
213;213;20;2;4;80;8
51;51;5;2;2;81;1
18;18;3;1;0;81;2
31;31;5;2;0;81;3
47;47;16;3;3;81;4
11;11;2;0;0;81;5
15;15;2;0;1;81;6
40;40;5;0;1;81;7
99;99;14;3;3;81;8
108;108;15;4;2;82;1
47;47;1;0;0;82;2
82;82;5;1;0;82;3
47;47;10;4;1;82;4
18;18;4;0;0;82;5
18;18;3;1;1;82;6
59;59;10;1;3;82;7
115;115;22;1;2;82;8
133;133;9;1;3;83;1
85;85;2;1;0;83;2
111;111;10;3;2;83;3
180;181;25;3;1;83;4
63;63;7;0;1;83;5
89;89;9;1;2;83;6
119;119;9;1;4;83;7
234;234;11;1;0;83;8
136;136;15;0;3;84;1
126;126;7;0;1;84;2
105;105;6;1;0;84;3
191;191;20;5;4;84;4
34;35;3;0;0;84;5
51;51;7;1;1;84;6
142;142;11;2;2;84;7
250;250;17;1;2;84;8
125;125;6;0;1;85;1
81;81;5;0;0;85;2
112;112;5;0;0;85;3
146;146;16;2;3;85;4
32;32;4;0;0;85;5
57;57;6;1;1;85;6
142;142;7;1;0;85;7
210;210;24;1;3;85;8
163;163;12;1;4;86;1
115;115;12;3;1;86;2
77;77;12;0;0;86;3
214;215;28;5;5;86;4
33;33;1;0;1;86;5
47;47;5;1;1;86;6
125;125;7;1;1;86;7
228;228;23;4;0;86;8
111;111;12;4;0;87;1
82;82;3;0;1;87;2
37;37;2;1;0;87;3
155;155;20;2;4;87;4
21;21;3;0;0;87;5
49;49;8;2;0;87;6
93;94;9;0;1;87;7
186;186;15;1;3;87;8
75;75;11;2;4;88;1
32;32;2;0;0;88;2
24;24;6;0;1;88;3
44;44;7;4;3;88;4
4;4;0;0;0;88;5
15;15;4;3;2;88;6
49;49;3;1;2;88;7
98;99;17;1;2;88;8
114;114;16;6;2;89;1
62;62;5;1;2;89;2
51;51;2;2;0;89;3
54;54;15;4;1;89;4
14;14;0;0;0;89;5
17;17;5;0;1;89;6
69;69;10;0;0;89;7
145;145;12;0;2;89;8
170;170;11;4;5;90;1
86;86;5;0;0;90;2
87;87;7;1;0;90;3
176;176;14;3;2;90;4
28;28;2;0;0;90;5
44;44;5;0;2;90;6
166;167;20;3;1;90;7
186;186;13;2;2;90;8
153;153;12;5;0;91;1
97;97;5;1;1;91;2
61;61;2;0;0;91;3
191;191;20;7;1;91;4
20;20;1;0;0;91;5
56;56;5;0;0;91;6
133;134;12;0;1;91;7
206;206;14;1;1;91;8
188;188;24;7;4;92;1
84;84;5;1;1;92;2
94;94;8;0;1;92;3
157;157;23;3;0;92;4
27;27;3;2;0;92;5
60;60;2;0;0;92;6
151;151;12;0;2;92;7
221;221;14;1;1;92;8
185;185;7;0;1;93;1
112;112;7;2;1;93;2
125;125;13;1;3;93;3
178;178;15;1;1;93;4
24;24;2;0;0;93;5
59;59;3;1;0;93;6
168;168;7;1;4;93;7
199;199;23;3;6;93;8
83;83;13;3;3;94;1
104;104;6;0;1;94;2
67;68;7;0;2;94;3
168;168;24;4;6;94;4
16;16;1;0;0;94;5
38;38;4;0;0;94;6
115;116;11;3;3;94;7
193;193;19;3;2;94;8
46;46;3;2;0;95;1
41;41;6;0;0;95;2
62;63;9;5;3;95;3
38;38;13;4;2;95;4
5;5;2;0;1;95;5
10;10;3;0;0;95;6
49;50;10;2;1;95;7
80;80;16;1;2;95;8
120;120;10;4;3;96;1
92;92;5;0;0;96;2
60;60;6;1;0;96;3
55;55;8;3;0;96;4
17;17;4;0;0;96;5
18;18;5;0;0;96;6
75;75;6;0;1;96;7
115;115;14;1;2;96;8
148;148;5;1;1;97;1
136;136;8;0;2;97;2
90;90;8;0;0;97;3
171;171;19;2;1;97;4
21;21;2;0;1;97;5
63;63;3;0;0;97;6
148;148;14;2;2;97;7
218;218;25;1;8;97;8
185;185;16;4;3;98;1
117;117;12;1;3;98;2
97;97;14;4;0;98;3
185;185;18;3;3;98;4
29;29;3;0;0;98;5
66;66;9;1;1;98;6
198;200;16;1;3;98;7
266;266;17;4;4;98;8
142;142;14;2;2;99;1
152;152;19;6;4;99;2
94;94;9;1;1;99;3
204;204;30;7;4;99;4
33;33;4;0;1;99;5
61;61;5;0;1;99;6
211;211;20;4;4;99;7
257;257;19;1;4;99;8
107;107;9;2;0;100;1
114;114;9;1;2;100;2
73;73;9;0;3;100;3
133;133;15;2;3;100;4
11;11;1;0;0;100;5
55;55;6;0;3;100;6
153;153;13;1;1;100;7
198;198;19;2;2;100;8
51;51;4;1;1;101;1
20;20;3;0;0;101;2
18;18;5;0;0;101;3
36;36;8;1;1;101;4
6;6;1;0;1;101;5
14;14;0;0;0;101;6
73;73;15;1;2;101;7
68;68;8;1;4;101;8
93;93;14;4;4;102;1
69;69;8;1;2;102;2
44;44;6;1;0;102;3
49;49;9;4;1;102;4
5;5;1;0;0;102;5
22;22;2;0;0;102;6
53;53;8;0;1;102;7
87;87;13;2;8;102;8
105;105;10;2;3;103;1
81;81;7;0;0;103;2
57;57;6;1;1;103;3
58;58;11;1;2;103;4
22;22;4;1;0;103;5
33;33;2;0;0;103;6
112;112;15;1;3;103;7
148;150;13;2;2;103;8
153;153;14;4;4;104;1
128;128;14;3;4;104;2
73;73;9;2;0;104;3
194;194;16;1;2;104;4
28;28;2;0;1;104;5
89;89;11;1;2;104;6
167;167;13;2;2;104;7
275;276;25;3;5;104;8
147;147;12;1;5;105;1
129;130;14;1;2;105;2
65;65;8;0;1;105;3
151;151;19;2;4;105;4
36;36;4;0;1;105;5
46;46;7;1;2;105;6
185;185;12;1;3;105;7
256;256;15;1;4;105;8
150;150;17;5;4;106;1
149;149;12;1;1;106;2
91;91;11;0;2;106;3
145;145;19;3;3;106;4
53;53;4;0;0;106;5
71;71;4;0;0;106;6
168;169;11;1;1;106;7
242;242;26;4;9;106;8
210;210;23;2;6;107;1
137;137;3;0;0;107;2
78;78;9;1;1;107;3
178;178;29;7;4;107;4
58;58;4;0;2;107;5
72;72;5;0;2;107;6
178;178;17;3;3;107;7
218;218;21;0;3;107;8
141;141;13;2;3;108;1
118;118;21;2;4;108;2
42;42;4;0;1;108;3
154;154;24;3;1;108;4
32;32;6;0;1;108;5
51;52;9;2;3;108;6
226;226;16;2;4;108;7
260;260;33;4;1;108;8
55;55;7;2;1;109;1
66;66;7;0;0;109;2
23;23;6;0;2;109;3
59;59;17;3;3;109;4
4;4;1;0;0;109;5
24;24;4;0;2;109;6
63;63;13;0;1;109;7
66;66;9;2;0;109;8
196;196;15;1;4;110;1
112;112;6;2;2;110;2
67;67;6;1;1;110;3
47;47;10;1;2;110;4
26;26;4;0;2;110;5
49;49;4;0;0;110;6
114;114;11;2;3;110;7
147;148;14;2;4;110;8
163;163;12;4;1;111;1
210;210;9;1;3;111;2
124;124;6;0;2;111;3
170;170;19;1;4;111;4
55;55;5;0;0;111;5
72;72;14;0;0;111;6
294;294;19;2;7;111;7
266;267;20;2;3;111;8
185;185;11;8;2;112;1
234;235;17;1;2;112;2
115;115;10;0;1;112;3
195;195;20;6;3;112;4
57;57;5;1;1;112;5
76;76;3;0;2;112;6
327;327;32;2;5;112;7
346;347;17;1;2;112;8
182;182;15;2;7;113;1
223;223;16;2;3;113;2
91;91;11;1;4;113;3
211;211;13;3;6;113;4
68;68;13;1;1;113;5
86;86;8;1;2;113;6
310;310;24;3;4;113;7
418;418;19;4;4;113;8
188;188;12;1;6;114;1
341;341;17;0;3;114;2
114;114;16;1;3;114;3
198;198;17;3;6;114;4
96;96;10;0;2;114;5
123;124;9;2;2;114;6
465;465;32;5;12;114;7
397;397;37;3;8;114;8
201;201;17;1;3;115;1
196;196;14;1;1;115;2
68;68;12;1;2;115;3
212;212;29;8;8;115;4
78;79;18;1;1;115;5
72;72;10;0;1;115;6
318;318;36;3;8;115;7
283;283;32;2;8;115;8
105;105;14;4;5;116;1
146;146;14;2;2;116;2
82;82;4;1;0;116;3
50;50;12;2;2;116;4
20;20;1;1;0;116;5
33;33;3;0;0;116;6
121;121;18;2;6;116;7
165;165;18;1;3;116;8
143;143;18;2;4;117;1
349;349;21;2;3;117;2
84;84;8;3;3;117;3
66;66;13;1;1;117;4
60;60;6;0;1;117;5
55;55;2;0;1;117;6
360;361;38;4;6;117;7
252;253;20;2;7;117;8
255;255;22;4;4;118;1
385;385;28;3;3;118;2
140;140;15;1;1;118;3
258;258;17;1;4;118;4
105;105;9;0;1;118;5
153;154;11;1;3;118;6
442;442;29;0;4;118;7
644;647;38;3;3;118;8
282;282;16;0;4;119;1
463;463;30;4;10;119;2
123;123;17;4;5;119;3
270;270;25;2;5;119;4
115;115;13;1;3;119;5
156;156;18;0;3;119;6
649;649;31;1;8;119;7
623;623;42;4;8;119;8
324;324;28;2;3;120;1
571;571;40;3;8;120;2
165;165;10;1;1;120;3
302;302;27;2;7;120;4
139;139;12;0;1;120;5
162;163;13;1;5;120;6
579;580;38;1;7;120;7
622;622;48;3;7;120;8
378;378;24;5;5;121;1
716;716;47;2;6;121;2
192;192;22;1;3;121;3
346;346;27;0;4;121;4
160;160;14;4;5;121;5
181;181;8;1;4;121;6
542;542;43;3;5;121;7
750;751;51;1;6;121;8
231;231;15;1;2;122;1
437;437;34;4;7;122;2
132;133;11;2;2;122;3
323;323;30;1;7;122;4
106;106;9;0;2;122;5
190;190;17;1;3;122;6
507;508;45;6;10;122;7
506;506;50;6;12;122;8
166;166;15;2;1;123;1
364;365;30;2;6;123;2
90;90;9;2;3;123;3
84;84;27;2;6;123;4
43;43;7;1;4;123;5
44;44;11;2;1;123;6
308;309;24;0;9;123;7
354;356;34;3;3;123;8
405;405;28;5;4;124;1
550;550;22;3;6;124;2
197;197;23;3;1;124;3
121;121;20;4;4;124;4
144;144;7;1;2;124;5
146;146;11;1;2;124;6
556;557;25;2;8;124;7
611;611;36;3;4;124;8
517;517;22;4;6;125;1
958;958;53;8;12;125;2
272;272;23;3;5;125;3
374;374;20;4;5;125;4
250;252;10;1;1;125;5
260;260;13;2;2;125;6
916;916;44;7;16;125;7
898;898;54;4;10;125;8
511;512;37;6;9;126;1
992;992;55;4;9;126;2
293;293;19;1;3;126;3
430;430;27;2;4;126;4
305;305;17;2;2;126;5
215;215;22;2;3;126;6
1200;1200;66;9;17;126;7
882;882;62;5;13;126;8
493;493;22;3;6;127;1
948;948;46;6;9;127;2
371;371;21;3;1;127;3
515;515;39;2;10;127;4
314;314;17;1;6;127;5
350;350;24;1;3;127;6
994;996;54;4;10;127;7
1038;1038;65;4;11;127;8
494;494;41;3;16;128;1
879;879;69;7;15;128;2
297;300;29;6;10;128;3
578;578;51;6;15;128;4
370;371;21;0;6;128;5
349;349;34;7;10;128;6
1049;1051;70;7;14;128;7
1112;1113;70;9;11;128;8
610;610;40;8;14;129;1
767;767;46;2;9;129;2
359;360;30;6;9;129;3
566;566;52;5;19;129;4
212;213;28;2;7;129;5
257;257;28;2;7;129;6
1115;1115;79;8;18;129;7
803;806;64;9;17;129;8
528;528;23;2;6;130;1
511;511;36;2;4;130;2
289;289;25;2;5;130;3
119;119;24;2;3;130;4
123;123;12;0;0;130;5
130;130;16;0;3;130;6
686;687;53;4;8;130;7
404;404;37;1;4;130;8
541;541;32;3;7;131;1
959;959;60;5;9;131;2
373;373;20;4;3;131;3
246;246;40;2;10;131;4
271;272;18;1;4;131;5
221;221;17;1;3;131;6
873;873;68;3;16;131;7
906;907;59;3;12;131;8
705;705;41;6;12;132;1
1175;1176;80;8;13;132;2
444;444;36;5;9;132;3
754;754;50;4;10;132;4
520;520;28;0;5;132;5
347;348;26;2;8;132;6
1238;1239;67;6;9;132;7
1260;1261;86;9;19;132;8
631;631;43;4;13;133;1
1096;1096;78;7;18;133;2
542;542;36;5;7;133;3
749;749;51;8;13;133;4
462;462;35;1;8;133;5
533;534;44;1;7;133;6
1452;1452;78;7;14;133;7
1581;1581;96;2;22;133;8
720;720;41;6;15;134;1
1192;1192;78;7;25;134;2
539;540;35;5;10;134;3
847;847;52;7;10;134;4
455;455;27;2;4;134;5
424;424;36;1;5;134;6
1669;1669;85;8;20;134;7
1482;1483;106;10;24;134;8
688;688;47;1;16;135;1
1226;1226;92;6;24;135;2
583;585;40;2;3;135;3
912;913;72;7;15;135;4
558;558;33;2;9;135;5
371;371;41;3;7;135;6
1484;1485;117;8;28;135;7
1397;1397;89;8;17;135;8
624;624;26;4;8;136;1
1000;1000;68;5;20;136;2
505;506;38;7;11;136;3
765;765;62;7;16;136;4
423;426;25;1;4;136;5
357;358;35;3;5;136;6
1332;1332;105;6;19;136;7
1187;1196;98;5;21;136;8
451;451;32;2;7;137;1
977;977;81;10;13;137;2
364;364;29;4;10;137;3
244;244;39;8;7;137;4
171;171;8;0;2;137;5
184;184;12;0;1;137;6
756;756;65;5;19;137;7
501;502;69;4;15;137;8
554;554;31;4;7;138;1
973;973;77;11;24;138;2
421;421;46;6;8;138;3
335;335;34;5;3;138;4
392;392;20;0;6;138;5
297;297;24;4;8;138;6
1210;1211;86;3;11;138;7
1094;1097;71;5;19;138;8
886;886;50;3;11;139;1
1409;1409;93;9;26;139;2
835;835;45;2;12;139;3
882;882;57;1;17;139;4
591;591;29;2;11;139;5
568;568;37;3;5;139;6
1911;1911;116;9;23;139;7
1703;1708;110;8;15;139;8
982;982;46;11;12;140;1
1327;1329;83;5;22;140;2
670;670;41;4;12;140;3
797;797;52;5;14;140;4
557;558;40;2;9;140;5
479;479;45;9;10;140;6
1716;1716;104;9;31;140;7
1407;1408;99;10;28;140;8
762;762;52;5;13;141;1
1324;1325;98;7;35;141;2
620;620;48;9;15;141;3
892;892;81;7;21;141;4
555;555;26;1;6;141;5
439;439;33;1;7;141;6
1641;1642;96;7;30;141;7
1428;1430;83;7;21;141;8
760;760;48;7;8;142;1
1281;1282;88;16;33;142;2
667;667;42;4;11;142;3
880;880;58;8;17;142;4
491;491;29;3;8;142;5
607;607;39;4;13;142;6
1694;1699;114;15;38;142;7
1228;1229;98;2;19;142;8
606;607;55;10;14;143;1
1020;1021;73;6;46;143;2
644;646;57;6;18;143;3
761;761;64;7;11;143;4
417;417;25;1;2;143;5
409;411;31;6;7;143;6
1342;1343;82;5;21;143;7
1191;1191;92;7;18;143;8
498;498;22;3;6;144;1
582;583;36;2;11;144;2
397;397;30;7;4;144;3
172;172;23;5;5;144;4
165;165;7;0;1;144;5
172;172;19;2;4;144;6
753;753;58;7;16;144;7
508;511;61;4;17;144;8
593;593;31;3;7;145;1
873;876;55;6;13;145;2
365;365;32;8;4;145;3
268;268;30;4;4;145;4
305;305;30;1;9;145;5
292;292;16;3;4;145;6
874;874;63;7;13;145;7
737;739;59;7;20;145;8
728;728;38;9;13;146;1
1309;1313;76;8;31;146;2
639;639;48;10;18;146;3
808;808;46;6;10;146;4
500;502;28;2;4;146;5
575;576;42;3;12;146;6
1693;1694;100;10;20;146;7
1442;1442;88;11;20;146;8
699;699;33;6;10;147;1
1171;1172;79;8;27;147;2
573;573;43;7;14;147;3
661;661;50;7;15;147;4
435;435;25;3;5;147;5
502;502;30;0;2;147;6
1498;1498;87;10;28;147;7
1185;1189;70;8;10;147;8
672;672;37;5;11;148;1
1167;1167;80;8;53;148;2
589;589;34;7;13;148;3
621;621;53;10;10;148;4
433;434;27;2;5;148;5
468;469;38;2;17;148;6
1441;1441;66;6;22;148;7
1116;1118;63;13;13;148;8
681;681;44;5;13;149;1
1091;1091;69;4;17;149;2
480;480;23;5;5;149;3
665;665;45;10;16;149;4
475;475;26;1;11;149;5
453;453;30;0;9;149;6
1442;1442;80;5;18;149;7
1030;1030;51;6;14;149;8
403;403;28;5;6;150;1
925;926;62;9;25;150;2
417;417;20;1;3;150;3
591;591;43;7;9;150;4
344;344;24;0;5;150;5
377;377;26;4;8;150;6
1225;1228;82;10;35;150;7
787;787;54;7;14;150;8
293;293;19;4;4;151;1
385;385;20;5;10;151;2
237;237;19;2;2;151;3
162;162;23;4;6;151;4
81;81;2;0;2;151;5
181;181;15;1;0;151;6
479;480;48;8;12;151;7
303;303;26;4;7;151;8
474;474;23;7;6;152;1
627;628;33;1;12;152;2
275;275;19;6;4;152;3
190;190;22;5;5;152;4
176;176;16;3;3;152;5
209;209;16;2;4;152;6
720;720;52;9;18;152;7
644;644;36;6;7;152;8
447;448;26;3;5;153;1
804;804;49;3;38;153;2
432;432;26;2;5;153;3
522;522;41;6;7;153;4
277;277;14;1;2;153;5
373;374;20;0;1;153;6
1007;1009;49;2;5;153;7
614;616;40;4;9;153;8
275;276;16;5;3;154;1
538;538;32;1;14;154;2
243;243;15;3;2;154;3
380;380;30;2;8;154;4
181;181;6;0;1;154;5
233;233;16;3;3;154;6
780;781;44;4;11;154;7
621;621;49;3;8;154;8
301;301;21;6;7;155;1
284;285;24;3;15;155;2
193;193;14;3;0;155;3
181;181;25;6;3;155;4
58;58;6;1;2;155;5
181;181;18;2;2;155;6
487;490;42;4;24;155;7
227;227;18;0;4;155;8
348;348;12;4;7;156;1
613;613;33;5;11;156;2
279;279;20;4;5;156;3
377;378;27;1;5;156;4
133;136;7;2;3;156;5
352;352;20;4;4;156;6
835;835;45;5;3;156;7
468;468;25;4;2;156;8
228;228;16;3;5;157;1
443;443;30;3;8;157;2
220;220;20;5;3;157;3
303;303;26;3;8;157;4
96;97;3;0;1;157;5
167;168;13;2;2;157;6
555;555;37;2;13;157;7
444;445;24;6;4;157;8
131;132;10;1;1;158;1
326;326;14;3;4;158;2
99;99;14;1;2;158;3
87;87;10;4;2;158;4
34;34;2;0;0;158;5
113;113;13;0;2;158;6
197;197;19;1;5;158;7
120;120;9;1;2;158;8
71;72;8;1;1;159;1
272;272;14;2;6;159;2
93;93;9;1;0;159;3
80;80;9;2;3;159;4
25;25;2;0;0;159;5
130;130;2;0;0;159;6
245;245;25;5;4;159;7
190;190;19;1;3;159;8
107;107;9;5;2;160;1
128;128;4;0;1;160;2
88;89;4;1;1;160;3
74;74;11;3;5;160;4
70;70;5;3;1;160;5
55;55;8;0;1;160;6
201;201;19;5;6;160;7
92;92;12;4;2;160;8
207;207;8;3;3;161;1
332;332;16;4;4;161;2
187;187;12;2;4;161;3
119;119;9;1;4;161;4
130;130;5;2;0;161;5
146;146;6;1;1;161;6
348;349;22;0;6;161;7
299;299;18;3;2;161;8
188;188;13;3;4;162;1
419;419;21;2;9;162;2
134;134;7;0;1;162;3
236;236;31;2;11;162;4
81;81;4;1;1;162;5
166;166;10;1;2;162;6
449;449;17;0;1;162;7
311;311;27;5;8;162;8
130;130;3;1;0;163;1
381;381;17;2;2;163;2
132;132;12;1;1;163;3
175;175;23;3;5;163;4
91;91;8;0;2;163;5
190;190;17;2;2;163;6
416;416;20;1;4;163;7
274;274;13;2;5;163;8
115;115;7;1;3;164;1
292;292;22;3;5;164;2
101;101;12;0;3;164;3
129;130;13;4;3;164;4
74;74;6;3;1;164;5
107;107;8;0;2;164;6
285;285;18;2;6;164;7
164;164;11;0;1;164;8
65;65;5;0;2;165;1
133;133;6;0;1;165;2
34;34;6;0;2;165;3
53;53;12;2;2;165;4
24;24;0;0;0;165;5
82;82;8;1;2;165;6
77;77;7;2;2;165;7
80;80;3;1;2;165;8
59;59;7;1;1;166;1
138;138;11;0;0;166;2
44;44;4;0;1;166;3
56;56;2;0;1;166;4
14;14;2;0;0;166;5
60;60;5;0;1;166;6
100;100;8;0;0;166;7
107;107;7;0;2;166;8
76;76;5;1;1;167;1
59;59;5;0;1;167;2
47;47;6;0;2;167;3
23;23;4;1;1;167;4
27;27;1;0;0;167;5
62;62;4;1;2;167;6
87;87;5;0;1;167;7
54;54;9;4;3;167;8
87;87;6;0;1;168;1
180;180;6;1;3;168;2
87;88;10;1;1;168;3
56;56;6;1;2;168;4
39;39;2;0;1;168;5
99;99;5;1;1;168;6
192;192;13;1;4;168;7
199;199;13;1;2;168;8
122;122;10;1;2;169;1
265;265;11;0;1;169;2
98;98;8;0;3;169;3
150;150;10;1;6;169;4
75;75;4;0;0;169;5
120;120;4;0;0;169;6
261;261;18;0;1;169;7
223;223;16;3;1;169;8
113;113;8;1;5;170;1
213;213;19;2;3;170;2
104;104;6;0;0;170;3
142;143;13;1;7;170;4
65;65;4;1;2;170;5
108;108;7;0;4;170;6
209;210;13;0;2;170;7
201;202;17;2;4;170;8
114;114;9;3;2;171;1
150;150;10;1;1;171;2
109;109;9;0;4;171;3
126;127;16;5;5;171;4
28;28;1;0;1;171;5
95;95;6;0;2;171;6
159;159;12;3;3;171;7
128;129;6;1;1;171;8
45;45;2;0;0;172;1
82;82;9;1;2;172;2
37;37;5;0;3;172;3
28;28;6;0;3;172;4
14;14;2;0;1;172;5
34;34;4;0;1;172;6
47;47;7;1;4;172;7
48;48;6;0;1;172;8
99;99;3;0;0;173;1
145;145;8;0;1;173;2
53;53;5;2;0;173;3
51;51;5;0;2;173;4
29;29;3;0;1;173;5
78;78;6;1;0;173;6
126;126;15;2;3;173;7
100;100;3;0;1;173;8
153;153;10;2;5;174;1
188;188;6;1;0;174;2
82;82;5;1;0;174;3
209;210;19;1;6;174;4
65;65;3;1;1;174;5
135;135;9;0;1;174;6
198;198;8;0;1;174;7
149;149;9;2;1;174;8
138;138;3;0;0;175;1
170;170;8;2;2;175;2
106;106;6;1;7;175;3
125;125;17;2;3;175;4
59;59;5;0;0;175;5
144;144;15;1;3;175;6
187;187;3;0;2;175;7
179;179;15;1;2;175;8
109;109;6;0;0;176;1
215;215;13;2;3;176;2
79;79;2;0;0;176;3
155;155;13;2;5;176;4
99;99;4;0;1;176;5
143;143;12;2;2;176;6
220;220;8;0;1;176;7
156;156;11;2;1;176;8
162;162;17;0;3;177;1
217;217;16;4;3;177;2
94;94;6;0;2;177;3
141;141;17;4;7;177;4
76;76;3;0;1;177;5
162;162;15;1;5;177;6
269;269;14;2;2;177;7
218;219;16;1;2;177;8
47;47;4;1;0;178;1
168;168;8;0;1;178;2
119;119;8;0;13;178;3
118;119;8;1;1;178;4
54;55;3;0;0;178;5
114;114;13;2;3;178;6
158;159;13;1;3;178;7
139;140;12;1;2;178;8
62;62;9;1;1;179;1
59;59;9;2;2;179;2
28;28;1;1;0;179;3
39;39;7;2;2;179;4
38;38;3;0;0;179;5
61;61;10;2;4;179;6
71;71;12;0;0;179;7
59;59;5;0;1;179;8
127;128;10;2;4;180;1
184;184;9;0;3;180;2
84;85;9;2;5;180;3
58;58;11;1;4;180;4
57;57;3;1;1;180;5
80;81;7;0;0;180;6
103;104;7;0;0;180;7
129;129;8;1;1;180;8
123;123;9;0;3;181;1
225;225;18;2;3;181;2
171;172;17;0;9;181;3
129;129;17;1;5;181;4
105;105;4;0;0;181;5
202;202;19;3;3;181;6
198;198;21;1;3;181;7
197;198;20;5;6;181;8
153;153;8;2;0;182;1
241;241;8;0;3;182;2
94;94;3;0;1;182;3
131;131;16;2;3;182;4
129;129;6;0;1;182;5
118;118;11;2;6;182;6
214;214;11;0;1;182;7
218;219;18;1;6;182;8
75;75;16;4;3;183;1
142;142;8;0;1;183;2
75;75;3;0;1;183;3
113;113;12;1;1;183;4
63;63;6;0;1;183;5
127;127;12;1;5;183;6
102;102;8;0;2;183;7
184;184;16;2;2;183;8
42;42;2;1;0;184;1
57;58;5;0;2;184;2
61;62;8;2;2;184;3
30;30;5;0;0;184;4
29;29;7;0;1;184;5
43;44;5;0;0;184;6
58;58;7;1;1;184;7
75;76;15;0;5;184;8
51;51;2;0;0;185;1
76;76;7;0;0;185;2
58;58;5;0;2;185;3
31;31;9;3;3;185;4
38;38;6;0;1;185;5
82;82;11;2;4;185;6
56;56;8;0;1;185;7
69;69;7;0;3;185;8
62;62;2;0;1;186;1
118;118;13;3;2;186;2
45;45;4;0;0;186;3
22;22;8;2;2;186;4
33;33;2;0;1;186;5
59;59;5;1;0;186;6
33;33;6;1;1;186;7
48;48;7;1;3;186;8
142;142;16;3;4;187;1
178;178;20;1;1;187;2
75;75;12;2;3;187;3
27;27;2;0;1;187;4
48;48;5;0;3;187;5
61;61;7;1;1;187;6
123;123;4;0;0;187;7
132;132;7;0;2;187;8
75;75;6;3;4;188;1
259;260;9;4;1;188;2
127;127;5;0;3;188;3
133;133;9;0;4;188;4
119;120;7;0;2;188;5
150;150;4;0;0;188;6
195;195;10;1;2;188;7
176;176;13;3;1;188;8
122;122;6;0;1;189;1
210;210;16;3;5;189;2
135;135;2;0;0;189;3
116;116;7;0;1;189;4
109;109;7;0;1;189;5
118;119;14;0;3;189;6
199;199;14;0;2;189;7
178;179;10;0;0;189;8
117;117;6;0;2;190;1
270;270;10;1;6;190;2
105;106;7;2;2;190;3
135;136;14;0;4;190;4
136;136;10;0;0;190;5
128;129;13;1;4;190;6
209;209;13;1;0;190;7
232;232;20;2;5;190;8
161;161;19;2;7;191;1
284;284;20;1;3;191;2
140;140;9;0;3;191;3
153;153;15;3;3;191;4
95;95;4;1;1;191;5
187;188;12;3;3;191;6
179;179;14;3;3;191;7
236;236;18;1;2;191;8
66;66;8;1;1;192;1
134;134;9;0;3;192;2
90;90;5;1;1;192;3
161;161;11;2;2;192;4
65;66;5;0;1;192;5
108;109;21;1;7;192;6
149;150;6;0;1;192;7
209;210;17;2;4;192;8
42;42;13;3;4;193;1
102;102;9;0;1;193;2
51;51;6;2;4;193;3
44;44;13;4;4;193;4
23;23;1;0;0;193;5
55;55;11;1;1;193;6
86;86;9;1;1;193;7
65;65;7;1;1;193;8
155;155;9;1;7;194;1
248;248;16;1;4;194;2
83;83;5;0;3;194;3
41;41;7;0;1;194;4
54;54;6;1;0;194;5
109;109;12;1;6;194;6
127;127;9;1;3;194;7
126;126;14;2;2;194;8
166;166;13;2;2;195;1
350;350;21;2;5;195;2
191;191;12;2;4;195;3
205;205;15;3;4;195;4
148;148;12;1;1;195;5
152;153;5;0;3;195;6
357;358;22;1;3;195;7
272;272;24;5;7;195;8
188;188;18;2;1;196;1
390;390;20;2;5;196;2
109;109;9;1;0;196;3
203;203;26;1;6;196;4
130;131;4;0;0;196;5
156;157;13;1;3;196;6
251;252;23;1;7;196;7
317;317;15;1;4;196;8
171;171;21;0;3;197;1
376;376;25;2;4;197;2
191;191;21;1;12;197;3
279;279;18;4;3;197;4
163;163;19;2;1;197;5
140;140;15;3;5;197;6
237;237;17;1;2;197;7
298;299;14;1;5;197;8
201;202;13;4;3;198;1
411;411;24;4;6;198;2
173;173;11;2;2;198;3
314;314;24;2;4;198;4
180;184;11;0;0;198;5
244;246;24;1;1;198;6
289;289;17;1;7;198;7
334;334;22;2;8;198;8
124;124;13;5;2;199;1
249;249;24;4;2;199;2
112;112;7;0;1;199;3
294;294;32;1;11;199;4
74;74;5;0;1;199;5
130;130;7;1;2;199;6
212;212;20;4;5;199;7
277;277;23;3;4;199;8
71;71;9;2;3;200;1
229;229;27;1;7;200;2
51;51;2;1;1;200;3
59;59;14;2;2;200;4
35;35;5;0;1;200;5
105;105;11;0;2;200;6
102;103;14;1;5;200;7
144;144;21;1;2;200;8
184;184;11;4;1;201;1
413;414;16;0;3;201;2
119;120;12;1;1;201;3
100;100;19;2;4;201;4
111;111;7;0;1;201;5
162;162;9;1;1;201;6
201;201;21;1;8;201;7
310;311;25;3;6;201;8
192;192;11;2;2;202;1
434;434;24;2;3;202;2
196;196;20;4;7;202;3
503;504;24;3;8;202;4
192;192;8;1;1;202;5
335;336;25;0;4;202;6
394;394;33;2;12;202;7
493;493;21;2;4;202;8
262;262;9;2;3;203;1
492;493;20;3;1;203;2
223;224;18;1;4;203;3
470;471;33;1;8;203;4
198;200;13;0;1;203;5
239;239;17;0;5;203;6
364;364;32;4;12;203;7
669;670;37;2;2;203;8
283;283;13;4;8;204;1
525;525;36;3;8;204;2
226;226;19;0;6;204;3
487;487;35;4;8;204;4
250;251;18;1;1;204;5
357;358;21;2;2;204;6
389;390;35;6;8;204;7
685;687;35;5;6;204;8
259;259;22;4;3;205;1
494;495;35;1;4;205;2
261;263;17;3;3;205;3
602;602;45;4;9;205;4
255;255;13;3;1;205;5
342;342;19;0;2;205;6
383;383;25;1;7;205;7
782;783;50;4;10;205;8
172;172;12;4;1;206;1
405;407;27;5;5;206;2
195;195;24;4;5;206;3
449;449;47;4;12;206;4
119;120;13;1;0;206;5
205;206;37;2;8;206;6
282;282;22;1;7;206;7
634;634;43;7;5;206;8
113;113;4;1;1;207;1
320;320;12;0;2;207;2
104;104;14;1;6;207;3
134;134;21;3;3;207;4
33;33;1;0;0;207;5
129;129;10;0;2;207;6
208;208;20;0;3;207;7
324;324;20;2;2;207;8
203;203;13;5;3;208;1
477;477;24;0;2;208;2
179;179;16;1;2;208;3
367;367;37;4;6;208;4
107;108;11;0;2;208;5
235;235;16;2;5;208;6
283;283;31;3;5;208;7
455;455;25;2;7;208;8
327;327;12;1;2;209;1
665;665;40;6;6;209;2
262;263;22;4;5;209;3
809;809;54;4;16;209;4
218;219;14;0;3;209;5
479;479;38;0;11;209;6
473;473;25;2;3;209;7
922;925;61;10;20;209;8
352;352;12;3;1;210;1
498;498;36;7;8;210;2
327;327;32;3;8;210;3
814;815;63;9;21;210;4
259;260;6;1;1;210;5
466;467;39;2;9;210;6
528;528;32;0;5;210;7
1038;1039;54;6;13;210;8
266;267;13;3;2;211;1
581;582;39;5;12;211;2
324;324;29;5;6;211;3
939;940;53;8;16;211;4
339;340;17;2;2;211;5
440;440;33;4;8;211;6
537;537;43;5;8;211;7
993;994;61;6;16;211;8
303;303;19;2;6;212;1
550;550;28;5;9;212;2
395;395;35;2;10;212;3
937;937;59;5;27;212;4
279;279;16;0;2;212;5
376;376;27;2;5;212;6
471;472;32;2;6;212;7
1049;1049;62;4;13;212;8
220;220;11;1;6;213;1
424;424;41;7;8;213;2
331;331;32;2;5;213;3
689;689;61;4;12;213;4
214;215;15;1;3;213;5
477;477;37;3;9;213;6
464;464;36;2;8;213;7
937;937;77;5;19;213;8
145;145;5;1;2;214;1
417;417;19;2;8;214;2
194;194;18;1;5;214;3
195;195;27;0;11;214;4
49;49;2;0;0;214;5
235;235;19;0;8;214;6
226;226;20;2;3;214;7
434;434;48;7;9;214;8
299;300;15;4;3;215;1
483;483;35;3;13;215;2
365;366;28;6;6;215;3
481;481;58;6;17;215;4
124;124;9;1;1;215;5
413;413;38;1;13;215;6
342;342;28;3;7;215;7
677;678;49;4;8;215;8
294;295;11;1;2;216;1
534;534;40;7;10;216;2
401;401;38;7;9;216;3
1157;1159;82;16;20;216;4
267;267;17;0;3;216;5
414;415;34;2;7;216;6
671;671;53;6;7;216;7
1280;1280;89;12;17;216;8
233;233;11;0;4;217;1
504;504;37;4;15;217;2
408;409;29;1;6;217;3
1045;1046;78;7;23;217;4
253;253;13;1;2;217;5
535;536;31;5;11;217;6
579;580;34;3;6;217;7
1181;1182;70;4;20;217;8
353;353;24;5;4;218;1
456;456;36;9;11;218;2
486;486;35;2;12;218;3
1123;1123;78;9;26;218;4
181;181;18;0;2;218;5
402;404;48;8;13;218;6
527;528;54;6;11;218;7
1236;1237;90;6;23;218;8
179;179;17;4;5;219;1
344;344;27;2;9;219;2
366;366;30;4;6;219;3
971;971;78;8;17;219;4
191;191;13;0;2;219;5
401;402;44;1;10;219;6
432;432;36;2;5;219;7
1028;1032;85;5;25;219;8
163;163;15;6;6;220;1
164;164;12;2;2;220;2
202;203;25;0;6;220;3
258;258;34;6;12;220;4
95;95;9;0;1;220;5
237;237;25;2;5;220;6
148;148;19;2;3;220;7
461;461;58;5;12;220;8
118;118;10;3;6;221;1
266;266;16;6;3;221;2
246;246;26;1;4;221;3
238;238;47;2;16;221;4
112;112;9;0;2;221;5
415;415;42;1;15;221;6
187;187;24;1;10;221;7
512;512;72;11;21;221;8
210;210;14;1;2;222;1
388;388;26;7;9;222;2
352;353;19;2;5;222;3
648;648;54;8;15;222;4
148;148;9;1;2;222;5
359;359;33;7;7;222;6
265;266;21;1;6;222;7
763;765;46;4;12;222;8
287;287;10;1;4;223;1
448;448;25;5;9;223;2
455;456;40;2;7;223;3
1090;1091;66;12;19;223;4
301;302;17;0;6;223;5
513;513;32;4;9;223;6
508;508;36;5;11;223;7
1355;1355;94;8;25;223;8
216;216;12;2;1;224;1
465;466;22;0;7;224;2
494;495;37;3;13;224;3
1203;1203;77;3;25;224;4
252;254;6;1;0;224;5
500;500;53;4;20;224;6
508;508;47;11;12;224;7
1302;1303;88;12;28;224;8
273;273;12;2;4;225;1
365;365;12;2;3;225;2
590;593;36;2;6;225;3
1276;1277;81;9;22;225;4
262;263;9;1;2;225;5
523;524;52;2;14;225;6
464;464;28;3;9;225;7
1271;1273;91;8;20;225;8
231;231;13;2;5;226;1
372;372;26;7;7;226;2
487;487;26;2;11;226;3
1068;1068;69;8;17;226;4
264;264;20;1;2;226;5
467;467;22;1;3;226;6
416;417;42;7;12;226;7
1175;1177;100;10;25;226;8
150;150;6;2;1;227;1
224;226;18;1;2;227;2
355;356;26;5;5;227;3
918;919;65;6;27;227;4
132;133;8;0;1;227;5
385;387;31;2;8;227;6
377;378;19;2;0;227;7
1016;1020;88;13;23;227;8
121;121;8;2;1;228;1
211;211;10;3;4;228;2
149;149;23;1;4;228;3
254;254;47;4;6;228;4
58;58;1;0;0;228;5
298;298;33;1;7;228;6
122;123;13;1;4;228;7
456;456;49;6;9;228;8
117;117;8;0;3;229;1
343;343;22;3;7;229;2
367;367;38;2;4;229;3
858;858;50;6;15;229;4
143;143;4;1;2;229;5
318;318;36;1;6;229;6
249;249;15;0;1;229;7
769;770;59;4;19;229;8
232;235;15;1;4;230;1
289;290;13;0;5;230;2
475;475;32;3;9;230;3
1066;1066;42;5;13;230;4
217;218;7;0;2;230;5
604;604;36;6;20;230;6
470;470;27;4;9;230;7
1328;1329;85;5;22;230;8
261;261;19;1;3;231;1
304;304;10;2;3;231;2
500;500;43;1;17;231;3
1177;1177;85;8;19;231;4
245;245;9;0;3;231;5
439;439;40;2;11;231;6
392;394;14;0;4;231;7
1297;1299;85;10;21;231;8
215;215;3;0;0;232;1
347;347;27;3;14;232;2
515;516;32;0;10;232;3
1193;1193;52;7;17;232;4
185;185;11;0;5;232;5
473;473;41;4;11;232;6
416;416;23;2;5;232;7
1196;1196;76;11;23;232;8
152;152;12;3;3;233;1
239;239;19;2;7;233;2
466;466;44;2;18;233;3
1036;1036;49;2;9;233;4
118;118;7;0;0;233;5
349;349;21;2;3;233;6
338;338;27;0;5;233;7
1060;1060;56;4;10;233;8
93;93;4;0;0;234;1
166;166;12;2;9;234;2
302;303;36;3;9;234;3
813;813;44;5;12;234;4
88;88;3;0;0;234;5
240;241;18;2;8;234;6
218;219;29;0;4;234;7
768;768;61;8;13;234;8
87;87;7;3;2;235;1
113;113;13;0;4;235;2
117;117;7;0;2;235;3
188;188;29;1;16;235;4
81;81;6;0;1;235;5
152;153;17;1;7;235;6
134;134;17;0;5;235;7
407;407;41;7;8;235;8
191;191;11;1;1;236;1
244;244;20;1;14;236;2
277;277;21;1;1;236;3
606;606;27;4;11;236;4
66;66;6;0;1;236;5
293;293;22;2;4;236;6
182;182;14;3;4;236;7
667;669;48;6;8;236;8
100;100;4;0;0;237;1
216;216;14;1;6;237;2
320;320;24;4;1;237;3
877;877;43;3;10;237;4
115;115;6;0;0;237;5
405;405;30;2;4;237;6
336;337;23;3;4;237;7
876;877;49;5;8;237;8
114;115;8;1;1;238;1
240;240;28;0;9;238;2
262;262;14;2;3;238;3
940;940;27;3;17;238;4
111;112;6;0;1;238;5
385;385;21;2;6;238;6
299;299;14;0;2;238;7
1111;1114;76;6;17;238;8
98;100;4;1;3;239;1
213;222;25;0;7;239;2
313;313;14;0;2;239;3
720;720;29;2;3;239;4
68;68;2;0;0;239;5
373;374;30;6;5;239;6
332;332;28;4;8;239;7
810;816;61;4;17;239;8
42;43;8;0;4;240;1
86;87;6;1;3;240;2
263;263;22;2;3;240;3
430;431;21;1;5;240;4
55;55;1;0;0;240;5
197;197;12;1;1;240;6
169;169;14;1;3;240;7
555;556;51;3;11;240;8
37;37;6;0;2;241;1
62;62;3;0;2;241;2
132;132;9;0;3;241;3
197;197;17;4;3;241;4
32;32;5;1;1;241;5
157;157;20;3;6;241;6
92;92;14;1;2;241;7
313;313;34;1;7;241;8
45;47;9;1;3;242;1
72;72;10;1;1;242;2
149;149;12;3;1;242;3
162;162;23;1;7;242;4
19;19;2;0;0;242;5
122;123;12;0;3;242;6
135;135;15;3;6;242;7
395;395;31;1;5;242;8
82;83;12;1;2;243;1
138;138;7;2;3;243;2
262;262;15;2;2;243;3
436;436;23;0;8;243;4
79;79;10;0;0;243;5
202;204;14;1;6;243;6
189;189;16;2;5;243;7
492;493;42;3;8;243;8
64;64;9;0;3;244;1
190;190;9;0;7;244;2
304;304;21;1;5;244;3
593;593;15;2;2;244;4
37;37;2;0;1;244;5
282;282;11;0;2;244;6
307;309;19;1;4;244;7
835;837;41;2;4;244;8
115;115;5;0;0;245;1
143;144;11;1;1;245;2
253;253;18;2;5;245;3
516;516;19;1;5;245;4
77;77;6;0;2;245;5
254;255;13;0;1;245;6
273;273;20;1;5;245;7
780;780;35;2;5;245;8
115;116;6;0;1;246;1
190;190;11;3;5;246;2
227;228;17;2;4;246;3
520;520;21;3;10;246;4
43;43;1;0;0;246;5
283;283;18;2;4;246;6
213;213;21;2;8;246;7
453;453;26;1;4;246;8
56;56;1;0;1;247;1
117;118;5;2;2;247;2
198;198;19;3;4;247;3
537;537;25;1;9;247;4
61;61;2;0;1;247;5
232;234;16;1;1;247;6
179;180;11;2;2;247;7
554;557;43;3;8;247;8
46;46;6;0;1;248;1
72;72;6;0;1;248;2
126;127;9;1;2;248;3
251;251;17;2;4;248;4
33;33;3;0;0;248;5
148;148;10;0;15;248;6
107;108;13;2;4;248;7
463;463;36;4;6;248;8
82;83;4;1;0;249;1
57;57;4;0;1;249;2
101;101;11;2;2;249;3
129;129;15;3;3;249;4
20;20;5;0;3;249;5
110;111;12;1;9;249;6
126;126;19;2;1;249;7
341;341;21;0;5;249;8
49;49;0;0;0;250;1
126;126;6;1;1;250;2
114;114;9;0;1;250;3
306;306;10;3;4;250;4
10;10;1;0;0;250;5
191;192;13;2;4;250;6
166;166;5;0;2;250;7
289;289;27;1;3;250;8
97;97;2;0;0;251;1
157;157;9;4;2;251;2
191;191;16;2;2;251;3
315;315;9;0;2;251;4
66;67;9;0;5;251;5
169;170;15;3;6;251;6
172;172;4;0;1;251;7
595;598;40;5;15;251;8
98;101;3;1;0;252;1
133;133;8;0;2;252;2
170;170;11;1;3;252;3
370;370;19;3;4;252;4
51;51;4;1;2;252;5
206;207;9;0;2;252;6
199;201;6;0;1;252;7
453;453;24;3;5;252;8
105;106;3;1;1;253;1
116;116;4;0;0;253;2
93;93;3;0;0;253;3
329;329;15;2;1;253;4
45;45;3;0;3;253;5
111;111;13;0;2;253;6
217;217;17;0;6;253;7
428;433;28;2;7;253;8
71;71;6;2;2;254;1
133;133;12;2;5;254;2
112;112;13;1;1;254;3
240;240;11;1;1;254;4
35;35;2;0;1;254;5
143;144;6;2;5;254;6
115;115;6;1;2;254;7
386;386;33;2;3;254;8
41;41;1;0;0;255;1
55;55;2;0;0;255;2
96;96;10;1;0;255;3
148;148;2;0;1;255;4
39;39;1;0;0;255;5
86;86;7;0;1;255;6
99;99;6;1;1;255;7
222;222;23;2;5;255;8
71;71;6;1;1;256;1
56;56;5;1;4;256;2
147;147;11;1;2;256;3
65;65;5;0;1;256;4
23;23;2;1;0;256;5
89;89;5;0;0;256;6
108;108;8;0;2;256;7
145;145;24;0;5;256;8
115;115;4;0;0;257;1
153;153;6;1;2;257;2
160;160;6;0;1;257;3
202;202;15;1;4;257;4
56;56;1;0;0;257;5
134;135;7;1;0;257;6
227;228;32;1;9;257;7
278;279;32;2;4;257;8
70;70;5;0;1;258;1
136;136;12;1;2;258;2
229;229;16;3;5;258;3
193;194;10;1;2;258;4
40;40;3;0;0;258;5
181;181;15;2;1;258;6
196;196;11;1;3;258;7
386;387;26;2;4;258;8
94;94;5;0;0;259;1
166;166;9;0;0;259;2
251;251;17;1;6;259;3
203;203;4;0;3;259;4
34;34;4;0;0;259;5
102;102;3;0;2;259;6
201;201;15;0;1;259;7
457;457;49;2;11;259;8
92;92;6;0;1;260;1
137;137;8;1;2;260;2
124;124;12;0;3;260;3
198;198;14;1;2;260;4
38;38;2;0;0;260;5
96;96;8;0;1;260;6
269;270;13;3;4;260;7
360;360;36;3;4;260;8
86;86;6;0;2;261;1
121;121;8;2;2;261;2
185;185;19;3;6;261;3
196;196;9;1;4;261;4
42;42;4;0;0;261;5
109;109;11;1;2;261;6
231;231;15;1;3;261;7
332;332;32;1;5;261;8
33;33;2;0;0;262;1
70;70;6;0;0;262;2
42;42;11;1;2;262;3
107;107;6;0;2;262;4
10;10;0;0;0;262;5
108;108;11;0;1;262;6
256;256;14;0;7;262;7
271;271;41;4;9;262;8
75;76;4;1;1;263;1
98;98;6;1;1;263;2
72;72;10;1;4;263;3
42;42;4;1;1;263;4
5;5;0;0;0;263;5
68;68;4;1;1;263;6
193;194;14;0;2;263;7
211;211;26;3;5;263;8
81;81;4;2;0;264;1
163;163;8;1;2;264;2
103;103;12;1;4;264;3
122;123;9;0;5;264;4
37;37;1;0;0;264;5
118;118;11;0;2;264;6
210;210;17;2;3;264;7
315;315;30;3;8;264;8
102;102;1;0;0;265;1
242;242;5;0;1;265;2
263;263;29;3;14;265;3
160;161;17;1;6;265;4
34;34;0;0;0;265;5
143;143;12;1;2;265;6
202;203;14;1;5;265;7
474;475;25;3;7;265;8
125;125;5;1;0;266;1
193;194;12;1;2;266;2
150;150;14;1;2;266;3
125;125;13;0;4;266;4
23;23;0;0;0;266;5
110;110;6;0;0;266;6
331;332;11;1;2;266;7
299;299;16;0;0;266;8
129;129;6;0;0;267;1
225;225;15;0;2;267;2
141;141;18;2;2;267;3
117;117;9;1;4;267;4
23;23;2;0;0;267;5
86;86;11;2;1;267;6
288;288;18;1;6;267;7
494;495;26;4;8;267;8
104;104;6;0;2;268;1
112;113;6;0;1;268;2
151;151;16;2;6;268;3
101;102;8;0;0;268;4
40;40;6;0;2;268;5
84;84;11;2;3;268;6
238;239;13;3;2;268;7
266;266;22;1;2;268;8
39;39;4;0;2;269;1
77;77;7;1;2;269;2
106;106;14;1;5;269;3
80;80;6;0;0;269;4
18;18;3;1;2;269;5
34;34;3;2;2;269;6
165;166;10;1;1;269;7
288;288;40;3;6;269;8
96;96;6;2;1;270;1
111;111;7;0;0;270;2
71;72;10;3;3;270;3
61;61;5;0;2;270;4
20;20;1;0;0;270;5
75;75;4;0;1;270;6
201;201;14;0;2;270;7
144;144;19;0;1;270;8
74;74;5;2;1;271;1
168;168;6;0;0;271;2
114;114;7;2;0;271;3
72;73;3;1;1;271;4
44;44;0;0;0;271;5
64;64;5;0;2;271;6
228;228;21;2;0;271;7
211;211;33;5;8;271;8
79;79;6;1;0;272;1
248;249;15;4;4;272;2
190;191;11;3;1;272;3
157;157;8;0;1;272;4
24;24;0;0;0;272;5
94;94;5;0;1;272;6
348;348;28;1;12;272;7
406;406;46;1;9;272;8
163;163;6;3;2;273;1
159;161;8;3;2;273;2
150;150;11;0;1;273;3
156;156;7;1;2;273;4
24;24;2;0;0;273;5
47;47;5;0;1;273;6
242;243;23;2;2;273;7
280;280;28;2;9;273;8
151;151;9;0;1;274;1
176;176;6;2;2;274;2
194;194;6;0;1;274;3
170;172;10;1;2;274;4
16;16;0;0;0;274;5
103;103;11;0;0;274;6
291;291;28;5;3;274;7
277;277;20;3;3;274;8
115;115;2;0;0;275;1
153;153;8;1;4;275;2
77;78;2;0;1;275;3
154;154;3;1;1;275;4
33;33;1;0;1;275;5
69;69;6;0;2;275;6
197;197;15;1;6;275;7
196;196;24;3;6;275;8
108;108;9;1;2;276;1
63;63;7;0;0;276;2
47;47;8;0;2;276;3
97;97;9;0;0;276;4
11;11;1;0;0;276;5
19;19;0;0;0;276;6
279;279;25;2;3;276;7
129;129;26;2;7;276;8
124;124;10;0;1;277;1
187;189;21;0;9;277;2
26;26;6;1;2;277;3
52;52;2;1;2;277;4
9;9;0;0;0;277;5
37;39;3;0;0;277;6
274;275;24;4;8;277;7
99;99;10;1;2;277;8
118;118;4;2;2;278;1
143;143;11;1;1;278;2
108;108;9;1;1;278;3
105;105;9;0;3;278;4
35;35;1;0;0;278;5
52;52;1;0;0;278;6
254;256;31;4;6;278;7
238;238;21;2;4;278;8
156;156;4;1;3;279;1
229;229;11;0;3;279;2
140;140;13;2;4;279;3
202;202;14;1;5;279;4
21;21;1;1;0;279;5
71;71;4;0;1;279;6
408;412;36;3;8;279;7
253;253;20;2;3;279;8
131;132;4;1;0;280;1
177;177;8;1;5;280;2
83;84;7;0;1;280;3
159;159;8;4;2;280;4
6;6;1;0;0;280;5
82;82;6;2;3;280;6
227;228;16;1;3;280;7
212;213;35;3;6;280;8
171;172;11;1;0;281;1
181;181;15;1;6;281;2
109;109;8;2;1;281;3
152;153;8;3;1;281;4
15;15;1;0;1;281;5
70;70;3;1;1;281;6
277;278;19;2;2;281;7
167;167;18;1;3;281;8
113;113;7;0;0;282;1
161;161;9;0;1;282;2
87;87;9;0;2;282;3
170;170;10;0;2;282;4
16;16;0;0;0;282;5
61;61;3;0;0;282;6
283;283;17;4;5;282;7
123;123;18;2;0;282;8
141;141;11;1;1;283;1
95;95;13;1;4;283;2
124;124;15;2;2;283;3
73;73;6;1;2;283;4
4;4;0;0;0;283;5
36;36;2;0;0;283;6
297;297;24;3;2;283;7
148;148;20;3;3;283;8
113;114;12;1;1;284;1
77;77;6;3;1;284;2
64;64;7;1;2;284;3
74;74;9;0;2;284;4
16;17;0;0;0;284;5
46;46;2;0;0;284;6
307;308;18;1;2;284;7
99;99;9;1;2;284;8
201;202;10;1;3;285;1
143;144;10;1;2;285;2
121;121;7;2;2;285;3
54;54;4;1;2;285;4
19;19;0;0;0;285;5
53;53;8;2;2;285;6
227;228;17;2;3;285;7
103;103;8;0;1;285;8
76;76;5;0;1;286;1
148;148;8;2;4;286;2
128;129;4;0;0;286;3
91;91;7;1;0;286;4
14;14;0;0;0;286;5
81;81;4;1;1;286;6
409;410;21;2;2;286;7
155;155;8;1;2;286;8
208;208;17;2;5;287;1
141;141;4;1;0;287;2
87;87;11;1;0;287;3
131;131;5;0;2;287;4
22;22;0;0;0;287;5
64;64;4;1;1;287;6
264;266;23;3;4;287;7
169;169;7;0;0;287;8
159;159;11;1;1;288;1
115;115;4;0;0;288;2
99;99;2;1;2;288;3
114;114;3;1;0;288;4
6;6;0;0;0;288;5
49;49;4;0;0;288;6
359;359;28;2;4;288;7
146;146;9;0;0;288;8
121;121;14;1;0;289;1
105;105;6;1;3;289;2
71;71;5;0;1;289;3
97;97;7;0;1;289;4
16;16;0;0;0;289;5
47;47;1;0;0;289;6
287;287;21;3;2;289;7
108;109;10;0;3;289;8
102;102;11;3;3;290;1
77;77;1;0;0;290;2
43;43;1;0;1;290;3
59;59;5;0;0;290;4
2;2;0;0;0;290;5
41;41;2;0;0;290;6
191;191;15;0;2;290;7
102;102;7;2;1;290;8
156;156;14;3;4;291;1
87;87;7;1;2;291;2
102;102;6;2;1;291;3
45;45;1;0;0;291;4
6;6;0;0;0;291;5
26;26;2;0;0;291;6
224;224;12;1;2;291;7
65;65;8;0;1;291;8
153;153;8;0;0;292;1
52;52;1;0;0;292;2
93;93;3;1;0;292;3
72;72;6;2;1;292;4
10;10;0;0;0;292;5
22;22;2;1;1;292;6
227;227;13;2;3;292;7
100;100;4;0;0;292;8
144;145;11;0;1;293;1
97;97;1;0;1;293;2
73;73;4;1;1;293;3
85;85;4;1;2;293;4
7;7;1;1;0;293;5
26;26;1;0;0;293;6
280;280;12;0;1;293;7
67;67;2;1;0;293;8
98;98;8;1;2;294;1
111;111;8;1;1;294;2
62;62;5;2;2;294;3
80;80;1;0;0;294;4
19;19;0;0;0;294;5
45;45;1;0;0;294;6
240;240;11;0;0;294;7
104;104;5;1;1;294;8
135;135;9;1;1;295;1
90;90;3;3;2;295;2
94;94;8;1;0;295;3
80;80;6;0;1;295;4
5;5;0;0;0;295;5
16;16;3;0;0;295;6
206;207;12;1;1;295;7
117;117;6;1;0;295;8
118;118;10;1;3;296;1
91;93;9;0;0;296;2
52;52;2;0;2;296;3
67;67;8;0;1;296;4
14;14;0;0;0;296;5
21;21;0;0;0;296;6
226;226;7;1;2;296;7
66;66;2;0;0;296;8
129;129;12;1;0;297;1
52;52;3;0;0;297;2
47;47;3;0;0;297;3
40;40;3;0;0;297;4
3;3;0;0;0;297;5
17;17;1;0;1;297;6
202;202;12;1;2;297;7
50;50;3;1;0;297;8
65;65;5;0;0;298;1
59;59;2;1;1;298;2
53;53;4;0;0;298;3
29;29;4;0;1;298;4
1;1;0;0;0;298;5
21;21;1;0;0;298;6
138;138;8;2;1;298;7
34;34;2;0;1;298;8
151;151;8;1;0;299;1
89;89;2;0;0;299;2
63;63;2;0;0;299;3
52;52;6;0;2;299;4
3;3;1;0;0;299;5
20;20;0;0;0;299;6
136;136;7;0;1;299;7
75;75;10;3;1;299;8
158;158;12;3;2;300;1
78;78;2;0;0;300;2
66;66;0;0;0;300;3
48;48;4;1;0;300;4
7;7;1;0;0;300;5
13;13;0;0;0;300;6
216;216;7;1;0;300;7
105;105;4;0;0;300;8
163;164;14;2;8;301;1
54;55;4;0;0;301;2
29;29;1;0;0;301;3
46;46;5;1;1;301;4
9;9;2;0;0;301;5
29;29;3;0;0;301;6
207;207;10;2;1;301;7
62;62;2;0;0;301;8
143;143;10;1;0;302;1
55;56;3;0;0;302;2
19;19;1;0;0;302;3
47;47;1;0;0;302;4
17;17;1;0;0;302;5
28;28;3;0;0;302;6
201;201;8;0;1;302;7
54;54;3;1;0;302;8
113;114;9;1;0;303;1
56;56;1;1;0;303;2
28;28;1;0;0;303;3
34;34;0;0;0;303;4
6;6;1;0;0;303;5
5;5;0;0;0;303;6
168;168;5;1;1;303;7
54;54;2;0;0;303;8
69;69;7;0;0;304;1
29;30;2;1;0;304;2
30;30;5;1;0;304;3
16;16;0;0;0;304;4
1;1;0;0;0;304;5
12;12;1;0;0;304;6
82;82;3;0;0;304;7
24;24;0;0;0;304;8
51;51;6;0;0;305;1
34;34;1;1;1;305;2
45;45;1;0;0;305;3
28;28;2;0;0;305;4
3;3;0;0;0;305;6
74;74;10;0;0;305;7
23;24;4;3;1;305;8
119;119;4;2;2;306;1
32;32;4;1;1;306;2
7;7;1;0;0;306;3
14;14;2;0;0;306;4
10;10;0;0;0;306;5
24;24;2;0;0;306;6
93;93;2;0;0;306;7
47;47;0;0;0;306;8
114;114;4;1;0;307;1
28;28;2;0;0;307;2
23;23;0;0;0;307;3
35;35;1;0;0;307;4
3;3;0;0;0;307;5
32;32;1;0;0;307;6
96;96;3;0;0;307;7
32;32;0;0;0;307;8
97;97;7;2;1;308;1
28;28;1;0;0;308;2
30;30;2;1;0;308;3
21;21;1;0;1;308;4
7;7;0;0;0;308;5
21;21;2;0;0;308;6
93;93;4;0;0;308;7
27;27;0;0;0;308;8
97;97;11;1;1;309;1
16;16;2;0;0;309;2
14;14;0;0;0;309;3
21;21;2;0;1;309;4
3;3;1;0;0;309;5
31;31;4;0;0;309;6
113;113;3;1;0;309;7
33;33;1;0;0;309;8
77;77;8;1;1;310;1
10;10;3;0;0;310;2
6;6;0;0;0;310;3
14;14;1;0;0;310;4
4;4;0;0;0;310;5
4;4;2;0;0;310;6
74;75;4;1;0;310;7
48;48;4;1;0;310;8
91;91;10;1;0;311;1
10;10;0;0;0;311;2
17;17;0;0;0;311;3
10;10;1;0;0;311;4
1;1;0;0;0;311;5
3;3;0;0;0;311;6
32;32;2;1;0;311;7
29;29;3;0;0;311;8
94;94;8;3;0;312;1
9;9;1;0;1;312;2
6;6;0;0;0;312;3
8;8;0;0;0;312;4
1;1;0;0;0;312;5
1;1;0;0;0;312;6
26;26;0;0;0;312;7
17;17;1;0;0;312;8
34;34;6;1;1;313;1
26;26;4;0;1;313;2
21;21;1;0;0;313;3
18;18;2;1;0;313;4
3;3;0;0;0;313;5
5;5;0;0;0;313;6
56;56;4;0;1;313;7
29;29;1;0;0;313;8
67;67;4;1;2;314;1
31;31;0;0;0;314;2
29;29;0;0;0;314;3
12;12;0;0;0;314;4
9;9;0;0;0;314;5
11;11;0;0;0;314;6
65;65;2;0;1;314;7
22;22;0;0;0;314;8
85;85;5;0;0;315;1
12;13;0;0;0;315;2
37;37;0;0;0;315;3
21;21;3;0;0;315;4
7;7;1;1;1;315;5
25;25;1;0;0;315;7
16;16;0;0;0;315;8
35;35;5;0;0;316;1
8;8;0;0;0;316;2
15;15;0;0;0;316;3
6;6;0;0;0;316;4
2;2;1;0;0;316;5
4;4;0;0;0;316;6
50;50;2;1;0;316;7
31;31;0;0;0;316;8
23;23;3;1;1;317;1
3;3;1;0;0;317;2
9;9;3;1;0;317;3
9;9;0;0;0;317;4
5;5;1;0;1;317;5
1;1;0;0;0;317;6
37;37;1;0;0;317;7
21;21;2;0;0;317;8
35;35;2;1;0;318;1
3;3;0;0;0;318;2
4;4;0;0;0;318;3
5;5;0;0;0;318;4
1;2;1;1;1;318;6
24;24;4;0;0;318;7
16;16;1;0;0;318;8
21;21;1;0;0;319;1
5;5;0;0;0;319;2
6;6;0;0;0;319;3
12;12;0;0;0;319;4
1;1;0;0;0;319;5
1;1;0;0;0;319;6
10;10;0;0;0;319;7
6;6;0;0;0;319;8
37;37;1;0;0;320;1
4;4;2;0;0;320;2
5;5;1;1;0;320;3
7;8;1;0;0;320;4
3;3;0;0;0;320;5
1;1;0;0;0;320;6
27;27;1;0;0;320;7
17;17;0;0;0;320;8
38;38;4;0;0;321;1
4;4;0;0;0;321;2
5;5;0;0;0;321;3
13;13;1;0;0;321;4
4;4;0;0;0;321;5
3;3;1;0;0;321;6
24;25;1;0;0;321;7
42;42;0;0;0;321;8
43;43;3;1;0;322;1
1;1;0;0;0;322;2
6;6;1;0;0;322;3
14;14;1;0;0;322;4
1;1;0;0;0;322;5
6;6;1;0;0;322;6
29;29;1;0;0;322;7
9;9;0;0;0;322;8
23;23;3;0;0;323;1
2;3;1;0;0;323;2
9;10;1;0;0;323;3
22;23;0;0;0;323;4
2;2;0;0;0;323;5
0;1;1;1;1;323;6
13;13;1;0;0;323;7
10;10;0;0;0;323;8
15;15;2;0;1;324;1
3;3;0;0;0;324;2
6;6;1;0;1;324;3
7;7;1;0;0;324;4
1;1;0;0;0;324;5
1;1;0;0;0;324;6
16;16;1;0;0;324;7
7;7;1;1;0;324;8
55;55;2;1;0;325;1
4;4;2;0;0;325;2
6;6;1;0;0;325;3
12;12;1;0;0;325;4
13;13;2;0;0;325;7
8;8;0;0;0;325;8
58;58;0;0;0;326;1
1;1;0;0;0;326;2
17;17;0;0;0;326;3
6;6;0;0;0;326;4
7;7;1;0;0;326;7
38;38;4;0;0;327;1
2;2;0;0;0;327;2
33;33;0;0;0;327;3
10;10;1;0;0;327;4
1;1;0;0;0;327;6
17;17;3;0;0;327;7
2;2;1;0;0;327;8
12;12;3;0;0;328;1
0;1;0;0;0;328;2
39;39;0;0;0;328;3
25;26;0;0;0;328;4
1;1;0;0;0;328;5
1;1;0;0;0;328;6
25;25;1;0;0;328;7
11;11;0;0;1;328;8
26;26;0;0;0;329;1
8;8;0;0;0;329;3
30;30;1;0;0;329;4
2;2;0;0;0;329;6
8;8;0;0;0;329;7
4;4;0;0;0;329;8
17;17;0;0;0;330;1
10;10;0;0;0;330;4
1;1;0;0;0;330;5
0;1;1;0;1;330;6
8;8;0;0;0;330;7
10;10;1;0;0;330;8
51;51;0;0;0;331;1
2;2;0;0;0;331;2
17;17;3;0;1;331;4
6;6;1;0;0;331;6
7;7;1;0;0;331;7
2;2;1;0;0;331;8
14;14;3;1;0;332;1
3;3;0;0;0;332;2
7;7;0;0;0;332;4
2;2;0;0;0;332;5
1;1;0;0;0;332;6
3;3;0;0;0;332;7
11;11;0;0;0;333;1
2;2;0;0;0;333;2
2;2;1;0;0;333;4
1;1;0;0;0;333;6
4;4;3;0;1;333;7
24;24;2;1;0;334;1
3;3;0;0;0;334;3
10;10;0;0;0;334;4
1;1;0;0;0;334;6
4;4;0;0;0;334;7
29;30;1;0;0;335;1
2;2;1;0;0;335;2
6;6;0;0;0;335;4
1;1;0;0;0;335;5
12;12;2;0;0;335;7
1;1;0;0;0;335;8
6;6;0;0;0;336;1
2;2;0;0;0;336;2
3;3;0;0;0;336;3
24;24;2;0;0;336;4
7;7;2;0;0;336;7
16;16;1;0;0;337;1
3;3;2;0;0;337;2
1;1;0;0;0;337;3
30;30;0;0;0;337;4
1;1;0;0;0;337;5
3;3;0;0;0;337;7
5;6;1;0;0;338;1
1;1;0;0;0;338;2
2;2;0;0;0;338;3
23;23;2;0;1;338;4
2;2;0;0;0;338;6
4;4;0;0;0;338;7
3;3;0;0;0;339;1
1;1;1;0;0;339;2
1;1;0;0;0;339;3
4;4;1;0;0;339;4
2;2;0;0;0;339;8
3;3;0;0;0;340;1
7;7;1;0;0;340;4
1;1;1;0;1;340;7
1;1;0;0;0;340;8
3;3;1;0;0;341;1
3;3;0;0;0;341;2
6;6;1;0;0;341;4
5;5;3;0;0;341;7
7;7;2;0;0;342;1
12;12;3;1;1;342;4
1;1;0;0;0;342;6
3;3;0;0;0;342;7
1;1;0;0;0;342;8
1;1;0;0;0;343;1
1;2;0;0;0;343;2
8;8;1;0;0;343;4
2;3;0;0;0;343;7
2;2;1;1;1;344;1
2;2;0;0;0;344;2
11;11;0;0;0;344;4
2;2;0;0;0;344;6
1;2;0;0;0;344;7
1;1;0;0;0;344;8
3;3;1;0;0;345;1
3;3;1;0;1;345;2
15;15;2;1;0;345;4
1;1;0;0;0;345;6
3;4;0;0;0;345;7
1;1;0;0;0;345;8
1;1;1;0;0;346;1
2;2;0;0;0;346;2
1;1;0;0;0;346;3
9;9;0;0;0;346;4
1;1;0;0;0;346;6
1;1;1;0;0;346;7
4;4;0;0;0;347;1
15;15;0;0;0;347;4
3;3;1;0;0;347;6
13;13;1;0;0;347;7
1;1;0;0;0;348;2
8;8;1;0;0;348;4
1;1;0;0;0;348;6
6;6;1;0;0;348;7
3;3;0;0;0;349;2
10;10;1;0;0;349;4
3;3;0;0;0;349;6
4;6;0;0;0;349;7
2;2;0;0;0;349;8
3;3;0;0;0;350;1
6;6;0;0;0;350;4
1;1;0;0;0;350;5
6;6;0;0;0;350;7
3;3;0;0;0;351;2
11;11;1;0;0;351;4
8;8;0;0;0;351;5
4;4;1;0;0;351;6
65;65;1;0;0;351;7
1;1;0;0;0;351;8
1;1;1;1;0;352;1
1;1;0;0;0;352;2
8;8;1;0;0;352;4
18;19;0;0;0;352;7
1;1;0;0;0;353;2
0;1;0;0;0;353;3
2;2;1;1;0;353;5
1;1;1;0;0;353;7
1;1;0;0;0;353;8
1;1;0;0;0;354;4
1;1;0;0;0;354;7
1;1;0;0;0;355;2
10;10;1;0;1;355;4
2;2;1;0;0;355;7
1;1;1;0;0;356;1
1;1;0;0;0;356;2
1;1;1;0;0;356;3
4;4;0;0;0;356;4
1;2;1;0;0;356;7
1;1;0;0;0;357;1
14;16;0;0;0;357;2
6;6;2;1;0;357;4
2;2;0;0;0;357;6
0;1;0;0;0;357;8
3;5;0;0;0;358;2
3;3;1;1;0;358;4
1;2;0;0;0;358;8
1;1;0;0;0;359;1
2;2;2;0;1;359;2
1;3;1;0;0;359;6
1;8;0;0;0;359;7
1;2;0;0;0;359;8
1;1;0;0;0;360;4
0;1;0;0;0;360;7
1;1;1;0;0;360;8
1;1;0;0;0;361;7
1;1;0;0;0;362;1
1;1;0;0;0;362;2
1;1;1;0;0;362;3
2;2;0;0;0;362;6
0;3;0;0;0;363;2
0;1;0;0;0;363;5
3;4;0;0;0;363;7
1;1;0;0;0;363;8
2;2;0;0;0;364;2
1;1;0;0;0;364;3
1;1;0;0;0;364;4
3;4;0;0;0;364;7
1;1;0;0;0;364;8
1;4;3;0;0;365;1
2;3;0;0;0;365;6
1;4;0;0;0;365;7
1;1;0;0;0;366;1
2;4;0;0;0;366;2
1;1;0;0;0;366;4
1;2;0;0;0;366;6
1;1;0;0;0;366;7
2;2;1;0;0;366;8
0;1;0;0;0;367;2
2;3;0;0;0;367;7
3;3;0;0;0;367;8
1;1;0;0;0;368;3
1;1;0;0;0;368;4
1;1;0;0;0;368;7
1;1;0;0;0;368;8
1;1;0;0;0;369;2
1;1;0;0;0;369;3
1;1;0;0;0;369;6
6;6;1;0;0;369;7
1;1;0;0;0;369;8
4;4;0;0;0;370;1
2;3;0;0;0;370;2
2;2;1;0;0;370;3
2;4;2;1;1;370;4
4;4;1;0;0;370;7
1;2;1;0;0;370;8
2;2;0;0;0;371;1
1;1;0;0;0;371;4
3;3;0;0;0;371;6
5;6;1;0;0;371;7
2;2;0;0;0;371;8
4;4;3;0;0;372;1
2;3;0;0;0;372;2
1;1;1;0;0;372;3
4;4;0;0;0;372;4
1;3;1;0;1;372;6
2;2;0;0;0;372;7
3;3;1;0;0;372;8
1;1;0;0;0;373;1
1;1;0;0;0;373;2
1;1;0;0;0;373;4
1;2;0;0;0;373;6
6;7;2;0;0;373;7
3;3;1;0;0;373;8
4;4;0;0;0;374;1
0;1;0;0;0;374;2
4;4;1;0;0;374;3
1;1;1;0;0;374;4
3;3;1;0;0;374;5
2;2;0;0;0;374;6
4;4;3;0;1;374;7
1;1;0;0;0;374;8
2;2;0;0;0;375;1
4;4;1;0;0;375;2
1;1;0;0;0;375;5
2;2;0;0;0;375;6
1;1;0;0;0;375;7
2;2;1;0;1;376;1
3;3;0;0;0;376;2
1;1;0;0;0;376;4
3;3;1;0;0;376;6
5;5;0;0;0;376;7
1;1;0;0;0;377;1
1;2;0;0;0;377;2
2;2;0;0;0;377;3
2;2;0;0;0;377;4
1;3;0;0;0;377;6
5;6;0;0;0;377;7
2;2;0;0;0;377;8
3;4;2;0;0;378;1
2;2;0;0;0;378;2
3;4;0;0;0;378;4
0;1;1;0;0;378;5
2;2;1;0;0;378;6
2;4;0;0;0;378;7
3;3;0;0;0;379;1
3;3;0;0;0;379;2
1;1;0;0;0;379;3
2;3;0;0;0;379;4
5;5;1;0;0;379;7
0;1;0;0;0;379;8
1;2;1;0;0;380;1
2;2;0;0;0;380;2
1;1;0;0;0;380;3
0;6;0;0;0;380;4
1;1;0;0;0;380;6
0;3;0;0;0;380;7
2;2;0;0;0;380;8
2;3;0;0;0;381;2
1;1;0;0;0;381;3
0;3;0;0;0;381;4
0;1;0;0;0;381;5
1;2;0;0;0;381;6
4;10;0;0;0;381;7
0;1;0;0;0;381;8
1;1;0;0;0;382;1
0;2;0;0;0;382;4
1;1;1;0;0;382;6
1;1;0;0;0;382;7
1;2;1;0;0;383;1
0;1;0;0;0;383;2
2;3;0;0;0;383;4
1;2;0;0;0;383;6
2;2;0;0;0;383;7
1;1;0;0;0;383;8
1;5;2;0;0;384;1
0;3;0;0;0;384;2
2;12;1;0;0;384;4
1;1;1;0;0;384;5
4;6;1;0;1;384;6
3;25;0;0;0;384;7
2;3;0;0;0;384;8
1;6;0;0;0;385;1
1;5;1;1;0;385;2
0;1;0;0;0;385;3
5;9;1;0;0;385;4
2;4;0;0;0;385;6
1;19;0;0;0;385;7
2;9;1;0;0;385;8
1;8;2;1;0;386;1
7;9;2;0;0;386;2
2;7;1;0;0;386;3
3;12;1;0;0;386;4
0;1;0;0;0;386;5
11;17;4;1;0;386;6
3;39;3;0;0;386;7
2;7;1;0;0;386;8
0;9;0;0;0;387;1
2;5;0;0;0;387;2
0;12;0;0;0;387;3
4;12;2;0;0;387;4
0;1;0;0;0;387;5
1;8;0;0;0;387;6
5;37;0;0;0;387;7
3;10;1;1;0;387;8
0;6;0;0;0;388;1
1;5;0;0;0;388;2
2;10;0;0;0;388;3
1;4;0;0;0;388;4
1;1;0;0;0;388;5
8;19;2;0;0;388;6
2;43;1;0;0;388;7
1;13;0;0;0;388;8
1;1;1;0;0;389;1
1;4;2;0;0;389;3
1;8;1;0;0;389;4
1;1;0;0;0;389;6
1;10;1;0;0;389;7
1;1;0;0;0;389;8
0;1;0;0;0;390;1
1;1;0;0;0;390;2
1;2;0;0;0;390;3
1;10;2;0;0;390;4
4;4;1;0;0;390;6
1;8;0;0;0;390;7
0;3;0;0;0;390;8
2;7;0;0;0;391;1
1;12;0;0;0;391;2
2;6;1;0;1;391;3
6;24;2;0;0;391;4
1;2;0;0;0;391;5
9;25;1;0;2;391;6
4;64;5;0;0;391;7
8;41;0;0;1;391;8
2;16;6;2;1;392;1
3;8;1;0;1;392;2
0;5;0;0;0;392;3
2;23;1;0;0;392;4
2;11;4;0;1;392;6
3;61;0;0;0;392;7
3;22;1;0;0;392;8
3;13;2;0;0;393;1
1;10;1;0;0;393;2
3;11;1;0;0;393;3
4;17;0;0;0;393;4
0;2;0;0;0;393;5
3;16;2;0;0;393;6
1;53;0;0;0;393;7
2;22;2;0;0;393;8
0;10;0;0;0;394;1
5;12;0;0;0;394;2
1;16;2;0;0;394;3
4;17;2;0;0;394;4
0;3;0;0;0;394;5
3;10;0;0;0;394;6
4;65;0;0;0;394;7
4;24;3;0;0;394;8
2;14;2;0;0;395;1
0;14;0;0;0;395;2
0;11;0;0;0;395;3
4;10;0;0;0;395;4
1;3;0;0;0;395;5
8;22;6;2;2;395;6
4;78;0;0;0;395;7
4;14;1;0;0;395;8
3;3;0;0;0;396;1
1;5;1;1;0;396;3
0;5;1;0;0;396;4
8;19;4;0;1;396;6
1;11;3;1;1;396;7
0;2;0;0;0;396;8
5;6;2;0;0;397;1
0;1;1;0;0;397;2
2;11;2;0;0;397;3
4;12;1;0;1;397;4
1;15;0;0;0;397;7
4;7;3;0;1;397;8
2;12;1;0;0;398;1
0;14;1;0;0;398;2
1;26;0;0;0;398;3
4;18;1;0;0;398;4
0;2;0;0;0;398;5
3;16;2;0;0;398;6
6;78;4;0;0;398;7
7;21;3;1;0;398;8
1;15;0;0;0;399;1
1;10;0;0;0;399;2
1;13;2;1;0;399;3
2;19;1;0;0;399;4
0;5;0;0;0;399;5
4;20;4;1;1;399;6
1;45;2;0;1;399;7
8;32;1;0;1;399;8
0;10;2;0;0;400;1
2;11;0;0;0;400;2
2;27;1;0;0;400;3
7;22;1;0;0;400;4
0;7;0;0;0;400;5
2;20;0;0;0;400;6
5;46;2;1;1;400;7
6;26;4;0;0;400;8
0;7;0;0;0;401;1
7;20;2;0;0;401;2
4;15;1;0;0;401;3
3;44;0;0;0;401;4
1;12;0;0;0;401;5
15;20;6;0;1;401;6
6;61;7;0;0;401;7
15;50;1;0;1;401;8
0;9;0;0;0;402;1
3;7;0;0;0;402;2
1;13;0;0;0;402;3
5;42;3;0;0;402;4
0;9;0;0;0;402;5
2;19;3;2;1;402;6
4;52;2;0;0;402;7
2;13;3;0;0;402;8
0;2;2;0;0;403;3
3;7;1;0;0;403;4
0;1;1;0;0;403;6
1;12;2;1;0;403;7
2;20;1;0;0;403;8
3;7;2;0;0;404;2
1;7;0;0;0;404;3
3;11;2;0;1;404;4
15;17;3;1;2;404;6
4;11;2;0;0;404;7
1;6;3;0;0;404;8
1;1;0;0;0;405;1
3;11;0;0;1;405;2
3;14;0;0;0;405;3
4;12;1;0;0;405;4
0;2;0;0;0;405;5
15;16;4;1;1;405;6
2;6;2;0;0;405;7
10;16;2;0;1;405;8
4;13;3;1;2;406;1
7;18;2;0;0;406;2
5;25;1;0;0;406;3
19;38;3;0;1;406;4
2;19;0;0;0;406;5
9;21;4;0;0;406;6
6;89;3;1;1;406;7
4;17;1;0;0;406;8
1;11;0;0;0;407;1
4;15;2;0;0;407;2
3;18;1;0;0;407;3
7;39;6;0;0;407;4
0;18;0;0;0;407;5
2;25;2;0;0;407;6
15;67;6;0;0;407;7
8;30;4;0;0;407;8
0;9;0;0;0;408;1
3;10;4;0;0;408;2
1;21;3;1;0;408;3
8;29;2;0;1;408;4
1;7;0;0;0;408;5
2;13;0;0;0;408;6
5;61;3;0;0;408;7
10;21;4;1;1;408;8
2;25;2;0;0;409;1
4;11;1;0;1;409;2
5;20;4;0;1;409;3
10;36;5;0;3;409;4
4;5;3;0;1;409;5
4;11;2;1;1;409;6
4;55;3;0;1;409;7
14;40;6;1;1;409;8
2;2;1;0;1;410;2
1;2;0;0;0;410;3
1;18;1;0;0;410;4
2;2;2;0;1;410;5
1;3;1;0;1;410;6
3;13;3;0;1;410;7
4;4;3;0;1;410;8
1;9;0;0;0;411;1
8;16;5;0;2;411;2
4;7;0;0;0;411;3
10;24;6;2;0;411;4
4;4;2;0;0;411;5
8;9;3;0;0;411;6
4;14;1;0;0;411;7
10;14;10;0;0;411;8
2;10;0;0;0;412;1
7;25;3;0;1;412;2
5;22;2;0;0;412;3
18;42;6;0;0;412;4
3;5;1;0;0;412;5
5;22;4;2;1;412;6
15;62;5;2;0;412;7
6;20;5;0;0;412;8
2;2;2;0;0;413;1
4;8;2;0;1;413;2
13;25;2;0;1;413;3
17;52;1;0;1;413;4
1;3;0;0;0;413;5
1;10;2;0;0;413;6
15;56;2;0;0;413;7
11;23;4;0;0;413;8
2;4;2;0;0;414;1
6;15;2;0;0;414;2
2;11;1;0;1;414;3
13;65;5;0;1;414;4
4;6;2;0;0;414;5
5;36;8;2;1;414;6
10;43;3;0;0;414;7
14;24;2;0;1;414;8
4;6;2;0;0;415;1
17;23;5;1;3;415;2
18;47;1;0;1;415;3
28;72;9;0;4;415;4
2;10;2;0;0;415;5
16;33;3;0;1;415;6
9;47;1;0;0;415;7
11;29;8;1;1;415;8
3;37;2;0;0;416;1
7;12;1;1;0;416;2
2;11;5;2;0;416;3
24;78;12;5;3;416;4
0;1;0;0;0;416;5
3;11;7;2;2;416;6
7;58;4;1;1;416;7
10;23;5;0;1;416;8
2;5;0;0;0;417;1
9;10;3;0;1;417;2
6;9;2;0;1;417;3
11;18;9;1;1;417;4
1;1;0;0;0;417;5
3;4;3;1;0;417;6
7;20;3;0;0;417;7
6;9;2;0;0;417;8
2;4;1;0;0;418;1
6;17;5;0;3;418;2
7;8;5;1;0;418;3
17;23;3;0;0;418;4
7;7;4;0;0;418;5
5;5;1;0;0;418;6
13;20;6;1;1;418;7
9;13;5;0;1;418;8
8;9;2;0;2;419;1
7;8;2;0;0;419;2
11;12;1;0;1;419;3
39;69;17;0;1;419;4
7;10;5;0;1;419;5
14;22;6;0;2;419;6
14;51;7;0;1;419;7
15;24;8;0;1;419;8
10;13;1;0;0;420;1
11;19;5;0;2;420;2
6;8;1;0;0;420;3
23;42;12;1;6;420;4
5;7;1;0;0;420;5
22;41;9;1;4;420;6
21;86;6;0;1;420;7
15;49;4;0;2;420;8
7;9;7;1;0;421;1
16;20;7;0;0;421;2
5;8;3;1;1;421;3
10;19;4;0;0;421;4
6;6;2;0;0;421;5
18;32;8;2;1;421;6
26;70;11;0;0;421;7
26;42;9;0;0;421;8
8;10;1;0;0;422;1
14;21;10;1;4;422;2
11;14;5;0;0;422;3
33;44;13;0;3;422;4
7;10;3;0;1;422;5
10;27;10;0;1;422;6
28;126;11;1;4;422;7
22;39;13;1;1;422;8
1;1;1;0;1;423;1
22;27;10;0;4;423;2
11;17;4;1;2;423;3
26;32;14;2;5;423;4
3;4;1;0;0;423;5
11;31;7;1;2;423;6
34;110;13;0;1;423;7
29;48;11;0;2;423;8
0;1;0;0;0;424;1
25;37;9;0;8;424;2
14;19;5;0;0;424;3
19;24;17;3;2;424;4
3;3;3;1;0;424;5
3;5;3;0;0;424;6
13;18;9;0;2;424;7
20;40;8;0;0;424;8
5;9;0;0;1;425;1
20;22;7;0;1;425;2
18;29;4;0;0;425;3
30;71;12;1;5;425;4
7;12;7;2;2;425;5
14;30;7;0;1;425;6
25;90;12;0;3;425;7
31;43;10;1;2;425;8
4;6;0;0;0;426;1
17;38;11;0;6;426;2
21;39;7;1;3;426;3
28;33;16;2;6;426;4
2;3;1;0;0;426;5
20;72;24;3;0;426;6
24;68;9;0;6;426;7
67;128;15;1;4;426;8
2;2;0;0;0;427;1
33;34;13;3;3;427;2
21;23;10;0;0;427;3
24;27;15;1;3;427;4
8;8;2;0;0;427;5
27;27;11;0;1;427;6
41;43;17;2;3;427;7
49;59;16;3;3;427;8
10;11;3;2;0;428;1
18;19;8;1;4;428;2
14;14;1;0;0;428;3
64;71;26;1;10;428;4
10;11;4;0;1;428;5
70;71;17;2;8;428;6
53;60;17;2;5;428;7
41;61;15;2;1;428;8
12;14;5;1;2;429;1
19;21;3;0;2;429;2
20;20;8;3;2;429;3
51;55;34;0;6;429;4
7;9;3;0;1;429;5
27;28;12;2;2;429;6
47;51;19;1;3;429;7
84;98;26;1;10;429;8
16;16;7;0;1;430;1
17;19;8;1;2;430;2
28;28;11;0;7;430;3
32;33;21;3;8;430;4
5;5;2;0;0;430;5
16;18;12;2;1;430;6
44;50;26;3;8;430;7
54;61;28;4;5;430;8
1;2;1;0;0;431;1
10;10;2;0;0;431;2
11;11;5;0;1;431;3
28;30;12;3;3;431;4
4;4;3;0;0;431;5
10;15;12;2;2;431;6
24;29;11;0;3;431;7
27;29;18;2;9;431;8
26;26;4;1;2;432;1
22;22;2;1;2;432;2
66;66;15;2;4;432;3
78;78;26;4;7;432;4
11;11;8;1;2;432;5
43;44;29;3;4;432;6
73;74;35;1;11;432;7
52;53;26;2;6;432;8
15;15;3;0;2;433;1
38;45;13;2;4;433;2
66;66;18;2;11;433;3
61;61;20;1;1;433;4
12;12;9;0;2;433;5
45;47;12;0;3;433;6
76;77;36;3;4;433;7
57;58;25;5;5;433;8
26;26;4;0;3;434;1
51;53;27;1;5;434;2
54;55;22;2;10;434;3
130;131;47;2;14;434;4
17;17;8;0;1;434;5
45;45;25;1;10;434;6
68;69;28;0;3;434;7
78;78;40;3;15;434;8
13;13;6;1;1;435;1
39;40;18;1;5;435;2
87;87;21;0;6;435;3
106;106;42;5;15;435;4
23;23;6;1;3;435;5
41;42;10;1;5;435;6
75;77;47;7;9;435;7
87;87;60;6;14;435;8
22;22;6;1;2;436;1
46;46;18;0;5;436;2
76;76;26;1;5;436;3
78;79;43;4;13;436;4
18;18;9;0;2;436;5
60;61;29;1;6;436;6
101;101;50;4;10;436;7
113;113;61;4;14;436;8
17;17;8;1;2;437;1
80;80;37;6;12;437;2
23;23;13;2;1;437;3
90;93;52;7;16;437;4
16;16;13;2;4;437;5
47;47;23;1;6;437;6
98;98;50;5;7;437;7
111;111;45;2;15;437;8
17;17;11;4;2;438;1
56;58;30;6;11;438;2
67;67;24;2;7;438;3
52;52;39;3;7;438;4
8;8;6;1;1;438;5
32;32;29;3;10;438;6
91;91;67;5;15;438;7
85;85;47;9;14;438;8
17;17;11;2;1;439;1
66;66;37;6;11;439;2
91;91;36;4;12;439;3
141;141;57;4;13;439;4
24;24;10;1;1;439;5
86;86;34;3;10;439;6
122;122;68;4;9;439;7
103;103;60;8;11;439;8
39;39;21;3;6;440;1
64;64;43;7;9;440;2
57;57;40;5;11;440;3
126;127;75;9;13;440;4
33;33;18;2;4;440;5
86;87;43;4;16;440;6
116;117;64;7;11;440;7
122;122;66;11;10;440;8
17;17;11;2;3;441;1
54;54;36;9;7;441;2
31;32;22;4;3;441;3
130;130;75;6;15;441;4
21;21;12;1;4;441;5
96;96;48;2;9;441;6
190;190;116;8;16;441;7
141;141;62;11;16;441;8
31;31;18;3;2;442;1
60;60;40;10;8;442;2
74;74;29;0;3;442;3
93;93;69;5;7;442;4
18;18;13;3;3;442;5
80;80;55;6;10;442;6
179;180;99;8;9;442;7
113;113;55;6;13;442;8
26;26;18;3;3;443;1
29;29;18;3;2;443;2
65;65;38;4;4;443;3
105;105;59;8;16;443;4
15;15;10;4;3;443;5
62;62;35;5;9;443;6
105;105;71;11;16;443;7
156;156;74;14;23;443;8
20;20;14;1;1;444;1
46;47;20;4;6;444;2
55;55;32;7;1;444;3
114;114;53;10;14;444;4
9;9;3;1;2;444;5
34;34;26;3;7;444;6
116;117;65;11;17;444;7
160;160;70;8;31;444;8
12;12;8;1;2;445;1
28;28;25;3;8;445;2
27;27;20;6;4;445;3
70;70;40;8;10;445;4
17;17;16;4;4;445;5
38;38;29;2;7;445;6
128;128;87;11;18;445;7
47;48;35;7;5;445;8
10;10;7;1;3;446;1
67;68;33;5;15;446;2
19;19;15;1;2;446;3
70;70;39;5;12;446;4
7;7;1;0;1;446;5
48;48;31;7;11;446;6
92;92;47;7;7;446;7
71;71;59;11;14;446;8
9;9;4;1;1;447;1
34;34;9;2;2;447;2
24;24;13;3;3;447;3
76;76;41;3;8;447;4
8;8;3;1;2;447;5
33;33;18;4;6;447;6
69;69;35;9;9;447;7
65;65;44;6;11;447;8
9;9;5;2;2;448;1
20;20;11;2;2;448;2
38;38;20;5;1;448;3
74;76;33;6;3;448;4
7;7;4;0;1;448;5
27;27;13;1;2;448;6
107;108;52;12;14;448;7
56;56;26;3;6;448;8
5;5;4;2;2;449;1
21;21;9;2;2;449;2
15;15;3;1;0;449;3
53;53;15;2;7;449;4
7;7;1;0;0;449;5
33;33;15;2;4;449;6
73;74;41;7;6;449;7
41;41;21;4;4;449;8
8;8;2;1;1;450;1
19;19;4;1;2;450;2
29;29;13;4;3;450;3
53;53;26;7;12;450;4
17;17;13;3;1;450;5
28;28;16;3;1;450;6
78;78;33;2;9;450;7
21;21;17;3;3;450;8
5;5;0;0;0;451;1
21;21;5;0;1;451;2
10;10;7;1;1;451;3
23;23;14;2;2;451;4
3;3;1;1;0;451;5
8;8;5;2;2;451;6
40;40;19;3;7;451;7
20;20;11;0;0;451;8
9;9;2;2;1;452;1
14;14;3;0;0;452;2
31;31;12;2;2;452;3
18;18;13;4;2;452;4
1;1;1;0;0;452;5
2;2;1;0;0;452;6
71;71;35;6;7;452;7
22;22;11;5;7;452;8
2;2;0;0;0;453;1
10;10;3;1;1;453;2
21;21;4;2;1;453;3
22;22;10;2;4;453;4
3;3;1;1;0;453;5
6;7;4;2;1;453;6
31;31;12;1;3;453;7
28;28;11;2;2;453;8
6;6;2;1;1;454;1
10;11;3;0;0;454;2
14;14;3;2;1;454;3
26;26;11;3;2;454;4
2;2;0;0;0;454;5
14;14;4;1;2;454;6
60;60;32;3;9;454;7
25;25;6;2;0;454;8
2;2;0;0;0;455;1
4;4;1;1;0;455;2
6;6;1;1;1;455;3
8;8;3;1;2;455;4
1;1;0;0;0;455;5
11;11;5;1;1;455;6
37;37;20;3;5;455;7
7;7;2;0;0;455;8
1;1;1;0;0;456;1
4;4;1;0;0;456;2
1;1;1;0;0;456;3
5;5;0;0;0;456;4
9;9;6;1;2;456;6
21;21;13;5;5;456;7
5;5;4;2;0;456;8
1;1;0;0;0;457;1
3;3;1;0;0;457;2
1;1;1;1;0;457;3
1;1;1;0;0;457;6
12;12;5;1;1;457;7
1;1;1;1;0;458;2
1;1;0;0;0;458;3
1;1;1;1;0;458;4
1;1;0;0;0;458;5
1;1;1;1;1;458;6
14;14;5;1;1;458;7
2;2;0;0;0;459;1
1;1;0;0;0;459;2
4;4;2;0;0;459;6
11;11;5;1;0;459;7
1;1;0;0;0;460;1
1;1;0;0;0;460;2
1;1;0;0;0;460;7
2;2;1;0;0;460;8
1;1;0;0;0;461;6
11;11;7;3;3;461;7
2;2;0;0;0;461;8
1;2;1;0;0;462;6
2;2;0;0;0;462;7
2;2;1;0;0;462;8
1;1;1;1;0;463;2
1;1;0;0;0;463;7
1;1;1;1;1;464;7
2;2;0;0;0;465;7
1;1;0;0;0;465;8
1;1;0;0;0;466;6
4;4;1;0;0;466;7
1;1;0;0;0;466;8
1;1;1;0;0;467;1
1;1;1;0;0;468;8
