"confirmados_pdia";"confirmados_pdia_14d";"tasa_confirmados_pdia_14d";"confirmados_pdia_7d";"total_confirmados";"curados";"fallecidos";"cod_cuando";"cod_donde_municipio"
0;3;"240,38461538461539";0;0;0;0;441;1
2;7;"591,71597633136093";4;2;1;0;441;2
0;0;"0";0;0;0;0;441;3
0;0;"0";0;0;0;0;441;4
0;2;"295,42097488921712";0;0;0;0;441;5
0;29;"785,69493362232458";6;0;13;0;441;6
0;1;"497,5124378109453";0;0;0;0;441;7
64;1306;"648,71201359016902";406;65;91;5;441;8
0;0;"0";0;0;0;0;441;9
0;0;"0";0;0;0;0;441;10
0;0;"0";0;0;0;0;441;11
3;20;"446,3289444320464";6;3;3;0;441;12
0;0;"0";0;0;0;0;441;13
0;1;"381,67938931297709";0;0;0;0;441;14
0;0;"0";0;0;0;0;441;15
0;3;"252,31286795626576";2;0;0;0;441;16
2;61;"752,6218383713757";12;2;4;0;441;17
0;0;"0";0;0;0;0;441;18
0;8;"403,22580645161293";1;0;8;0;441;19
0;9;"296,6381015161503";5;0;1;0;441;20
0;3;"277,77777777777777";2;0;7;0;441;21
0;1;"205,76131687242798";0;0;0;0;441;22
4;132;"736,7304794329408";44;4;4;0;441;23
0;2;"493,82716049382714";0;0;0;0;441;24
0;0;"0";0;0;0;0;441;25
0;1;"69,013112491373363";0;0;0;0;441;26
0;0;"0";0;0;0;0;441;27
0;1;"201,61290322580646";0;0;0;0;441;28
5;163;"514,74767889850318";47;5;11;0;441;29
0;2;"358,42293906810033";1;0;0;0;441;30
0;0;"0";0;0;0;0;441;31
0;0;"0";0;0;0;0;441;32
1;15;"365,58615647087498";4;1;2;0;441;33
0;0;"0";0;0;0;0;441;34
0;5;"344,11562284927737";1;0;0;0;441;35
0;0;"0";0;0;0;0;441;36
0;2;"433,83947939262475";0;0;0;0;441;37
0;7;"2422,1453287197232";1;0;0;0;441;38
0;3;"123,15270935960591";0;0;5;0;441;39
0;17;"457,35808447672855";7;0;3;0;441;40
0;1;"297,61904761904759";0;0;0;0;441;41
0;0;"0";0;0;0;0;441;42
0;0;"0";0;0;0;0;441;43
0;2;"806,45161290322585";0;0;0;0;441;44
0;0;"0";0;0;0;0;441;45
0;0;"0";0;0;0;0;441;46
3;52;"869,85613917698231";20;3;2;0;441;47
0;0;"0";0;0;0;0;441;48
1;45;"372,42406687081024";5;1;19;0;441;49
0;0;"0";0;0;0;0;441;50
2;54;"1628,9592760180994";10;2;5;0;441;51
0;4;"86,505190311418687";0;0;0;0;441;52
-1;7;"2333,3333333333335";1;-1;1;0;441;53
0;2;"800";1;0;0;0;441;54
0;0;"0";0;0;0;0;441;55
0;5;"508,130081300813";4;0;0;0;441;56
0;0;"0";0;0;0;0;441;57
0;0;"0";0;0;0;0;441;58
0;4;"268,63666890530556";0;0;2;0;441;59
0;0;"0";0;0;1;0;441;60
3;95;"657,21203735731581";32;3;0;0;441;61
1;4;"190,11406844106463";1;1;3;0;441;62
4;29;"999,31082012405238";16;4;12;0;441;63
5;89;"934,8739495798319";20;5;7;0;441;64
3;100;"514,61506792918897";34;3;8;0;441;65
0;0;"0";0;0;0;0;441;66
0;0;"0";0;0;0;0;441;67
2;18;"2368,4210526315787";7;2;2;0;441;68
3;16;"291,97080291970804";6;3;5;0;441;69
0;0;"0";0;0;1;0;441;70
0;47;"693,41988787252876";7;0;2;0;441;71
1;43;"687,3401534526854";9;1;5;0;441;72
0;6;"267,97677534613666";0;0;0;0;441;73
0;7;"676,32850241545896";1;0;0;0;441;74
2;52;"502,02741842054451";20;2;0;0;441;75
0;12;"721,15384615384619";5;0;0;0;441;76
0;7;"344,31874077717657";4;0;3;0;441;77
0;1;"263,85224274406335";0;0;0;0;441;78
0;2;"451,46726862302484";0;0;1;0;441;79
0;0;"0";0;0;0;0;441;80
0;2;"205,3388090349076";1;0;0;0;441;81
3;48;"1352,8748590755356";10;3;8;0;441;82
1;32;"846,33694789738161";3;1;2;0;441;83
0;6;"1714,2857142857142";2;0;3;0;441;84
0;1;"53,361792956243328";0;0;0;0;441;85
5;34;"519,4011610143599";21;5;1;0;441;86
12;198;"1164,9799952930102";86;12;85;1;441;87
0;15;"507,44248985115019";8;0;1;0;441;88
14;171;"672,91043601448132";76;14;2;0;441;89
0;2;"236,96682464454977";0;0;0;0;441;90
4;32;"1030,5958132045089";10;4;0;0;441;91
0;6;"1923,0769230769231";0;0;0;0;441;92
0;24;"191,03717264984479";8;0;1;0;441;93
0;8;"196,75356615838663";2;0;0;0;441;94
35;422;"503,83246973423434";164;35;4;0;441;95
0;1;"194,55252918287937";1;0;0;0;441;96
1;1;"157,23270440251574";1;1;0;0;441;97
0;0;"0";0;0;0;0;441;98
0;9;"589,39096267190575";3;0;0;0;441;99
4;42;"456,96877380045697";22;4;0;0;441;100
0;0;"0";0;0;0;0;441;101
3;303;"307,82359574532933";99;3;3;1;441;102
2;96;"356,89059072827985";28;2;1;1;441;103
0;0;NA;0;0;0;0;441;104
45;714;"580,11992395066545";275;45;15;1;441;105
11;73;"307,01938848467006";21;11;2;1;441;106
6;36;"197,98713083649562";8;6;3;1;441;107
1;20;"654,23617926071313";4;1;9;0;441;108
0;27;"402,56448486655734";6;0;10;0;441;109
0;5;"178,50767583006069";2;0;4;0;441;110
8;172;"270,31274556027029";59;8;179;1;441;111
7;106;"335,75116404295079";24;7;63;0;441;112
0;33;"631,45809414466135";3;0;0;0;441;113
3;163;"722,64585919489275";69;3;6;0;441;114
2;57;"815,91754938448321";27;2;0;0;441;115
30;709;"614,17718448704511";191;30;59;0;441;116
27;723;"849,08984145625368";198;27;34;0;441;117
5;122;"535,67508232711305";25;5;8;0;441;118
4;96;"815,42512528667294";26;4;1;0;441;119
2;25;"458,46323124885384";10;2;0;0;441;120
7;443;"499,41941084292529";154;7;22;0;441;121
12;214;"513,18944844124701";48;13;7;1;441;122
17;660;"694,72952916285089";157;17;57;2;441;123
5;73;"578,3552527333228";21;5;5;1;441;124
4;41;"213,03127922685232";15;4;7;0;441;125
36;1028;"482,391309448394";253;36;81;2;441;126
6;175;"597,63677344443681";52;6;6;0;441;127
0;8;"180,46469659372886";2;0;3;0;441;128
10;362;"523,08359222599518";114;10;11;0;441;129
0;15;"213,7970353477765";3;0;1;0;441;130
8;37;"733,69026373190559";13;8;2;0;441;131
0;4;"280,1120448179272";0;0;0;0;441;132
0;15;"272,43007628042136";1;0;0;0;441;133
2;123;"399,11739892270754";25;2;0;0;441;134
0;5;"742,94205052005941";0;0;0;0;441;135
3;53;"692,44839299712567";16;3;0;0;441;136
1;2;"93,589143659335519";1;1;0;0;441;137
2;28;"723,70121478418196";8;2;0;0;441;138
0;19;"1098,901098901099";3;0;0;0;441;139
0;26;"1291,6045702930949";10;0;1;0;441;140
3;113;"1401,6373108409823";28;3;0;0;441;141
0;14;"250,44722719141325";3;0;0;0;441;142
8;83;"1195,6208585422069";16;8;0;0;441;143
0;11;"401,31338927398758";4;0;2;0;441;144
0;1;"125,62814070351759";0;0;0;0;441;145
2;45;"271,00271002710025";16;2;0;0;441;146
0;0;"0";0;0;0;0;441;147
8;55;"453,27179825284327";14;8;0;0;441;148
0;1;"72,516316171138513";0;0;0;0;441;149
2;25;NA;9;2;0;0;441;150
36;1039;"318,67353292090826";291;32;90;1;441;151
5;23;"171,87266477357645";11;5;3;0;441;152
0;0;"0";0;0;0;0;441;153
4;70;"367,55053819900235";39;4;5;0;441;154
1;4;"80,596413459601052";0;1;19;0;441;155
4;88;"432,49619108468079";32;4;5;0;441;156
0;5;"210,88148460565162";1;0;0;0;441;157
4;19;"244,62469421913224";4;4;2;0;441;158
0;2;"43,336944745395449";0;0;0;0;441;159
0;1;"44,365572315882872";0;0;0;0;441;160
0;28;"851,32259045302521";11;0;1;0;441;161
0;17;"176,14754947673816";0;0;0;0;441;162
1;10;"1501,5015015015015";2;1;0;0;441;163
0;11;"797,67947788252354";1;0;1;0;441;164
1;4;"96,758587324625054";2;1;1;0;441;165
9;110;"257,41230430814591";39;9;20;0;441;166
0;30;"1008,0645161290323";7;0;5;0;441;167
0;3;"67,159167226326389";1;0;2;0;441;168
0;10;"259,33609958506224";0;0;0;0;441;169
8;116;"510,13676942697566";39;8;4;0;441;170
0;3;"154,40041173443129";0;0;0;0;441;171
1;14;"378,27614158335587";2;1;4;0;441;172
0;2;"37,44617112900206";1;0;3;0;441;173
0;1;"68,25938566552901";0;0;0;0;441;174
3;71;"317,43193096973221";32;3;12;0;441;175
8;58;"193,70136592859768";20;8;7;0;441;176
1;10;"132,81976358082082";1;1;1;1;441;177
1;19;"191,95797130733482";8;1;12;0;441;178
0;19;"411,79020372778501";4;0;0;0;441;179
0;8;"1259,8425196850394";3;0;0;0;441;180
0;7;"169,20473773265653";3;0;0;0;441;181
1;18;"226,928895612708";10;1;0;0;441;182
0;25;"341,53005464480873";4;0;0;0;441;183
0;2;"68,422853232979818";0;0;0;0;441;184
2;27;"191,77498401875133";8;2;0;0;441;185
0;11;"252,12010084804035";1;0;0;0;441;186
0;0;"0";0;0;0;0;441;187
1;18;"184,31292238378046";2;1;0;0;441;188
0;0;"0";0;0;0;0;441;189
1;7;"156,25";3;0;0;0;441;190
1;14;"150,65102765522437";4;1;0;0;441;191
0;1;"49,800796812749006";0;0;0;0;441;192
2;40;"191,131498470948";13;2;1;1;441;193
0;5;"177,61989342806393";1;0;0;0;441;194
1;6;"164,88046166529267";5;1;0;0;441;195
0;10;"136,64935774801859";3;0;0;0;441;196
0;1;"124,37810945273633";0;0;0;0;441;197
0;1;"89,445438282647586";0;0;0;0;441;198
1;4;"174,7487986020096";2;1;0;0;441;199
0;9;"127,35248337342578";3;0;0;0;441;200
1;17;"349,79423868312756";3;1;0;0;441;201
0;1;"161,03059581320451";0;0;0;0;441;202
0;2;"62,5";1;0;0;0;441;203
0;2;"136,05442176870747";0;0;1;0;441;204
0;2;"130,718954248366";1;0;0;0;441;205
0;6;"185,47140649149924";1;0;10;0;441;206
0;4;"136,93940431359124";1;0;0;0;441;207
0;2;"301,20481927710841";0;0;0;0;441;208
0;2;"135,96193065941537";0;0;0;0;441;209
0;7;"1912,5683060109291";1;0;0;0;441;210
0;2;"83,542188805346697";0;0;0;0;441;211
0;0;"0";0;0;0;0;441;212
0;0;"0";0;0;0;0;441;213
2;8;"177,7382803821373";3;2;0;0;441;214
0;0;"0";0;0;0;0;441;215
0;0;"0";0;0;0;0;441;216
1;26;"387,65468913075892";9;1;6;1;441;217
0;11;"742,24021592442648";6;0;0;0;441;218
1;17;"160,96960515102737";2;1;0;2;441;219
2;63;"366,1939083933969";15;2;0;0;441;220
0;1;"134,58950201884252";0;0;0;0;441;221
0;1;"96,15384615384616";0;0;0;0;441;222
0;3;"862,06896551724139";3;0;0;0;441;223
0;1;"11,532695190866106";1;0;0;0;441;224
0;3;"207,18232044198896";0;0;0;0;441;225
1;4;"394,0886699507389";3;1;0;0;441;226
0;0;"0";0;0;0;0;441;227
0;13;"516,48788239968212";3;0;0;0;441;228
0;7;NA;1;0;0;0;441;229
0;0;"0";0;0;0;0;441;230
2;14;"190,39847681218549";2;2;0;0;441;231
0;0;"0";0;0;0;0;441;232
4;58;"223,70501793497127";11;4;0;1;441;233
0;2;"206,39834881320948";0;0;0;0;441;234
0;0;"0";0;0;0;0;441;235
0;0;"0";0;0;0;0;441;236
0;7;"2508,9605734767024";1;0;0;0;441;237
0;2;"136,51877133105802";1;0;0;0;441;238
0;0;"0";0;0;0;0;441;239
0;0;"0";0;0;1;0;441;240
0;0;"0";0;0;0;0;441;241
0;0;"0";0;0;0;0;441;242
0;1;"94,966761633428305";0;0;0;0;441;243
2;16;"308,28516377649328";5;2;0;0;441;244
0;0;"0";0;0;0;0;441;245
0;0;"0";0;0;0;0;441;246
0;0;"0";0;0;0;0;441;247
0;5;"141,64305949008499";1;0;0;0;441;248
0;0;"0";0;0;0;0;441;249
0;0;"0";0;0;0;0;441;250
0;0;"0";0;0;0;0;441;251
0;8;"288,60028860028859";1;0;0;0;441;252
14;161;"275,40198426274378";60;14;0;0;441;253
0;1;"219,78021978021977";1;0;0;0;441;254
0;1;"93,28358208955224";0;0;0;0;441;255
0;3;"51,867219917012449";0;0;0;0;441;256
0;0;"0";0;0;0;0;441;257
0;0;"0";0;0;0;0;441;258
0;0;"0";0;0;0;0;441;259
0;2;"543,47826086956525";0;0;0;0;441;260
0;0;"0";0;0;0;0;441;261
5;39;"311,67585710860703";12;5;0;0;441;262
0;0;"0";0;0;0;0;441;263
0;0;"0";0;0;0;0;441;264
0;1;"149,25373134328359";0;0;0;1;441;265
0;5;"178,826895565093";3;0;0;0;441;266
0;0;"0";0;0;0;0;441;267
0;0;"0";0;0;0;0;441;268
0;0;"0";0;0;0;0;441;269
2;5;"198,64918553833928";5;2;0;0;441;270
0;1;"147,71048744460856";0;0;0;0;441;271
1;17;"588,23529411764707";6;1;0;0;441;272
0;3;"527,24077328646752";1;0;1;0;441;273
0;0;"0";0;0;0;0;441;274
1;9;"1428,5714285714287";4;1;0;0;441;275
0;0;"0";0;0;0;0;441;276
1;2;"344,82758620689657";2;1;1;0;441;277
7;74;"362,21243269701421";23;7;18;2;441;278
0;0;"0";0;0;0;0;441;279
1;21;"634,44108761329301";12;1;5;0;441;280
0;18;"796,46017699115043";1;0;0;0;441;281
0;5;"748,50299401197606";4;0;1;0;441;282
1;20;"497,38870927629944";10;1;0;0;441;283
2;21;"1589,7047691143073";5;2;0;0;441;284
2;11;"544,55445544554459";5;2;0;0;441;285
0;0;"0";0;0;1;0;441;286
0;1;"54,229934924078094";0;0;0;0;441;287
1;1;"101,83299389002036";1;1;0;0;441;288
1;8;"458,71559633027522";4;1;1;0;441;289
1;11;"268,88291371302859";4;1;0;0;441;290
0;0;"0";0;0;0;0;441;291
0;0;"0";0;0;2;0;441;292
0;0;"0";0;0;0;0;441;293
0;1;"159,23566878980893";0;0;0;0;441;294
0;0;"0";0;0;0;0;441;295
0;8;"817,99591002044986";4;0;0;0;441;296
0;3;"319,4888178913738";0;0;0;0;441;297
0;17;"1587,3015873015872";6;0;0;0;441;298
0;0;"0";0;0;0;0;441;299
1;0;"0";0;1;2;0;441;300
9;145;"786,50466478628766";62;9;5;1;441;301
1;2;"498,75311720698255";1;1;0;0;441;302
0;0;"0";0;0;1;0;441;303
4;86;"1195,2744961779013";22;4;0;0;441;304
0;0;"0";0;0;0;0;441;305
0;1;"177,3049645390071";0;0;0;0;441;306
0;0;"0";0;0;0;0;441;307
0;1;"241,54589371980677";0;0;0;0;441;308
0;0;"0";0;0;0;0;441;309
4;14;"1181,4345991561181";8;4;0;0;441;310
0;13;"1142,3550087873462";1;1;0;1;441;311
0;2;"171,37960582690661";1;0;1;1;441;312
0;0;"0";0;0;0;0;441;313
0;10;"446,82752457551385";1;0;0;0;441;314
2;15;"650,47701647875112";8;2;1;0;441;315
0;7;"332,54156769596199";1;0;0;0;441;316
0;0;"0";0;0;0;0;441;317
4;25;"982,70440251572325";14;4;0;0;441;318
0;3;"306,12244897959181";1;0;0;0;441;319
42;902;"386,05081147709376";289;42;99;1;441;320
0;2;"106,26992561105207";0;0;0;0;441;321
0;16;"415,26083571243186";6;0;0;0;441;322
0;0;"0";0;0;1;0;441;323
2;88;"464,08606687058329";32;2;0;0;441;324
0;1;"124,68827930174564";0;0;0;0;441;325
2;30;"546,64723032069969";11;2;1;0;441;326
0;3;"121,60518848804216";0;0;50;0;441;327
3;14;"238,6228055224135";10;3;1;0;441;328
1;43;"452,20317593858448";12;1;3;1;441;329
0;0;"0";0;0;0;0;441;330
1;72;"295,80936729663108";16;1;7;1;441;331
10;102;"537,97468354430384";40;10;3;0;441;332
0;7;"664,13662239089183";5;0;0;0;441;333
0;0;"0";0;0;0;0;441;334
1;16;"307,39673390970222";4;1;0;0;441;335
0;4;"626,95924764890287";2;0;3;0;441;336
0;1;"81,366965012205043";0;0;0;0;441;337
3;19;"233,04305163743408";9;3;0;1;441;338
0;17;"306,19596541786746";1;0;6;0;441;339
0;0;"0";0;0;0;0;441;340
1;51;"325,06851934476384";8;1;6;0;441;341
0;11;"322,10834553440702";0;0;2;0;441;342
1;4;"199,30244145490784";2;1;1;0;441;343
0;2;"153,60983102918587";1;0;1;0;441;344
0;26;"344,50775142440705";7;0;2;0;441;345
0;3;"436,04651162790697";0;0;0;0;441;346
1;9;"346,15384615384613";4;1;0;0;441;347
0;0;"0";0;0;1;0;441;348
0;8;"911,16173120728934";2;0;0;0;441;349
0;0;"0";0;0;0;0;441;350
0;5;"70,3135986499789";1;0;6;0;441;351
0;6;"758,53350189633375";0;0;0;0;441;352
0;1;"179,85611510791367";1;0;0;0;441;353
3;30;"684,30656934306569";13;3;4;0;441;354
4;60;"278,51274195794457";26;4;1;0;441;355
0;0;"0";0;0;0;0;441;356
0;11;"186,15671010323237";2;0;1;0;441;357
0;2;"106,83760683760684";1;0;6;0;441;358
0;4;"140,00700035001751";1;0;0;0;441;359
1;9;"340,90909090909093";4;1;0;0;441;360
3;34;"326,95451485719781";8;3;3;0;441;361
1;26;"216,03656003323638";4;1;7;0;441;362
0;13;"129,1604570293095";2;0;8;0;441;363
1;19;"371,09375";6;1;7;0;441;364
0;0;"0";0;0;0;0;441;365
0;0;"0";0;0;0;0;441;366
2;18;"512,38257899231428";5;2;3;0;441;367
1;6;"278,29313543599255";2;1;0;0;441;368
12;125;"612,1749351094569";51;12;4;0;441;369
0;10;"560,5381165919282";1;0;1;0;441;370
5;78;"349,68169999103378";36;5;15;2;441;371
1;8;"220,87244616234125";2;1;7;1;441;372
2;13;"162,35793680529537";6;2;2;0;441;373
1;13;"244,68285337850554";3;1;0;1;441;374
0;4;"189,57345971563981";2;0;0;0;441;375
0;4;"354,29583702391494";4;0;4;0;441;376
0;2;"64,164260506897662";1;0;1;0;441;377
0;0;"0";0;0;0;0;441;378
0;0;"0";0;0;1;0;441;379
2;46;"320,60217451909676";21;2;10;0;441;380
1;25;"358,06359209395589";10;1;1;0;441;381
0;16;"184,0349666436623";4;0;7;0;441;382
4;38;"330,66481030281938";14;4;2;0;441;383
0;0;"0";0;0;0;0;441;384
0;0;"0";0;0;0;0;441;385
4;45;"454,82110369921162";14;4;17;2;441;386
0;2;"181,32366273798732";0;0;0;0;441;387
3;31;"567,14233443102819";13;3;3;0;441;388
1;4;"422,38648363252378";1;1;0;0;441;389
0;6;"228,92025944296071";1;0;0;0;441;390
0;0;"0";0;0;2;0;441;391
1;41;"269,34699776639076";10;1;5;0;441;392
0;1;"139,66480446927375";1;0;0;0;441;393
0;1;"48,402710551790904";1;0;1;0;441;394
0;0;"0";0;0;1;0;441;395
8;55;"481,10566829951017";27;8;5;0;441;396
1;1;"152,20700152207002";1;1;0;0;441;397
0;0;"0";0;0;1;0;441;398
0;6;"296,88273132112818";1;0;0;0;441;399
0;6;"604,22960725075529";3;0;0;0;441;400
0;5;"235,84905660377359";0;0;0;0;441;401
0;1;"112,99435028248588";0;0;0;0;441;402
3;64;"331,09156751163994";26;3;3;1;441;403
-1;8;NA;2;-1;0;-1;441;404
0;7;"922,266139657444";1;0;0;0;441;405
-1;6;"335,57046979865771";1;-1;0;0;441;406
1;15;"181,70805572380377";4;1;0;0;441;407
0;0;"0";0;0;0;0;441;408
0;3;"990,09900990099015";0;0;0;0;441;409
0;5;"180,635838150289";0;0;0;0;441;410
0;0;"0";0;0;0;0;441;411
0;0;"0";0;0;0;0;441;412
0;0;"0";0;0;0;0;441;413
0;0;"0";0;0;0;0;441;414
0;4;"171,89514396218306";0;0;0;0;441;415
0;0;"0";0;0;0;0;441;416
-1;4;"86,918730986527592";0;-1;0;0;441;417
0;0;"0";0;0;0;0;441;418
0;0;"0";0;0;0;0;441;419
0;2;"531,91489361702122";2;0;0;0;441;420
0;0;"0";0;0;0;0;441;421
0;0;"0";0;0;0;0;441;422
0;0;"0";0;0;0;0;441;423
0;2;"144,71780028943559";0;0;0;0;441;424
0;0;"0";0;0;0;0;441;425
0;2;"154,91866769945779";1;0;0;0;441;426
0;0;"0";0;0;0;0;441;427
0;1;"44,247787610619469";0;0;0;0;441;428
0;0;"0";0;0;0;0;441;429
0;0;"0";0;0;0;0;441;430
0;3;"78,698845750262336";2;0;0;0;441;431
0;0;"0";0;0;0;0;441;432
0;6;"116,07661056297157";5;0;0;0;441;433
0;0;"0";0;0;0;0;441;434
0;0;"0";0;0;0;0;441;435
0;0;"0";0;0;0;0;441;436
0;0;"0";0;0;0;0;441;437
0;23;"180,39215686274511";9;0;0;0;441;438
0;5;"163,71971185330713";2;0;0;0;441;439
0;2;"159,6169193934557";0;0;0;0;441;440
15;97;"395,80528012404619";41;15;0;0;441;441
-1;22;"506,79566920064502";2;-1;0;0;441;442
7;71;"493,50107736150693";23;6;-1;0;441;443
1;19;"313,53135313531351";2;1;1;0;441;444
3;7;"306,07783121993879";4;3;0;1;441;445
-1;27;"211,98084321268743";10;-1;0;0;441;446
-1;4;"122,66176019625881";0;-1;0;0;441;447
2;6;"283,28611898016999";3;2;0;0;441;448
2;70;"320,11707138610694";23;2;1;0;441;449
0;5;"121,47716229348882";1;0;0;0;441;450
4;50;"462,92009999074162";7;4;1;0;441;451
1;46;"391,75608925225686";13;1;0;0;441;452
0;4;"115,70726063060457";0;0;0;0;441;453
1;33;"415,66947978334804";12;1;0;0;441;454
0;5;"132,9433661260303";1;0;0;0;441;455
0;19;"201,89140367654872";3;0;0;0;441;456
0;15;"190,79114729076571";0;0;0;0;441;457
0;20;"594,17706476530009";2;0;0;0;441;458
0;3;"135,68521031207598";0;0;0;0;441;459
4;52;"242,15330166713235";12;4;1;0;441;460
0;1;"119,04761904761905";0;0;0;0;441;461
0;3;"76,277650648360037";0;0;1;0;441;462
6;118;"559,13570887035632";26;6;1;0;441;463
0;1;"141,64305949008499";0;0;0;0;441;464
9;75;"373,45018174575512";26;9;0;0;441;465
0;0;"0";0;0;0;0;441;466
27;494;"343,44431544039435";186;27;5;0;441;467
10;150;"701,16393212733135";41;10;0;0;441;468
9;178;"638,45050215208039";62;9;0;0;441;469
1;4;"344,23407917383821";0;1;0;0;441;470
0;10;"323,41526520051747";2;0;0;0;441;471
3;53;"345,16444154998374";12;3;1;0;441;472
0;2;"325,73289902280129";0;0;0;0;441;473
0;0;"0";0;0;0;0;441;474
0;0;"0";0;0;0;0;441;475
0;37;"1282,4956672443675";5;0;0;0;441;476
0;0;"0";0;0;0;0;441;477
3;17;"601,76991150442473";7;3;0;0;441;478
-3;69;NA;12;-3;-1;0;441;479
9;99;"456,03206043576398";32;9;10;1;441;480
-1;18;"171,70657254602691";10;-1;16;0;441;481
3;27;"666,8313163744134";9;3;8;0;441;482
1;7;"441,64037854889591";2;1;1;0;441;483
1;13;"427,91310072416064";9;1;0;0;441;484
0;1;"162,86644951140065";0;0;0;0;441;485
1;12;"328,58707557502737";1;1;13;0;441;486
7;66;"271,12516945323091";23;7;0;0;441;487
0;8;"129,95451591942819";0;0;12;0;441;488
0;1;"148,14814814814815";0;0;0;0;441;489
1;20;"146,71361502347418";5;1;0;0;441;490
0;1;"103,30578512396694";0;0;0;0;441;491
0;0;"0";0;0;0;0;441;492
0;8;"509,87890376035693";2;0;0;0;441;493
1;8;"448,93378226711559";2;1;0;0;441;494
2;10;"372,71710771524414";5;2;0;0;441;495
0;3;"171,33066818960594";0;0;0;0;441;496
0;1;"75,075075075075077";0;0;0;0;441;497
1;7;"871,73100871731003";1;1;0;0;441;498
0;1;"161,29032258064515";0;0;0;0;441;499
0;0;"0";0;0;0;0;441;500
1;22;"441,50110375275938";6;1;0;0;441;501
0;15;"261,14206128133702";5;0;0;0;441;502
19;291;"258,07710386051423";87;19;0;1;441;503
0;8;"244,57352491592786";0;0;0;0;441;504
0;3;"236,40661938534279";2;0;0;0;441;505
9;63;"556,14406779661022";24;9;0;0;441;506
1;34;"340,10203060918275";11;1;0;0;441;507
1;6;"310,55900621118013";2;1;0;0;441;508
0;2;"69,565217391304344";1;0;0;0;441;509
0;27;"190,92066185829444";7;0;1;0;441;510
0;2;"145,77259475218659";0;0;0;0;441;511
0;10;"271,81299266104918";2;0;0;0;441;512
0;14;"232,55813953488371";8;0;0;1;441;513
1;3;"69,799906933457422";0;1;0;0;441;514
0;0;"0";0;0;0;0;441;515
8;205;"559,87983067049026";73;8;0;0;441;516
2;13;"235,7207615593835";3;2;0;0;441;517
0;0;"0";0;0;0;0;441;518
0;0;"0";0;0;0;0;441;519
13;103;"586,96147709140644";43;13;0;0;441;520
0;5;"194,09937888198758";1;0;0;0;441;521
1;2;"338,40947546531305";2;1;0;0;441;522
5;32;"211,08179419525067";12;5;0;0;441;523
0;12;"364,52004860267317";4;0;0;0;441;524
0;0;"0";0;0;0;0;441;525
0;1;"105,93220338983051";0;0;0;0;441;526
4;20;"730,19350127783866";10;4;0;0;441;527
0;1;"49,578582052553294";0;0;0;0;441;528
0;0;"0";0;0;0;0;441;529
9;187;"326,05094764005372";73;9;3;1;441;530
0;14;"207,00872393908028";5;0;0;0;441;531
0;12;"710,47957371225573";4;0;0;0;441;532
0;8;"176,67844522968198";1;0;0;0;441;533
0;1;"112,35955056179775";0;0;0;0;441;534
0;7;"156,84517140936589";2;0;0;0;441;535
0;8;"728,59744990892534";1;0;0;0;441;536
0;14;"558,2137161084529";1;0;0;0;441;537
3;32;"725,78816058063057";24;3;0;0;441;538
0;3;"98,749177090190912";0;0;0;0;441;539
0;2;"87,450808919982506";1;0;0;0;441;540
0;8;"156,86274509803923";1;0;0;0;441;541
2;4;"151,9179642992784";3;2;0;0;441;542
0;12;"398,80358923230307";6;0;0;0;441;543
0;5;"1123,5955056179776";0;0;0;0;441;544
0;4;"220,50716648291069";0;0;0;0;441;545
4;44;"598,47660500544066";20;4;0;0;441;546
0;8;"567,3758865248227";1;0;0;0;441;547
0;0;"0";0;0;0;0;441;548
0;0;"0";0;0;0;0;441;549
0;0;"0";0;0;0;0;441;550
0;0;"0";0;0;0;0;441;551
0;9;"318,358684117439";1;0;0;0;441;552
1;46;"291,30517383319614";11;1;0;0;441;553
0;1;"53,219797764768494";1;0;0;0;441;554
0;0;"0";0;0;0;0;441;555
2;33;"283,65136668385765";7;2;1;0;441;556
0;1;"210,9704641350211";0;0;0;0;441;557
0;1;"121,95121951219512";1;0;0;1;441;558
0;1;"55,83472920156337";0;0;0;0;441;559
0;12;"229,00763358778627";3;0;0;0;441;560
1;9;"190,23462270133163";3;1;0;0;441;561
0;1;"46,317739694302915";0;0;0;0;441;562
0;11;"492,39033124440465";1;0;0;0;441;563
1;19;"365,66589684372593";4;1;6;0;441;564
1;5;"141,60294534126311";3;1;0;0;441;565
3;24;"617,60164693772515";6;3;0;0;441;566
0;3;"103,05736860185503";1;0;0;0;441;567
0;3;"140,91122592766558";1;0;0;0;441;568
0;3;"166,38935108153078";1;0;0;0;441;569
1;6;"270,27027027027026";1;1;0;0;441;570
1;61;"844,6413735807256";12;1;0;0;441;571
0;1;"129,87012987012986";0;0;0;0;441;572
13;140;"407,8184625243963";40;14;1;0;441;573
0;25;"234,2359224210625";2;0;0;0;441;574
2;52;"643,72369398365936";16;2;0;0;441;575
0;0;"0";0;0;0;0;441;576
0;4;NA;2;0;0;0;441;577
0;1;"43,87889425186485";1;0;0;0;441;578
0;2;"187,79342723004694";1;0;0;0;441;579
0;0;"0";0;0;0;0;441;580
1;17;"259,30445393532642";9;1;0;0;441;581
0;2;"110,0715465052284";0;0;0;0;441;582
0;4;"1038,9610389610389";4;0;0;0;441;583
-1;6;"509,77060322854715";3;-1;0;0;441;584
0;1;"65,146579804560261";0;0;0;0;441;585
0;6;"196,97964543663821";1;0;0;0;441;586
0;2;"216,91973969631238";1;0;0;0;441;587
-1;3;"178,57142857142858";3;-1;-3;0;441;588
0;4;"527,00922266139662";3;0;0;0;441;589
0;5;"137,77900248002206";3;0;0;0;441;590
2;10;"293,34115576415371";4;2;0;0;441;591
0;0;"0";0;0;0;0;441;592
0;3;"75,623897151499875";3;0;0;0;441;593
0;1;"162,33766233766235";1;0;0;0;441;594
0;1;"32,65839320705421";0;0;0;0;441;595
0;0;"0";0;0;0;0;441;596
1;27;"127,69580022701476";8;1;0;0;441;597
2;12;"388,47523470378763";9;2;1;0;441;598
0;7;"257,0694087403599";1;0;0;0;441;599
3;0;"0";0;3;2;1;441;600
0;2;"127,55102040816327";0;0;0;0;441;601
0;0;"0";0;0;0;0;441;602
0;12;"66,878448419996658";4;0;1;0;441;603
9;216;"262,2473137861956";83;9;8;0;441;604
1;2;"97,323600973236012";2;1;0;0;441;605
1;24;"309,75735673722249";10;1;0;0;441;606
20;303;"438,21589725789659";87;20;10;1;441;607
3;33;"479,44210373383697";14;3;0;0;441;608
16;561;"798,82667881756561";147;16;8;0;441;609
8;339;"409,23741806197711";131;8;14;0;441;610
0;5;"334,67202141900935";2;0;0;0;441;611
5;100;"608,3095078776081";37;5;5;1;441;612
49;1039;"703,7721918541248";392;49;10;1;441;613
11;405;"474,25553590875558";122;11;9;2;441;614
0;23;"602,72536687631032";8;0;0;0;441;615
13;203;"293,49680478847989";61;14;9;0;441;616
2;22;"408,39056989047708";7;2;3;0;441;617
0;7;"359,52747817154597";3;0;6;0;441;618
18;173;"418,70371266760247";74;18;3;0;441;619
1;13;"159,15768854064643";6;1;2;0;441;620
3;25;"298,08036246572078";11;3;3;0;441;621
2;21;"1285,9767299448868";4;2;0;0;441;622
0;1;"72,992700729927009";0;0;0;0;441;623
1;19;"527,63121355179112";6;1;0;0;441;624
0;0;"0";0;0;0;0;441;625
1;4;"121,32241431604488";2;1;3;0;441;626
2;13;"246,39878695981804";4;2;1;0;441;627
0;1;"30,138637733574441";0;0;0;0;441;628
0;20;"534,18803418803418";4;0;0;0;441;629
0;4;"159,87210231814549";1;0;0;0;441;630
1;13;"313,40405014464801";7;1;1;0;441;631
0;2;"60,827250608272507";0;0;0;0;441;632
0;4;"273,97260273972603";1;0;0;0;441;633
0;10;"297,44199881023201";3;0;0;0;441;634
5;48;"904,29540316503392";18;5;2;0;441;635
0;1;"26,371308016877638";1;0;0;0;441;636
0;0;"0";0;0;0;0;441;637
127;2419;"418,17930366836083";762;127;95;5;441;638
0;0;"0";0;0;0;0;441;639
8;108;"221,45669291338584";32;8;6;0;441;640
0;1;"135,68521031207598";1;0;0;0;441;641
0;7;"859,95085995085992";1;0;2;0;441;642
0;0;"0";0;0;0;0;441;643
0;18;"440,96031357177856";5;0;0;0;441;644
0;0;"0";0;0;0;0;441;645
0;0;"0";0;0;0;0;441;646
0;0;"0";0;0;0;0;441;647
2;25;"1720,5781142463868";8;2;1;0;441;648
0;1;"224,2152466367713";0;0;0;0;441;649
0;6;"334,82142857142856";1;0;0;0;441;650
0;1;"413,22314049586777";1;0;0;0;441;651
1;21;"685,1549755301794";7;1;2;0;441;652
0;1;"62,61740763932373";0;0;0;0;441;653
0;1;"383,14176245210729";1;0;0;0;441;654
1;12;"755,19194461925736";6;1;1;0;441;655
0;2;"508,90585241730281";0;0;0;0;441;656
0;2;"265,95744680851061";0;0;0;0;441;657
0;1;"263,85224274406335";0;0;0;0;441;658
0;2;"382,4091778202677";0;0;0;0;441;659
0;0;"0";0;0;0;0;441;660
0;0;"0";0;0;0;0;441;661
0;6;"632,24446786090618";0;0;2;0;441;662
0;1;"418,41004184100416";1;0;0;0;441;663
0;0;"0";0;0;0;0;441;664
7;275;"815,29795434331459";88;7;18;0;441;665
0;5;"1037,344398340249";1;0;1;0;441;666
4;146;"354,62715569589506";34;4;8;0;441;667
6;57;"224,78113415884533";18;6;14;0;441;668
0;46;"350,82367297132396";1;0;3;0;441;669
0;10;"485,20135856380398";6;0;0;0;441;670
1;1;"39,904229848363926";1;1;0;0;441;671
0;0;"0";0;0;0;0;441;672
5;100;"373,99955120053858";38;5;3;0;441;673
0;2;"79,554494828957843";0;0;0;0;441;674
4;92;"405,76897631544125";22;4;7;0;441;675
0;6;"263,15789473684208";1;0;0;0;441;676
2;8;"296,62588060808304";4;2;3;0;441;677
3;47;"497,67047861075815";15;3;1;0;441;678
-1;1;"46,816479400749067";0;-1;1;0;441;679
0;5;"174,27675148135239";1;0;0;0;441;680
1;20;NA;5;1;2;0;441;681
0;3;"93,720712277413313";0;0;1;0;441;682
1;9;"145,748987854251";2;1;0;0;441;683
0;11;"239,75588491717525";3;0;0;0;441;684
0;1;"16,43925694558606";0;0;0;0;441;685
0;15;"207,69869842148989";2;0;5;0;441;686
-1;30;"274,44881529594733";4;-1;2;0;441;687
4;88;"396,75383228133455";28;4;1;0;441;688
11;149;"540,63860667634253";59;11;2;0;441;689
0;0;"0";0;0;0;0;441;690
0;7;"247,08789269325803";2;0;0;0;441;691
0;47;"268,32610184973737";9;0;3;0;441;692
0;1;"156,25";0;0;0;0;441;693
1;5;"224,92127755285651";4;1;0;0;441;694
12;174;"562,96104568396527";47;12;0;0;441;695
5;33;"208,54398382204246";10;5;1;0;441;696
0;17;"166,78112430099088";7;0;0;0;441;697
0;36;"268,0965147453083";7;0;1;0;441;698
0;2;"50,492299924261552";0;0;0;0;441;699
0;3;"98,039215686274517";0;0;0;0;441;700
8;38;"652,36051502145926";25;8;1;0;441;701
3;113;"242,72366018687575";39;3;8;0;441;702
3;17;"179,59011197971688";10;3;1;0;441;703
0;10;"113,0837950921633";0;0;0;0;441;704
1;50;"358,37155963302752";18;1;0;0;441;705
3;52;"436,24161073825502";14;3;0;0;441;706
0;11;"197,69949676491731";6;0;0;0;441;707
3;79;"362,81803986405805";30;3;3;0;441;708
2;30;"215,16172990030839";10;2;0;0;441;709
0;21;"245,95924104005621";2;0;0;0;441;710
3;66;"259,28108426635237";21;3;0;0;441;711
1;8;"88,888888888888886";5;1;1;0;441;712
3;37;"475,8230452674897";15;3;0;0;441;713
0;29;"647,75519320973865";8;0;0;0;441;714
0;38;"576,54377181004395";17;0;3;0;441;715
170;2370;"342,78523853947456";791;170;146;6;441;716
1;2;"98,280098280098287";1;1;0;0;441;717
0;4;"319,23383878691141";0;0;4;0;441;718
0;3;"97,434231893471903";0;0;2;0;441;719
0;1;"30,075187969924812";0;0;1;0;441;720
0;15;"276,29397679130597";4;0;4;0;441;721
1;27;"685,62722194007108";12;1;3;0;441;722
1;49;"122,82856641516055";20;1;15;0;441;723
5;49;"392,09410258462032";29;5;7;0;441;724
0;6;"83,892617449664428";1;0;0;0;441;725
0;3;"80,493694660584922";0;0;8;0;441;726
0;11;"170,17326732673268";5;0;2;0;441;727
0;7;"182,00728029121166";3;0;3;0;441;728
0;1;"114,5475372279496";0;0;0;0;441;729
0;2;"43,6871996505024";1;0;4;0;441;730
2;46;"237,98437580837083";18;2;8;0;441;731
0;7;"270,06172839506172";0;0;0;0;441;732
0;4;"150,09380863039399";0;0;1;0;441;733
0;21;"119,17598320186141";8;0;28;0;441;734
1;12;"232,64831329972858";5;1;1;0;441;735
4;33;"301,86608122941823";14;4;2;0;441;736
0;10;"239,52095808383234";4;0;2;0;441;737
1;10;"296,82398337785691";2;1;1;0;441;738
1;21;"495,8677685950413";7;1;1;0;441;739
1;10;"917,43119266055044";4;1;0;0;441;740
1;8;"468,93317702227432";6;1;0;0;441;741
4;140;"1148,8593467914";47;4;0;0;441;742
3;32;"956,08007170600536";10;3;0;0;441;743
1;145;"878,62812821911166";43;1;0;0;441;744
0;0;"0";0;0;0;0;441;745
1;1;"105,59662090813094";1;1;0;0;441;746
3;67;"535,95712343012553";26;3;0;0;441;747
0;12;"177,35737511084835";2;0;2;0;441;748
1;1;"86,281276962899057";1;1;0;0;441;749
2;55;"1050,0190912562045";21;2;0;0;441;750
0;61;"568,18181818181813";24;0;1;0;441;751
4;85;"294,79087188735519";21;4;5;0;441;752
0;10;"204,12329046744233";1;0;3;0;441;753
4;19;"1294,2779291553134";12;4;0;0;441;754
-1;9;"192,14346712211784";5;-1;1;0;441;755
2;8;"136,4256480218281";6;2;0;0;441;756
0;5;"639,38618925831202";0;0;0;0;441;757
0;7;"91,217096690122489";0;0;0;0;441;758
0;21;"805,21472392638032";7;0;0;0;441;759
8;117;"906,76586840269704";39;8;0;1;441;760
19;154;"826,62372517444976";68;19;0;0;441;761
0;0;"0";0;0;0;0;441;762
4;94;"396,65794581821251";37;4;1;1;441;763
0;0;"0";0;0;0;0;441;764
0;4;"199,10403185664509";0;0;0;0;441;765
0;5;"167,78523489932886";0;0;0;1;441;766
0;0;"0";0;0;0;0;441;767
7;325;"832,01064973631662";121;7;1;0;441;768
0;9;"653,59477124183002";4;0;0;0;441;769
0;4;"671,14093959731542";2;0;2;0;441;770
0;1;"49,455984174085067";1;0;0;0;441;771
1;36;"379,5066413662239";18;1;0;0;441;772
0;10;"206,31318341242005";1;0;0;0;441;773
2;56;"714,10354501402708";20;2;0;0;441;774
4;80;"413,99296211964395";25;4;5;1;441;775
0;0;"0";0;0;0;0;441;776
17;370;"489,85211761746524";143;17;8;0;441;777
0;81;"414,68284441714025";29;0;0;0;441;778
2;58;"354,5665729306761";18;2;1;1;441;779
0;18;"1453,9579967689822";0;0;0;0;441;780
3;30;"635,99745601017594";11;3;0;0;441;781
0;18;"207,94824399260628";0;0;1;0;441;782
29;572;"423,54683450573862";171;29;18;2;441;783
2;85;"308,21669446660383";36;2;1;1;441;784
0;38;"1080,1591813530415";6;0;0;0;441;785
1;19;"269,38891251949525";10;1;0;0;441;786
6;104;"376,36159664169651";25;6;0;1;441;787
6;119;"308,70602884715163";30;6;19;1;441;788
1;4;"170,72129748186086";1;1;0;0;441;789
3;78;"1137,5236984103835";26;3;0;0;441;790
0;4;"153,55086372360844";0;0;0;0;441;791
20;274;"537,65550802558766";80;20;-1;2;441;792
0;44;NA;8;0;0;1;441;793
0;2;"160,25641025641025";0;0;0;0;442;1
0;7;"591,71597633136093";4;0;0;0;442;2
0;0;"0";0;0;0;0;442;3
0;0;"0";0;0;0;0;442;4
0;0;"0";0;0;0;0;442;5
0;21;"568,95150365754535";6;0;1;0;442;6
0;1;"497,5124378109453";0;0;0;0;442;7
35;1212;"602,02064354615993";315;35;66;1;442;8
0;0;"0";0;0;0;0;442;9
0;0;"0";0;0;0;0;442;10
0;0;"0";0;0;0;0;442;11
0;18;"401,69604998884176";4;0;0;0;442;12
0;0;"0";0;0;0;0;442;13
0;1;"381,67938931297709";0;0;0;0;442;14
0;0;"0";0;0;0;0;442;15
0;3;"252,31286795626576";2;0;0;0;442;16
5;48;"592,22702035780378";11;5;10;0;442;17
0;0;"0";0;0;0;0;442;18
0;7;"352,82258064516128";1;0;1;1;442;19
0;9;"296,6381015161503";1;0;3;0;442;20
1;4;"370,37037037037038";3;1;0;0;442;21
0;1;"205,76131687242798";0;0;0;0;442;22
8;129;"719,98660490037389";42;8;6;0;442;23
0;0;"0";0;0;0;0;442;24
0;0;"0";0;0;0;0;442;25
0;0;"0";0;0;0;0;442;26
0;0;"0";0;0;0;0;442;27
0;1;"201,61290322580646";0;0;0;0;442;28
1;141;"445,27253205330641";31;1;21;0;442;29
0;2;"358,42293906810033";1;0;0;0;442;30
0;0;"0";0;0;0;0;442;31
0;0;"0";0;0;0;0;442;32
0;13;"316,84133560809164";3;0;12;0;442;33
0;0;"0";0;0;0;0;442;34
0;5;"344,11562284927737";1;0;0;0;442;35
0;0;"0";0;0;0;0;442;36
0;1;"216,91973969631238";0;0;0;0;442;37
0;7;"2422,1453287197232";1;0;0;0;442;38
1;4;"164,20361247947454";1;1;3;0;442;39
0;17;"457,35808447672855";4;0;0;0;442;40
0;1;"297,61904761904759";0;0;0;0;442;41
0;0;"0";0;0;0;0;442;42
0;0;"0";0;0;0;0;442;43
0;2;"806,45161290322585";0;0;0;0;442;44
0;0;"0";0;0;0;0;442;45
0;0;"0";0;0;0;0;442;46
3;51;"853,1281365005018";19;3;0;0;442;47
0;0;"0";0;0;0;0;442;48
2;39;"322,76752462136886";6;2;9;1;442;49
0;0;"0";0;0;0;0;442;50
0;44;"1327,3001508295627";10;0;7;0;442;51
0;4;"86,505190311418687";0;0;0;0;442;52
0;7;"2333,3333333333335";0;0;0;0;442;53
0;2;"800";0;0;0;0;442;54
0;0;"0";0;0;0;0;442;55
0;5;"508,130081300813";2;0;0;0;442;56
0;0;"0";0;0;0;0;442;57
0;0;"0";0;0;0;0;442;58
0;2;"134,31833445265278";0;0;-1;1;442;59
0;0;"0";0;0;0;0;442;60
5;79;"546,52369422345214";31;5;28;1;442;61
0;4;"190,11406844106463";1;0;0;0;442;62
2;28;"964,85182632667124";17;2;1;0;442;63
8;82;"861,34453781512605";27;8;6;0;442;64
4;90;"463,15356113627007";31;4;22;0;442;65
0;0;"0";0;0;0;0;442;66
0;0;"0";0;0;0;0;442;67
0;18;"2368,4210526315787";4;0;0;0;442;68
3;17;"310,21897810218979";9;3;2;0;442;69
0;0;"0";0;0;0;0;442;70
0;36;"531,13012688108586";3;0;4;0;442;71
2;35;"559,46291560102304";8;2;15;0;442;72
0;5;"223,31397945511389";0;0;2;0;442;73
0;7;"676,32850241545896";1;0;0;0;442;74
2;36;"347,55744352191545";20;2;0;0;442;75
0;12;"721,15384615384619";3;0;2;0;442;76
0;7;"344,31874077717657";2;0;0;0;442;77
0;1;"263,85224274406335";0;0;0;0;442;78
0;2;"451,46726862302484";0;0;0;0;442;79
0;0;"0";0;0;0;0;442;80
0;1;"102,6694045174538";1;0;1;0;442;81
1;45;"1268,3201803833144";10;1;1;0;442;82
4;31;"819,88891827558848";7;4;7;0;442;83
0;5;"1428,5714285714287";2;0;0;0;442;84
1;2;"106,72358591248666";1;1;0;0;442;85
3;36;"549,95417048579282";23;3;4;0;442;86
16;183;"1076,7239350435398";89;16;23;0;442;87
0;13;"439,78349120433018";8;0;2;0;442;88
14;164;"645,3643947741225";65;14;20;0;442;89
0;2;"236,96682464454977";0;0;0;0;442;90
3;30;"966,18357487922708";12;3;0;0;442;91
0;4;"1282,051282051282";0;0;0;0;442;92
2;21;"167,15752606861417";7;2;2;0;442;93
0;4;"98,376783079193316";0;0;0;0;442;94
22;397;"473,98457460779866";162;22;9;0;442;95
0;1;"194,55252918287937";1;0;0;0;442;96
1;2;"314,46540880503147";2;1;0;0;442;97
1;1;"100,6036217303823";1;1;0;0;442;98
-1;8;"523,90307793058287";2;-1;0;0;442;99
4;44;"478,72919160047871";24;4;1;0;442;100
1;1;"273,97260273972603";1;1;0;0;442;101
16;287;"291,56888441884325";88;16;8;0;442;102
8;93;"345,73775976802114";27;8;4;0;442;103
0;0;NA;0;0;0;0;442;104
37;677;"550,05768699523878";215;37;65;2;442;105
8;66;"277,57917315052362";20;8;26;0;442;106
1;33;"181,48820326678765";8;1;8;0;442;107
1;19;"621,52437029767748";4;1;3;0;442;108
0;25;"372,74489339496051";4;0;2;0;442;109
0;5;"178,50767583006069";1;0;0;0;442;110
7;157;"246,73895961024675";53;7;39;1;442;111
6;83;"262,89949637325395";27;6;19;0;442;112
0;24;"459,24225028702642";2;0;0;0;442;113
22;162;"718,21244901578291";71;22;1;0;442;114
-3;55;"787,28886344116802";22;1;4;2;442;115
38;646;"559,60290716309044";160;38;5;2;442;116
15;629;"738,69641808573101";160;15;32;1;442;117
6;118;"518,11196487376515";23;6;7;0;442;118
3;91;"772,95506667799202";20;3;6;0;442;119
0;23;"421,78617274894555";10;0;3;0;442;120
26;423;"476,87225911186772";149;26;14;0;442;121
24;169;"405,2757793764988";48;24;8;0;442;122
31;546;"574,73079230744941";149;31;9;1;442;123
6;67;"530,81920456346063";19;6;9;0;442;124
2;38;"197,44362464927778";14;2;2;0;442;125
66;935;"438,75085051969688";225;66;92;2;442;126
11;159;"542,99569701523114";41;11;6;0;442;127
1;8;"180,46469659372886";2;1;4;0;442;128
29;344;"497,07391084459215";99;29;26;0;442;129
0;13;"185,29076396807298";1;0;3;0;442;130
1;36;"713,86079714455684";10;1;1;0;442;131
1;4;"280,1120448179272";0;1;0;0;442;132
1;15;"272,43007628042136";2;1;0;0;442;133
8;109;"353,6894022973587";13;8;4;1;442;134
0;5;"742,94205052005941";0;0;0;0;442;135
2;51;"666,31826495949826";15;2;4;0;442;136
0;2;"93,589143659335519";1;0;0;0;442;137
0;17;"439,39002326182475";3;0;0;0;442;138
0;15;"867,55349913244652";2;0;3;0;442;139
0;23;"1142,5732737208148";10;0;1;0;442;140
0;97;"1203,1753907219052";20;0;6;0;442;141
10;19;"339,89266547406083";11;10;4;0;442;142
22;96;"1382,8867761452032";30;22;0;0;442;143
0;10;"364,83035388544329";4;0;0;0;442;144
0;1;"125,62814070351759";0;0;0;0;442;145
2;40;"240,8912978018669";12;2;0;0;442;146
0;0;"0";0;0;0;0;442;147
4;54;"445,0304928300643";16;4;2;0;442;148
0;1;"72,516316171138513";0;0;1;0;442;149
4;27;NA;9;4;1;0;442;150
36;896;"274,81374927539343";257;36;60;4;442;151
3;23;"171,87266477357645";10;3;0;0;442;152
0;0;"0";0;0;0;0;442;153
12;67;"351,79837227618799";36;12;5;1;442;154
0;4;"80,596413459601052";0;0;0;1;442;155
1;81;"398,09308497567207";25;1;2;0;442;156
0;4;"168,70518768452129";1;0;0;0;442;157
3;14;"180,24977468778164";3;3;0;0;442;158
0;1;"21,668472372697725";0;0;0;0;442;159
1;2;"88,731144631765744";1;1;0;0;442;160
0;26;"790,51383399209487";8;0;0;0;442;161
1;10;"103,61620557455186";1;1;3;0;442;162
0;9;"1351,3513513513512";2;0;0;0;442;163
0;7;"507,61421319796955";0;0;0;0;442;164
1;4;"96,758587324625054";2;1;0;0;442;165
4;105;"245,71174502141201";30;4;10;0;442;166
0;20;"672,04301075268813";6;0;0;0;442;167
0;3;"67,159167226326389";0;0;1;0;442;168
0;5;"129,66804979253112";0;0;0;0;442;169
4;105;"461,76173094683145";36;4;3;0;442;170
0;3;"154,40041173443129";0;0;0;0;442;171
0;7;"189,13807079167793";2;0;1;1;442;172
0;1;"18,72308556450103";1;0;1;1;442;173
0;1;"68,25938566552901";0;0;0;0;442;174
11;72;"321,9028032369115";34;11;0;0;442;175
9;48;"160,30457869952912";27;9;0;0;442;176
0;7;"92,973834506574576";1;0;2;0;442;177
1;17;"171,75186906445748";6;1;2;0;442;178
0;14;"303,42436064152577";0;0;2;0;442;179
0;6;"944,88188976377955";0;0;0;0;442;180
0;7;"169,20473773265653";3;0;0;0;442;181
0;16;"201,71457387796269";9;0;0;0;442;182
0;17;"232,24043715846994";1;0;0;0;442;183
0;2;"68,422853232979818";0;0;2;0;442;184
1;27;"191,77498401875133";7;1;1;1;442;185
0;8;"183,36007334402933";0;0;0;0;442;186
0;0;"0";0;0;0;0;442;187
0;16;"163,83370878558264";1;0;1;0;442;188
0;0;"0";0;0;0;0;442;189
0;7;"156,25";3;0;0;0;442;190
0;13;"139,89023996556548";3;0;1;0;442;191
0;0;"0";0;0;0;0;442;192
0;36;"172,0183486238532";11;0;4;0;442;193
0;3;"106,57193605683837";1;0;0;0;442;194
0;5;"137,40038472107722";3;0;0;0;442;195
0;8;"109,31948619841486";2;0;0;0;442;196
0;1;"124,37810945273633";0;0;0;0;442;197
0;1;"89,445438282647586";0;0;0;0;442;198
0;3;"131,06159895150722";2;0;0;0;442;199
1;9;"127,35248337342578";3;1;0;0;442;200
1;17;"349,79423868312756";4;1;1;0;442;201
0;1;"161,03059581320451";0;0;0;0;442;202
0;2;"62,5";1;0;0;0;442;203
0;0;"0";0;0;0;1;442;204
0;1;"65,359477124183002";0;0;0;0;442;205
0;6;"185,47140649149924";1;0;24;0;442;206
0;4;"136,93940431359124";1;0;1;0;442;207
0;1;"150,60240963855421";0;0;0;0;442;208
0;2;"135,96193065941537";0;0;0;0;442;209
0;6;"1639,344262295082";1;0;0;0;442;210
0;2;"83,542188805346697";0;0;0;0;442;211
0;0;"0";0;0;0;0;442;212
0;0;"0";0;0;0;0;442;213
0;8;"177,7382803821373";3;0;0;0;442;214
0;0;"0";0;0;0;0;442;215
0;0;"0";0;0;0;0;442;216
2;21;"313,10571045176681";4;2;62;0;442;217
0;11;"742,24021592442648";5;0;0;0;442;218
1;14;"132,56320424202252";3;1;9;1;442;219
3;50;"290,63008602650547";14;3;0;0;442;220
0;1;"134,58950201884252";0;0;0;0;442;221
0;1;"96,15384615384616";0;0;0;0;442;222
0;3;"862,06896551724139";2;0;0;0;442;223
0;1;"11,532695190866106";1;0;0;0;442;224
0;3;"207,18232044198896";0;0;0;0;442;225
0;4;"394,0886699507389";3;0;0;0;442;226
0;0;"0";0;0;0;0;442;227
0;11;"437,02820818434645";3;0;0;0;442;228
0;6;NA;1;0;0;0;442;229
0;0;"0";0;0;0;0;442;230
2;11;"149,59880320957433";4;2;0;0;442;231
0;0;"0";0;0;0;0;442;232
3;44;"169,70725498515063";10;3;3;0;442;233
0;1;"103,19917440660474";0;0;0;0;442;234
0;0;"0";0;0;0;0;442;235
0;0;"0";0;0;0;0;442;236
0;7;"2508,9605734767024";0;0;0;0;442;237
0;2;"136,51877133105802";1;0;0;0;442;238
0;0;"0";0;0;0;0;442;239
0;0;"0";0;0;0;0;442;240
0;0;"0";0;0;0;0;442;241
0;0;"0";0;0;0;0;442;242
0;1;"94,966761633428305";0;0;0;0;442;243
1;17;"327,55298651252406";6;1;0;0;442;244
0;0;"0";0;0;0;0;442;245
0;0;"0";0;0;0;0;442;246
0;0;"0";0;0;0;0;442;247
0;5;"141,64305949008499";1;0;0;0;442;248
0;0;"0";0;0;0;0;442;249
0;0;"0";0;0;0;0;442;250
0;0;"0";0;0;0;0;442;251
2;9;"324,6753246753247";1;2;0;0;442;252
9;144;"246,32227163872733";58;9;5;1;442;253
0;1;"219,78021978021977";1;0;0;0;442;254
0;1;"93,28358208955224";0;0;0;0;442;255
0;2;"34,57814661134163";0;0;0;0;442;256
0;0;"0";0;0;0;0;442;257
0;0;"0";0;0;0;0;442;258
0;0;"0";0;0;0;0;442;259
0;2;"543,47826086956525";0;0;0;0;442;260
0;0;"0";0;0;0;0;442;261
1;36;"287,70079117717574";12;1;2;0;442;262
0;0;"0";0;0;0;0;442;263
0;0;"0";0;0;1;0;442;264
0;1;"149,25373134328359";0;0;0;0;442;265
0;5;"178,826895565093";3;0;0;0;442;266
0;0;"0";0;0;0;0;442;267
0;0;"0";0;0;0;0;442;268
0;0;"0";0;0;0;0;442;269
2;7;"278,10885975367501";7;2;0;0;442;270
0;0;"0";0;0;0;0;442;271
1;18;"622,83737024221455";7;1;1;0;442;272
0;2;"351,49384885764499";1;0;1;0;442;273
0;0;"0";0;0;0;0;442;274
3;10;"1587,3015873015872";5;3;0;0;442;275
0;0;"0";0;0;0;0;442;276
0;2;"344,82758620689657";2;0;0;0;442;277
0;65;"318,15956926089086";20;0;1;0;442;278
0;0;"0";0;0;0;0;442;279
0;17;"513,59516616314204";10;0;0;0;442;280
0;12;"530,97345132743362";1;0;0;0;442;281
0;5;"748,50299401197606";3;0;0;0;442;282
0;19;"472,51927381248447";3;0;2;0;442;283
0;11;"832,70249810749431";3;0;0;0;442;284
0;10;"495,04950495049508";2;0;0;0;442;285
0;0;"0";0;0;0;0;442;286
0;1;"54,229934924078094";0;0;0;0;442;287
0;1;"101,83299389002036";1;0;0;0;442;288
1;8;"458,71559633027522";4;1;0;0;442;289
0;11;"268,88291371302859";3;0;0;0;442;290
0;0;"0";0;0;0;0;442;291
0;0;"0";0;0;0;0;442;292
0;0;"0";0;0;0;0;442;293
0;0;"0";0;0;0;0;442;294
0;0;"0";0;0;0;0;442;295
0;8;"817,99591002044986";2;0;0;0;442;296
0;3;"319,4888178913738";0;0;0;0;442;297
0;17;"1587,3015873015872";0;0;0;0;442;298
0;0;"0";0;0;0;0;442;299
0;0;"0";0;0;0;0;442;300
11;134;"726,83879366456927";58;11;0;1;442;301
0;1;"249,37655860349128";1;0;0;0;442;302
0;0;"0";0;0;0;0;442;303
2;81;"1125,7817929117443";18;2;5;0;442;304
0;0;"0";0;0;1;0;442;305
0;1;"177,3049645390071";0;0;0;0;442;306
1;1;"322,58064516129031";1;1;0;0;442;307
0;1;"241,54589371980677";0;0;0;0;442;308
0;0;"0";0;0;0;0;442;309
0;14;"1181,4345991561181";7;0;0;0;442;310
0;6;"527,24077328646752";1;-1;0;-1;442;311
0;2;"171,37960582690661";0;0;0;0;442;312
0;0;"0";0;0;0;0;442;313
0;8;"357,4620196604111";0;0;0;0;442;314
0;13;"563,74674761491758";3;0;0;0;442;315
0;4;"190,02375296912115";1;0;0;0;442;316
0;0;"0";0;0;0;0;442;317
1;25;"982,70440251572325";12;1;1;0;442;318
0;2;"204,08163265306123";0;0;0;0;442;319
57;793;"339,39943847154694";259;57;29;1;442;320
1;3;"159,4048884165781";1;1;0;0;442;321
1;16;"415,26083571243186";7;1;0;0;442;322
0;0;"0";0;0;0;0;442;323
10;85;"448,26495095454067";34;10;1;0;442;324
0;1;"124,68827930174564";0;0;0;0;442;325
0;25;"455,53935860058311";7;0;2;0;442;326
0;3;"121,60518848804216";0;0;5;0;442;327
2;16;"272,71177773990115";12;2;0;0;442;328
0;30;"315,49058786412871";9;0;1;0;442;329
1;1;"153,13935681470139";1;1;0;0;442;330
0;62;"254,72473294987674";9;0;2;0;442;331
2;91;"479,957805907173";35;2;2;0;442;332
0;7;"664,13662239089183";5;0;1;0;442;333
0;0;"0";0;0;0;0;442;334
1;13;"249,75984630163305";3;1;0;0;442;335
0;3;"470,2194357366771";0;0;0;0;442;336
0;1;"81,366965012205043";0;0;1;0;442;337
1;19;"233,04305163743408";7;1;0;0;442;338
3;14;"252,16138328530261";3;3;1;0;442;339
0;0;"0";0;0;0;0;442;340
0;37;"235,83402383835809";6;0;3;0;442;341
1;7;"204,97803806734993";1;1;0;0;442;342
3;6;"298,95366218236171";5;3;0;0;442;343
1;3;"230,41474654377879";2;1;2;0;442;344
0;16;"212,0047701073274";4;0;0;0;442;345
0;3;"436,04651162790697";0;0;0;0;442;346
0;6;"230,76923076923077";2;0;0;0;442;347
2;2;"95,602294455066925";2;2;0;0;442;348
4;12;"1366,7425968109339";6;4;0;0;442;349
0;0;"0";0;0;0;0;442;350
1;4;"56,250878919983123";2;1;0;0;442;351
0;3;"379,26675094816687";0;0;0;0;442;352
0;1;"179,85611510791367";1;0;0;0;442;353
1;28;"638,68613138686135";11;1;1;0;442;354
5;56;"259,94522582741496";23;5;5;0;442;355
0;0;"0";0;0;0;0;442;356
1;11;"186,15671010323237";2;1;0;0;442;357
0;1;"53,418803418803421";1;0;1;0;442;358
0;2;"70,003500175008753";1;0;1;0;442;359
2;11;"416,66666666666669";4;2;1;0;442;360
4;34;"326,95451485719781";11;4;0;0;442;361
1;24;"199,41836310760283";3;1;0;0;442;362
3;12;"119,22503725782414";4;3;3;0;442;363
1;20;"390,625";6;1;4;0;442;364
0;0;"0";0;0;0;0;442;365
0;0;"0";0;0;0;0;442;366
0;18;"512,38257899231428";4;0;0;1;442;367
0;6;"278,29313543599255";1;0;0;0;442;368
5;109;"533,8165434154464";47;6;2;0;442;369
0;8;"448,4304932735426";1;0;0;0;442;370
2;70;"313,81691024836368";28;2;4;0;442;371
0;8;"220,87244616234125";2;0;1;0;442;372
1;11;"137,37979268140379";6;1;0;0;442;373
0;11;"207,03933747412009";3;0;0;0;442;374
0;4;"189,57345971563981";2;0;0;0;442;375
2;6;"531,44375553587247";4;2;1;0;442;376
6;7;"224,57491177414181";6;6;0;0;442;377
0;0;"0";0;0;0;0;442;378
2;2;"193,05019305019306";2;2;0;0;442;379
0;43;"299,69333705046";18;0;1;0;442;380
1;25;"358,06359209395589";6;1;0;0;442;381
0;14;"161,03059581320451";3;0;2;0;442;382
4;38;"330,66481030281938";18;4;3;0;442;383
0;0;"0";0;0;0;0;442;384
0;0;"0";0;0;0;0;442;385
1;35;"353,74974732160905";11;1;2;0;442;386
0;2;"181,32366273798732";0;0;0;0;442;387
1;27;"493,96267837541166";10;1;0;0;442;388
0;4;"422,38648363252378";1;0;0;0;442;389
0;5;"190,76688286913392";1;0;0;0;442;390
0;0;"0";0;0;0;0;442;391
2;39;"256,20811982656681";8;2;1;0;442;392
0;1;"139,66480446927375";1;0;0;0;442;393
0;1;"48,402710551790904";1;0;0;0;442;394
0;0;"0";0;0;1;0;442;395
1;51;"446,11616515045489";19;1;1;0;442;396
0;1;"152,20700152207002";1;0;0;0;442;397
0;0;"0";0;0;0;0;442;398
2;7;"346,36318654131617";3;2;0;0;442;399
0;4;"402,81973816717021";2;0;0;0;442;400
0;4;"188,67924528301887";0;0;0;0;442;401
0;0;"0";0;0;0;0;442;402
7;67;"346,61148473874806";26;7;3;0;442;403
1;9;NA;1;1;1;0;442;404
0;3;"395,25691699604744";1;0;0;0;442;405
0;6;"335,57046979865771";1;0;0;0;442;406
0;15;"181,70805572380377";3;0;1;0;442;407
0;0;"0";0;0;0;0;442;408
0;3;"990,09900990099015";0;0;0;0;442;409
0;2;"72,25433526011561";0;0;3;0;442;410
0;0;"0";0;0;0;0;442;411
0;0;"0";0;0;0;0;442;412
0;0;"0";0;0;0;0;442;413
0;0;"0";0;0;0;0;442;414
0;3;"128,92135797163729";0;0;0;0;442;415
0;0;"0";0;0;0;0;442;416
0;3;"65,189048239895698";0;0;0;0;442;417
0;0;"0";0;0;0;0;442;418
0;0;"0";0;0;0;0;442;419
0;2;"531,91489361702122";2;0;0;0;442;420
0;0;"0";0;0;0;0;442;421
0;0;"0";0;0;2;0;442;422
0;0;"0";0;0;0;0;442;423
0;2;"144,71780028943559";0;0;0;0;442;424
0;0;"0";0;0;0;0;442;425
0;1;"77,459333849728893";1;0;0;0;442;426
0;0;"0";0;0;0;0;442;427
0;0;"0";0;0;0;0;442;428
0;0;"0";0;0;0;0;442;429
0;0;"0";0;0;0;0;442;430
0;3;"78,698845750262336";2;0;2;0;442;431
0;0;"0";0;0;0;0;442;432
0;6;"116,07661056297157";4;0;0;0;442;433
0;0;"0";0;0;0;0;442;434
0;0;"0";0;0;0;0;442;435
0;0;"0";0;0;0;0;442;436
0;0;"0";0;0;0;0;442;437
0;15;"117,64705882352941";5;0;3;0;442;438
0;4;"130,97576948264572";1;0;0;0;442;439
0;2;"159,6169193934557";0;0;0;0;442;440
6;99;"403,96621373485129";43;7;2;0;442;441
0;20;"460,72333563695003";2;0;0;0;442;442
-1;63;"437,89532216584416";20;-1;-1;1;442;443
-1;18;"297,02970297029702";2;-1;0;0;442;444
0;6;"262,35242675994755";4;0;0;0;442;445
2;28;"219,83198555389808";11;2;0;0;442;446
0;4;"122,66176019625881";0;0;0;1;442;447
0;5;"236,07176581680832";3;0;0;0;442;448
2;60;"274,38606118809162";19;2;5;0;442;449
0;3;"72,886297376093296";1;0;0;0;442;450
-2;31;"287,0104619942598";6;-2;4;0;442;451
0;39;"332,14103219213081";7;0;0;1;442;452
0;1;"28,926815157651141";0;0;0;0;442;453
1;34;"428,26552462526769";12;1;0;0;442;454
1;6;"159,53203935123636";2;1;0;0;442;455
1;18;"191,26554032515142";4;1;0;0;442;456
2;17;"216,22996692953447";3;2;1;0;442;457
0;14;"415,92394533571002";2;0;8;0;442;458
0;3;"135,68521031207598";0;0;0;0;442;459
4;51;"237,49650740430289";13;4;2;0;442;460
0;1;"119,04761904761905";0;0;0;0;442;461
0;3;"76,277650648360037";0;0;0;1;442;462
-2;96;"454,89006823351025";15;-2;5;0;442;463
0;1;"141,64305949008499";0;0;0;0;442;464
14;64;"318,67748842304434";37;14;3;0;442;465
0;0;"0";0;0;0;0;442;466
30;453;"314,93982772165714";169;29;24;0;442;467
5;137;"640,3963913429626";28;5;30;1;442;468
4;136;"487,80487804878049";52;4;3;1;442;469
0;4;"344,23407917383821";0;0;0;0;442;470
0;10;"323,41526520051747";1;0;0;0;442;471
0;48;"312,6017583848909";10;0;1;0;442;472
0;2;"325,73289902280129";0;0;0;0;442;473
0;0;"0";0;0;0;0;442;474
0;0;"0";0;0;0;0;442;475
0;30;"1039,8613518197574";2;0;0;0;442;476
0;0;"0";0;0;0;0;442;477
-1;15;"530,97345132743362";5;-1;0;0;442;478
3;55;NA;15;3;7;0;442;479
7;86;"396,14906260076464";32;8;10;1;442;480
2;19;"181,24582657636174";10;2;-3;0;442;481
1;25;"617,43640405038286";8;1;10;0;442;482
0;4;"252,36593059936908";2;0;1;0;442;483
3;16;"526,66227781435157";11;3;2;0;442;484
0;1;"162,86644951140065";0;0;0;0;442;485
0;10;"273,82256297918951";1;1;0;0;442;486
0;47;"193,07398430760384";22;0;2;0;442;487
0;6;"97,465886939571149";0;0;0;0;442;488
0;1;"148,14814814814815";0;0;0;0;442;489
0;19;"139,37793427230048";5;0;1;0;442;490
0;1;"103,30578512396694";0;0;0;0;442;491
0;0;"0";0;0;0;0;442;492
0;5;"318,67431485022308";2;0;0;0;442;493
0;8;"448,93378226711559";1;0;0;0;442;494
1;10;"372,71710771524414";6;1;0;1;442;495
0;2;"114,22044545973729";0;0;0;0;442;496
0;0;"0";0;0;0;0;442;497
0;7;"871,73100871731003";1;0;4;0;442;498
0;0;"0";0;0;0;0;442;499
0;0;"0";0;0;0;0;442;500
0;16;"321,09171182018866";4;0;1;0;442;501
0;13;"226,32311977715878";4;0;2;0;442;502
25;264;"234,13180556417782";91;25;30;0;442;503
0;8;"244,57352491592786";0;0;0;0;442;504
0;3;"236,40661938534279";2;0;0;0;442;505
0;58;"512,00564971751407";14;0;4;0;442;506
0;29;"290,08702610783234";6;0;1;0;442;507
0;4;"207,03933747412009";1;0;0;0;442;508
0;2;"69,565217391304344";0;0;0;0;442;509
0;20;"141,42271248762552";4;0;17;0;442;510
0;2;"145,77259475218659";0;0;0;0;442;511
0;8;"217,45039412883935";1;0;8;0;442;512
1;12;"199,33554817275748";5;1;10;1;442;513
0;1;"23,266635644485806";0;0;1;0;442;514
0;0;"0";0;0;0;0;442;515
15;189;"516,1818926669398";72;15;2;1;442;516
1;10;"181,32366273798732";3;1;0;0;442;517
0;0;"0";0;0;0;0;442;518
0;0;"0";0;0;0;0;442;519
7;97;"552,76954638705263";39;7;5;0;442;520
0;4;"155,27950310559007";0;0;0;0;442;521
0;2;"338,40947546531305";1;0;0;0;442;522
3;32;"211,08179419525067";14;3;6;0;442;523
1;11;"334,14337788578371";2;1;3;0;442;524
0;0;"0";0;0;1;0;442;525
0;1;"105,93220338983051";0;0;0;0;442;526
0;20;"730,19350127783866";10;0;4;0;442;527
0;1;"49,578582052553294";0;0;0;0;442;528
0;0;"0";0;0;0;0;442;529
9;160;"278,97407284710476";60;9;17;0;442;530
2;16;"236,58139878752033";5;2;0;0;442;531
1;10;"592,06631142687979";5;1;0;0;442;532
0;6;"132,50883392226149";1;0;5;0;442;533
0;1;"112,35955056179775";0;0;0;0;442;534
1;8;"179,25162446784674";2;1;1;0;442;535
0;5;"455,37340619307832";1;0;1;0;442;536
0;11;"438,59649122807019";1;0;12;0;442;537
0;31;"703,10728056248581";18;0;1;0;442;538
0;2;"65,832784726793946";0;0;0;0;442;539
0;2;"87,450808919982506";1;0;4;0;442;540
0;7;"137,25490196078431";1;0;7;0;442;541
0;4;"151,9179642992784";3;0;0;0;442;542
0;12;"398,80358923230307";3;0;5;0;442;543
0;5;"1123,5955056179776";0;0;0;0;442;544
0;3;"165,38037486218303";0;0;0;1;442;545
0;41;"557,67138193688788";18;0;1;0;442;546
0;7;"496,45390070921985";1;0;0;0;442;547
0;0;"0";0;0;0;0;442;548
0;0;"0";0;0;0;0;442;549
0;0;"0";0;0;2;0;442;550
0;0;"0";0;0;0;0;442;551
0;3;"106,11956137247967";1;0;0;0;442;552
0;38;"240,64340447090115";8;0;28;2;442;553
0;1;"53,219797764768494";1;0;0;0;442;554
0;0;"0";0;0;0;0;442;555
3;27;"232,07839092315626";7;3;9;0;442;556
0;1;"210,9704641350211";0;0;0;0;442;557
0;1;"121,95121951219512";1;0;0;0;442;558
0;1;"55,83472920156337";0;0;1;0;442;559
0;9;"171,75572519083968";1;0;6;0;442;560
1;10;"211,37180300147961";2;1;2;0;442;561
0;1;"46,317739694302915";0;0;1;0;442;562
0;6;"268,57654431512981";1;0;1;0;442;563
0;19;"365,66589684372593";3;0;0;0;442;564
0;5;"141,60294534126311";1;0;2;1;442;565
0;24;"617,60164693772515";5;0;0;0;442;566
0;3;"103,05736860185503";1;0;0;0;442;567
1;4;"187,88163457022077";2;1;1;0;442;568
0;2;"110,92623405435386";1;0;4;0;442;569
0;3;"135,13513513513513";1;0;0;0;442;570
7;48;"664,63583494876764";14;7;1;0;442;571
0;0;"0";0;0;0;0;442;572
5;122;"355,38466019983105";40;5;19;0;442;573
1;20;"187,38873793684999";1;1;3;0;442;574
0;39;"482,79277048774452";13;0;3;0;442;575
0;0;"0";0;0;0;0;442;576
0;4;NA;2;0;0;0;442;577
1;2;"87,757788503729699";2;1;1;0;442;578
0;1;"93,896713615023472";1;0;0;0;442;579
0;0;"0";0;0;0;0;442;580
1;16;"244,05125076266015";7;1;1;0;442;581
1;2;"110,0715465052284";1;1;1;0;442;582
0;4;"1038,9610389610389";3;0;1;0;442;583
0;5;"424,8088360237893";2;0;0;0;442;584
0;1;"65,146579804560261";0;0;0;0;442;585
-1;3;"98,489822718319104";1;-1;3;0;442;586
0;2;"216,91973969631238";1;0;1;0;442;587
0;3;"178,57142857142858";3;0;0;0;442;588
-1;3;"395,25691699604744";2;-1;0;0;442;589
0;5;"137,77900248002206";1;0;1;0;442;590
1;11;"322,67527134056905";4;1;0;0;442;591
0;0;"0";0;0;1;0;442;592
0;3;"75,623897151499875";3;0;0;0;442;593
0;1;"162,33766233766235";1;0;0;0;442;594
0;1;"32,65839320705421";0;0;0;0;442;595
0;0;"0";0;0;0;0;442;596
1;20;"94,589481649640561";5;1;1;0;442;597
0;11;"356,10229847847199";7;0;1;0;442;598
0;7;"257,0694087403599";1;0;0;0;442;599
0;0;"0";0;0;0;0;442;600
0;2;"127,55102040816327";0;0;0;0;442;601
0;0;"0";0;0;0;0;442;602
0;11;"61,305244384996932";4;0;4;1;442;603
21;177;"214,89710435257695";83;22;32;4;442;604
0;2;"97,323600973236012";2;0;0;0;442;605
5;23;"296,85080020650491";12;5;3;0;442;606
13;269;"389,04315631146591";72;13;9;0;442;607
0;29;"421,32790934185675";13;0;1;0;442;608
32;533;"758,9565415503788";156;32;21;0;442;609
32;334;"403,20146794306891";133;32;22;3;442;610
0;5;"334,67202141900935";1;0;0;0;442;611
15;105;"638,72498327148855";30;15;12;0;442;612
62;982;"665,16293782555385";354;62;51;0;442;613
34;384;"449,6645081208942";134;34;17;0;442;614
0;21;"550,31446540880506";7;0;0;0;442;615
36;212;"306,50897839979183";87;36;11;0;442;616
1;20;"371,26415444588827";8;1;6;0;442;617
0;6;"308,16640986132512";0;0;5;0;442;618
5;165;"399,34169127256888";70;5;6;0;442;619
0;12;"146,91478942213516";5;0;1;0;442;620
0;22;"262,31071896983428";8;0;3;0;442;621
0;21;"1285,9767299448868";3;0;0;0;442;622
0;1;"72,992700729927009";0;0;0;0;442;623
0;14;"388,78089419605664";4;0;2;0;442;624
0;0;"0";0;0;0;0;442;625
0;3;"90,99181073703366";2;0;0;0;442;626
0;11;"208,49128127369218";4;0;3;0;442;627
0;0;"0";0;0;1;0;442;628
0;18;"480,76923076923077";2;0;3;0;442;629
0;4;"159,87210231814549";1;0;1;0;442;630
0;12;"289,2960462873674";3;0;0;0;442;631
0;1;"30,413625304136254";0;0;0;0;442;632
0;4;"273,97260273972603";1;0;0;0;442;633
0;8;"237,95359904818559";3;0;0;0;442;634
0;44;"828,93745290128106";13;0;3;0;442;635
4;5;"131,85654008438817";5;4;0;0;442;636
0;0;"0";0;0;0;0;442;637
117;2163;"373,92386681879475";663;117;179;10;442;638
0;0;"0";0;0;2;0;442;639
8;92;"188,64829396325459";34;8;4;1;442;640
0;1;"135,68521031207598";1;0;0;0;442;641
0;6;"737,10073710073709";0;0;1;0;442;642
0;0;"0";0;0;0;0;442;643
0;16;"391,96472317491424";4;0;4;0;442;644
0;0;"0";0;0;0;0;442;645
0;0;"0";0;0;0;0;442;646
0;0;"0";0;0;0;0;442;647
1;26;"1789,4012388162423";5;1;2;0;442;648
1;1;"224,2152466367713";1;1;0;0;442;649
0;5;"279,01785714285717";1;0;3;0;442;650
0;1;"413,22314049586777";0;0;1;0;442;651
2;22;"717,78140293637841";6;2;5;0;442;652
0;1;"62,61740763932373";0;0;1;0;442;653
0;1;"383,14176245210729";0;0;1;0;442;654
1;12;"755,19194461925736";5;1;1;1;442;655
0;1;"254,45292620865141";0;0;0;0;442;656
0;2;"265,95744680851061";0;0;1;0;442;657
0;1;"263,85224274406335";0;0;1;0;442;658
0;2;"382,4091778202677";0;0;0;0;442;659
0;0;"0";0;0;0;0;442;660
0;0;"0";0;0;0;0;442;661
0;5;"526,87038988408847";0;0;-1;1;442;662
0;1;"418,41004184100416";0;0;0;0;442;663
0;0;"0";0;0;0;0;442;664
16;252;"747,10939816187374";77;16;70;2;442;665
0;5;"1037,344398340249";0;0;0;0;442;666
4;132;"320,62181199902841";26;4;16;0;442;667
1;47;"185,34584746431108";13;1;21;0;442;668
1;31;"236,42464917632702";2;1;8;0;442;669
0;10;"485,20135856380398";6;0;1;0;442;670
0;1;"39,904229848363926";1;0;0;0;442;671
0;0;"0";0;0;0;0;442;672
7;99;"370,25955568853317";32;7;6;0;442;673
0;2;"79,554494828957843";0;0;0;0;442;674
11;85;"374,8952498566577";18;11;26;0;442;675
1;6;"263,15789473684208";1;1;2;0;442;676
1;7;"259,54764553207269";4;1;3;0;442;677
1;39;"412,96060991105463";12;1;0;0;442;678
0;1;"46,816479400749067";0;0;0;0;442;679
0;5;"174,27675148135239";1;0;0;0;442;680
-1;19;NA;5;-1;1;2;442;681
0;3;"93,720712277413313";0;0;0;0;442;682
1;9;"145,748987854251";2;1;1;0;442;683
0;9;"196,1639058413252";3;0;0;0;442;684
-1;1;"16,43925694558606";0;-1;0;0;442;685
0;14;"193,8521185267239";2;0;0;0;442;686
0;27;"247,00393376635259";5;0;0;0;442;687
8;87;"392,24526600541026";33;8;2;0;442;688
7;130;"471,69811320754718";49;7;5;0;442;689
0;0;"0";0;0;0;0;442;690
0;4;"141,1930815390046";1;0;0;0;442;691
1;39;"222,65357387531401";9;1;-1;0;442;692
0;1;"156,25";0;0;0;0;442;693
-1;4;"179,93702204228521";3;-1;0;0;442;694
2;136;"440,01552995988095";31;2;1;0;442;695
2;30;"189,58543983822042";12;2;3;0;442;696
2;16;"156,97046993034436";6;2;1;0;442;697
1;33;"245,75513851653261";9;1;3;0;442;698
0;2;"50,492299924261552";0;0;0;0;442;699
0;4;"130,718954248366";1;0;0;0;442;700
6;44;"755,36480686695279";23;6;0;0;442;701
0;98;"210,50370529481259";38;0;3;0;442;702
2;17;"179,59011197971688";11;2;0;0;442;703
0;5;"56,54189754608165";0;0;0;0;442;704
0;44;"315,36697247706422";18;0;0;0;442;705
3;42;"352,34899328859058";13;3;0;1;442;706
1;11;"197,69949676491731";5;1;0;0;442;707
1;81;"372,0033066960595";29;1;7;0;442;708
3;27;"193,64555691027755";10;3;2;0;442;709
0;13;"152,26048254860623";0;0;7;0;442;710
1;59;"231,78157532901199";24;1;1;0;442;711
2;10;"111,11111111111111";5;2;1;0;442;712
0;33;"424,38271604938274";10;0;1;0;442;713
0;25;"558,40964931874021";7;0;0;0;442;714
0;35;"531,02715824609311";14;0;0;0;442;715
124;2202;"318,48653808604342";697;124;71;5;442;716
0;1;"49,140049140049143";1;0;1;0;442;717
0;3;"239,42537909018355";0;0;4;0;442;718
0;2;"64,956154595647931";0;0;0;0;442;719
0;1;"30,075187969924812";0;0;0;0;442;720
2;11;"202,61558298029104";6;2;3;0;442;721
-1;25;"634,84002031488069";11;-1;7;1;442;722
1;43;"107,788333792896";18;1;23;1;442;723
6;45;"360,08642074097781";29;6;7;0;442;724
0;6;"83,892617449664428";1;0;0;0;442;725
0;1;"26,831231553528308";0;0;9;0;442;726
2;11;"170,17326732673268";7;2;2;0;442;727
0;5;"130,00520020800832";1;0;3;0;442;728
0;0;"0";0;0;0;0;442;729
0;2;"43,6871996505024";1;0;2;0;442;730
4;46;"237,98437580837083";16;4;22;0;442;731
0;4;"154,32098765432099";0;0;1;0;442;732
0;3;"112,5703564727955";0;0;7;0;442;733
3;23;"130,52607684013392";10;3;14;0;442;734
1;12;"232,64831329972858";6;1;1;0;442;735
2;35;"320,16099524332236";12;2;9;0;442;736
0;7;"167,66467065868264";1;0;4;0;442;737
2;6;"178,09439002671417";4;2;1;0;442;738
0;21;"495,8677685950413";7;0;8;0;442;739
0;9;"825,6880733944954";4;0;1;0;442;740
0;8;"468,93317702227432";6;0;0;0;442;741
5;138;"1132,4470704086657";41;5;1;0;442;742
0;30;"896,32506722438006";10;0;0;0;442;743
7;127;"769,55705023329097";40;7;1;0;442;744
0;0;"0";0;0;0;0;442;745
-1;0;"0";0;-1;0;0;442;746
8;72;"575,9539236861051";29;8;0;0;442;747
0;12;"177,35737511084835";3;0;4;0;442;748
0;1;"86,281276962899057";1;0;1;0;442;749
2;55;"1050,0190912562045";22;2;0;0;442;750
5;59;"549,55290611028317";23;5;1;0;442;751
2;70;"242,7689533189984";14;2;1;1;442;752
0;9;"183,71096142069811";2;0;0;0;442;753
5;24;"1634,8773841961852";17;5;0;0;442;754
0;7;"149,44491887275834";4;0;0;0;442;755
0;8;"136,4256480218281";4;0;0;0;442;756
0;2;"255,7544757033248";0;0;0;0;442;757
1;7;"91,217096690122489";1;1;0;0;442;758
0;20;"766,87116564417181";6;0;0;0;442;759
10;122;"945,51654653956439";44;10;1;0;442;760
14;156;"837,35909822866347";67;14;0;0;442;761
0;0;"0";0;0;0;0;442;762
4;90;"379,77888429403328";33;4;2;0;442;763
0;0;"0";0;0;0;0;442;764
0;4;"199,10403185664509";0;0;0;0;442;765
0;1;"33,557046979865774";0;0;0;0;442;766
0;0;"0";0;0;0;0;442;767
21;285;"729,6093389995392";123;21;6;0;442;768
4;13;"944,08133623819901";9;4;0;-1;442;769
0;4;"671,14093959731542";2;0;0;0;442;770
0;1;"49,455984174085067";1;0;0;0;442;771
0;36;"379,5066413662239";8;0;0;0;442;772
2;11;"226,94450175366205";3;2;0;0;442;773
5;53;"675,84799795970412";17;5;1;0;442;774
0;69;"357,06892982819289";15;0;10;0;442;775
0;0;"0";0;0;0;0;442;776
8;319;"422,33196086478756";116;8;10;0;442;777
1;73;"373,72651410433627";15;1;1;0;442;778
4;43;"262,86832131067365";18;4;11;0;442;779
0;10;"807,75444264943462";0;0;0;0;442;780
1;27;"572,39771040915832";9;1;2;0;442;781
0;15;"173,29020332717189";0;0;4;0;442;782
27;508;"376,15697889670491";123;27;38;2;442;783
3;74;"268,32982812386683";29;3;4;0;442;784
1;35;"994,88345650938038";6;1;0;0;442;785
0;16;"226,85382106904862";9;0;0;1;442;786
2;91;"329,31639706148445";25;2;0;1;442;787
3;104;"269,79350420255264";19;3;13;1;442;788
0;3;"128,04097311139566";1;0;1;0;442;789
4;82;"1195,8582470468134";26;4;0;0;442;790
0;3;"115,16314779270634";0;0;1;0;442;791
15;232;"455,24116008005967";83;15;16;0;442;792
-1;33;NA;7;-1;0;0;442;793
